App,Rating,log_reviews,log_installs,Size_MB,Price_USD,is_paid,days_since_update,Category,Content Rating
Photo Editor & Candy Camera & Grid & ScrapBook,4.1,5.075173815233827,9.210440366976517,19.0,0.0,0,214,ART_AND_DESIGN,Everyone
"U Launcher Lite – FREE Live Cool Themes, Hide Apps",4.7,11.37951977873004,15.424948670398354,8.7,0.0,0,8,ART_AND_DESIGN,Everyone
Sketch - Draw & Paint,4.5,12.2813888160896,17.72753358339242,25.0,0.0,0,62,ART_AND_DESIGN,Teen
Pixel Draw - Number Art Coloring Book,4.3,6.875232087276577,11.51293546492023,2.8,0.0,0,50,ART_AND_DESIGN,Everyone
Paper flowers instructions,4.4,5.123963979403259,10.819798284210286,5.6,0.0,0,501,ART_AND_DESIGN,Everyone
Smoke Effect Photo Maker - Smoke Editor,3.8,5.187385805840755,10.819798284210286,19.0,0.0,0,105,ART_AND_DESIGN,Everyone
Infinite Painter,4.1,10.513687812275148,13.815511557963774,29.0,0.0,0,56,ART_AND_DESIGN,Everyone
Garden Coloring Book,4.4,9.531843992903474,13.815511557963774,33.0,0.0,0,323,ART_AND_DESIGN,Everyone
Kids Paint Free - Drawing Fun,4.7,4.804021044733257,9.210440366976517,3.1,0.0,0,37,ART_AND_DESIGN,Everyone
Text on Photo - Fonteee,4.4,9.53827627757511,13.815511557963774,28.0,0.0,0,286,ART_AND_DESIGN,Everyone
Name Art Photo Editor - Focus n Filters,4.4,9.081256218564645,13.815511557963774,12.0,0.0,0,9,ART_AND_DESIGN,Everyone
Tattoo Name On My Photo Editor,4.2,10.710632837149484,16.118095750958314,20.0,0.0,0,129,ART_AND_DESIGN,Teen
Mandala Coloring Book,4.6,8.372629740224884,11.51293546492023,21.0,0.0,0,44,ART_AND_DESIGN,Everyone
3D Color Pixel by Number - Sandbox Art Coloring,4.4,7.325807502595773,11.51293546492023,37.0,0.0,0,6,ART_AND_DESIGN,Everyone
Learn To Draw Kawaii Characters,3.2,4.02535169073515,8.517393171418904,2.7,0.0,0,64,ART_AND_DESIGN,Everyone
Photo Designer - Write your name with shapes,4.7,8.197814032221203,13.122365377402328,5.5,0.0,0,9,ART_AND_DESIGN,Everyone
350 Diy Room Decor Ideas,4.5,3.332204510175204,9.210440366976517,17.0,0.0,0,275,ART_AND_DESIGN,Everyone
FlipaClip - Cartoon animation,4.3,12.17673136962806,15.424948670398354,39.0,0.0,0,6,ART_AND_DESIGN,Everyone
ibis Paint X,4.6,12.321185452630678,16.118095750958314,31.0,0.0,0,10,ART_AND_DESIGN,Everyone
Logo Maker - Small Business,4.0,6.111467339502679,11.51293546492023,14.0,0.0,0,111,ART_AND_DESIGN,Everyone
Boys Photo Editor - Six Pack & Men's Suit,4.1,6.484635235635252,11.51293546492023,12.0,0.0,0,142,ART_AND_DESIGN,Everyone
Superheroes Wallpapers | 4K Backgrounds,4.7,8.948975607841776,13.122365377402328,4.2,0.0,0,28,ART_AND_DESIGN,Everyone 10+
HD Mickey Minnie Wallpapers,4.7,4.77912349311153,10.819798284210286,23.0,0.0,0,33,ART_AND_DESIGN,Everyone
Harley Quinn wallpapers HD,4.8,5.262690188904886,9.210440366976517,6.0,0.0,0,106,ART_AND_DESIGN,Everyone
Colorfit - Drawing & Coloring,4.7,9.91645313492615,13.122365377402328,25.0,0.0,0,302,ART_AND_DESIGN,Everyone
Animated Photo Editor,4.1,5.318119993844216,11.51293546492023,6.1,0.0,0,141,ART_AND_DESIGN,Everyone
Pencil Sketch Drawing,3.9,4.919980925828125,9.210440366976517,4.6,0.0,0,28,ART_AND_DESIGN,Everyone
Easy Realistic Drawing Tutorial,4.1,5.4116460518550396,11.51293546492023,4.2,0.0,0,352,ART_AND_DESIGN,Everyone
Pink Silver Bow Keyboard Theme,4.2,7.02197642307216,11.51293546492023,9.2,0.0,0,28,ART_AND_DESIGN,Everyone
Art Drawing Ideas,4.1,5.429345628954441,10.819798284210286,5.2,0.0,0,70,ART_AND_DESIGN,Everyone
Anime Manga Coloring Book,4.5,8.524367395164237,11.51293546492023,11.0,0.0,0,21,ART_AND_DESIGN,Everyone
Easy Origami Ideas,4.2,6.923628628138427,11.51293546492023,11.0,0.0,0,215,ART_AND_DESIGN,Everyone
I Creative Idea,4.7,5.869296913133774,9.210440366976517,4.2,0.0,0,104,ART_AND_DESIGN,Teen
How to draw Ladybug and Cat Noir,3.8,6.336825731146441,11.51293546492023,9.2,0.0,0,29,ART_AND_DESIGN,Everyone
Floor Plan Creator,4.1,10.508895818788067,15.424948670398354,,0.0,0,26,ART_AND_DESIGN,Everyone
PIP Camera - PIP Collage Maker,4.7,5.0689042022202315,9.210440366976517,11.0,0.0,0,253,ART_AND_DESIGN,Everyone
How To Color Disney Princess - Coloring Pages,4.0,6.3835066348840055,13.122365377402328,9.4,0.0,0,131,ART_AND_DESIGN,Everyone
Drawing Clothes Fashion Ideas,4.2,4.770684624465665,9.210440366976517,15.0,0.0,0,20,ART_AND_DESIGN,Everyone
Sad Poetry Photo Frames 2018,4.5,5.176149732573829,11.51293546492023,10.0,0.0,0,129,ART_AND_DESIGN,Everyone
Paint Splash!,3.8,7.699389406256737,11.51293546492023,1.2,0.0,0,116,ART_AND_DESIGN,Everyone
Popsicle Sticks and Similar DIY Craft Ideas,4.2,3.295836866004329,9.210440366976517,12.0,0.0,0,218,ART_AND_DESIGN,Everyone
"Canva: Poster, banner, card maker & graphic design",4.7,12.069863384901188,16.118095750958314,24.0,0.0,0,9,ART_AND_DESIGN,Everyone
Install images with music to make video without Net - 2018,4.6,6.976348070447749,11.51293546492023,26.0,0.0,0,268,ART_AND_DESIGN,Everyone
Little Teddy Bear Colouring Book Game,4.2,4.454347296253507,11.51293546492023,8.0,0.0,0,235,ART_AND_DESIGN,Everyone
How To Draw Food,4.3,6.740519359606223,11.51293546492023,7.9,0.0,0,73,ART_AND_DESIGN,Everyone
Monster Truck Stunt 3D 2019,4.2,5.908082938168931,11.51293546492023,25.0,0.0,0,91,AUTO_AND_VEHICLES,Everyone
Real Tractor Farming,4.0,7.377133712833954,13.815511557963774,56.0,0.0,0,14,AUTO_AND_VEHICLES,Everyone
Ultimate F1 Racing Championship,3.8,5.652489180268651,11.51293546492023,57.0,0.0,0,14,AUTO_AND_VEHICLES,Everyone
Used Cars and Trucks for Sale,4.6,9.744374580879056,13.815511557963774,,0.0,0,10,AUTO_AND_VEHICLES,Everyone
American Muscle Car Race,3.9,4.867534450455582,11.51293546492023,35.0,0.0,0,14,AUTO_AND_VEHICLES,Everyone
Offroad Oil Tanker Driver Transport Truck 2019,4.3,6.297109319933935,11.51293546492023,33.0,0.0,0,9,AUTO_AND_VEHICLES,Everyone
Tickets SDA 2018 and Exam from the State Traffic Safety Inspectorate with Drom.ru,4.9,9.257223957875032,11.51293546492023,33.0,0.0,0,22,AUTO_AND_VEHICLES,Everyone
Gas Prices (Germany only),4.4,6.692083742506628,10.819798284210286,5.6,0.0,0,11,AUTO_AND_VEHICLES,Everyone
Extreme Rally Championship,4.2,4.867534450455582,11.51293546492023,54.0,0.0,0,14,AUTO_AND_VEHICLES,Everyone
Restart Navigator,4.0,7.247080584585756,11.51293546492023,0.1962890625,0.0,0,1444,AUTO_AND_VEHICLES,Everyone
"REG - Check the regnumber, find information about Swedish vehicles",3.9,8.287025025165063,11.51293546492023,3.6,0.0,0,10,AUTO_AND_VEHICLES,Everyone
CityBus Lviv,4.6,6.282266746896006,9.210440366976517,5.7,0.0,0,32,AUTO_AND_VEHICLES,Everyone
CDL Practice Test 2018 Edition,4.9,8.958668737047434,11.51293546492023,17.0,0.0,0,37,AUTO_AND_VEHICLES,Everyone
"ezETC (ETC balance inquiry, meter trial, real-time traffic)",4.3,10.56738613273695,13.815511557963774,8.6,0.0,0,12,AUTO_AND_VEHICLES,Everyone
Free VIN Report for Used Cars,4.6,7.796469243086058,11.51293546492023,2.4,0.0,0,58,AUTO_AND_VEHICLES,Everyone
DMV Permit Practice Test 2018 Edition,4.9,8.714567550836485,11.51293546492023,27.0,0.0,0,37,AUTO_AND_VEHICLES,Everyone
Check Vehicle Tax,3.9,5.69035945432406,9.210440366976517,2.7,0.0,0,10,AUTO_AND_VEHICLES,Everyone
Used Cars Mexico,4.0,5.25227342804663,10.819798284210286,2.5,0.0,0,664,AUTO_AND_VEHICLES,Everyone
Ulysse Speedometer,4.3,10.60192073752531,15.424948670398354,,0.0,0,10,AUTO_AND_VEHICLES,Everyone
REPUVE,3.9,5.877735781779639,11.51293546492023,,0.0,0,76,AUTO_AND_VEHICLES,Everyone
Used cars for sale - Trovit,4.2,10.86915875050772,15.424948670398354,7.0,0.0,0,24,AUTO_AND_VEHICLES,Everyone
"Fines of the State Traffic Safety Inspectorate are official: inspection, payment of fines",4.8,11.669818096495485,15.424948670398354,35.0,0.0,0,7,AUTO_AND_VEHICLES,Everyone
SK Enca Direct Malls - Used Cars Search,3.6,7.22983877815125,13.122365377402328,16.0,0.0,0,7,AUTO_AND_VEHICLES,Everyone
"Android Auto - Maps, Media, Messaging & Voice",4.2,12.513266861915456,16.118095750958314,16.0,0.0,0,29,AUTO_AND_VEHICLES,Teen
PDD-UA,4.8,6.602587892189336,11.51293546492023,,0.0,0,11,AUTO_AND_VEHICLES,Everyone
Tickets SDA 2019 + Exam RF,4.8,8.856803356728378,13.122365377402328,17.0,0.0,0,13,AUTO_AND_VEHICLES,Everyone
Super Cars Wallpapers And Backgrounds,4.6,5.288267030694535,10.819798284210286,3.4,0.0,0,56,AUTO_AND_VEHICLES,Everyone
"Police Lights, Sirens & Follow Me",4.5,6.6039438246004725,11.51293546492023,8.9,0.0,0,62,AUTO_AND_VEHICLES,Everyone
Police Detector (Speed Camera Radar),4.3,8.181720455128108,13.815511557963774,3.9,0.0,0,36,AUTO_AND_VEHICLES,Everyone 10+
Best Car Wallpapers,4.5,6.902742737158593,11.51293546492023,2.9,0.0,0,135,AUTO_AND_VEHICLES,Everyone
Tickets + PDA 2018 Exam,4.9,12.191654197491792,13.815511557963774,38.0,0.0,0,25,AUTO_AND_VEHICLES,Everyone
Pick Your Part Garage,3.9,4.962844630259907,10.819798284210286,32.0,0.0,0,16,AUTO_AND_VEHICLES,Everyone
PakWheels: Buy & Sell Cars,4.4,9.627009150591672,13.815511557963774,37.0,0.0,0,13,AUTO_AND_VEHICLES,Everyone
Supervision service,4.0,7.6760099320288875,13.122365377402328,15.0,0.0,0,10,AUTO_AND_VEHICLES,Everyone
Speed Camera Detector - Traffic & Speed Alert,4.3,4.9344739331306915,11.51293546492023,5.4,0.0,0,17,AUTO_AND_VEHICLES,Everyone
Used car search Goo net whole car Go to net,3.7,8.596928159435091,13.815511557963774,18.0,0.0,0,17,AUTO_AND_VEHICLES,Everyone
CarMax – Cars for Sale: Search Used Car Inventory,4.4,9.988655564906006,13.815511557963774,,0.0,0,5,AUTO_AND_VEHICLES,Everyone
BEST CAR SOUNDS,4.3,5.855071922202427,11.51293546492023,38.0,0.0,0,11,AUTO_AND_VEHICLES,Everyone
RST - Sale of cars on the PCT,3.2,5.5254529391317835,11.51293546492023,1.1,0.0,0,104,AUTO_AND_VEHICLES,Everyone
AutoScout24 Switzerland – Find your new car,4.6,9.500993027872797,13.815511557963774,,0.0,0,6,AUTO_AND_VEHICLES,Everyone
Zona Azul Digital Fácil SP CET - OFFICIAL São Paulo,4.6,8.97221007835365,11.51293546492023,,0.0,0,91,AUTO_AND_VEHICLES,Everyone
SMS Park,4.5,8.193676665955241,11.51293546492023,7.9,0.0,0,85,AUTO_AND_VEHICLES,Everyone
SKencar,3.7,8.47782846789396,13.815511557963774,35.0,0.0,0,9,AUTO_AND_VEHICLES,Everyone
Fuelio: Gas log & costs,4.6,11.094177529405146,13.815511557963774,,0.0,0,7,AUTO_AND_VEHICLES,Everyone
auto fines,4.6,10.355645388636274,13.815511557963774,17.0,0.0,0,7,AUTO_AND_VEHICLES,Everyone
"Used car is the first car - used car purchase, used car quotation, dealer information to",4.6,8.53660358493606,13.815511557963774,19.0,0.0,0,17,AUTO_AND_VEHICLES,Everyone
All of the parking lot - National Park application (parking lot search / parking sharing / discount payment),4.0,7.470224135899966,13.122365377402328,14.0,0.0,0,68,AUTO_AND_VEHICLES,Everyone
Inquiry Fines and Debits of Vehicles,4.4,7.893945138235959,13.122365377402328,2.2,0.0,0,142,AUTO_AND_VEHICLES,Everyone
Gas Station,4.0,7.161622002939187,11.51293546492023,4.5,0.0,0,110,AUTO_AND_VEHICLES,Everyone
Hush - Beauty for Everyone,4.7,9.846970109700957,13.122365377402328,17.0,0.0,0,7,BEAUTY,Everyone
"ipsy: Makeup, Beauty, and Tips",4.9,10.815589523788828,13.815511557963774,14.0,0.0,0,273,BEAUTY,Everyone
Natural recipes for your beauty,4.7,7.048386408721883,11.51293546492023,9.8,0.0,0,86,BEAUTY,Everyone
"BestCam Selfie-selfie, beauty camera, photo editor",3.9,7.461640392208575,13.122365377402328,21.0,0.0,0,28,BEAUTY,Everyone
Mirror - Zoom & Exposure -,3.9,10.37633089597424,13.815511557963774,,0.0,0,654,BEAUTY,Everyone
Beauty Selfie Camera,4.2,7.70796153183549,13.122365377402328,52.0,0.0,0,162,BEAUTY,Everyone
Hairstyles step by step,4.6,8.382518288089635,11.51293546492023,14.0,0.0,0,15,BEAUTY,Everyone
Filters for Selfie,4.3,9.056373008678756,13.815511557963774,25.0,0.0,0,91,BEAUTY,Everyone
Tie - Always be happy,4.7,6.872128101338986,10.819798284210286,9.0,0.0,0,49,BEAUTY,Everyone
Ulta Beauty,4.7,10.646638446331167,13.815511557963774,,0.0,0,65,BEAUTY,Everyone
Prom MakeUp Tutorial,4.8,4.653960350157523,9.210440366976517,12.0,0.0,0,44,BEAUTY,Everyone
Selfie Camera,4.2,9.794509389966382,13.815511557963774,,0.0,0,331,BEAUTY,Everyone
Sweet Selfie Beauty Camera,4.3,6.400257445308821,11.51293546492023,35.0,0.0,0,68,BEAUTY,Everyone
Colors of white in Urdu,4.5,3.6109179126442243,9.210440366976517,6.7,0.0,0,14,BEAUTY,Everyone
Selfie Camera Photo Editor & Filter & Sticker,4.1,5.236441962829949,10.819798284210286,30.0,0.0,0,16,BEAUTY,Teen
Eyes Makeup Beauty Tips,4.2,3.4339872044851463,9.210440366976517,2.9,0.0,0,122,BEAUTY,Everyone
Photo Editor 2018,4.5,4.90527477843843,9.210440366976517,17.0,0.0,0,161,BEAUTY,Everyone
Step By Step Eyes Makeup Tutorial,4.4,4.31748811353631,9.210440366976517,2.9,0.0,0,126,BEAUTY,Everyone
Beauty Camera - Selfie Camera,4.0,11.64145939103446,16.118095750958314,,0.0,0,371,BEAUTY,Everyone
Girls Hairstyles,4.1,8.18757739559151,13.122365377402328,,0.0,0,77,BEAUTY,Everyone
Mirror Camera (Mirror + Selfie Camera),4.1,9.139488631004232,13.815511557963774,2.6,0.0,0,261,BEAUTY,Everyone
Beauty Tips - Beauty Tips in Sinhala,4.4,4.330733340286331,10.819798284210286,4.2,0.0,0,295,BEAUTY,Everyone
Haircut Tutorials/Haircut Videos,4.6,3.6635616461296463,9.210440366976517,7.1,0.0,0,72,BEAUTY,Everyone
"Sephora: Skin Care, Beauty Makeup & Fragrance Shop",4.5,10.197462284610928,13.815511557963774,57.0,0.0,0,16,BEAUTY,Everyone
"Sticker Camera - Selfie Filters, Beauty Camera",3.9,7.731053144007127,13.122365377402328,22.0,0.0,0,28,BEAUTY,Everyone
Filters for B Live,4.4,7.732369222284388,13.122365377402328,24.0,0.0,0,87,BEAUTY,Everyone
Facial Wrinkle Reduction,4.6,5.220355825078324,9.210440366976517,21.0,0.0,0,38,BEAUTY,Everyone
Makeup Videos,3.8,2.302585092994046,8.517393171418904,3.4,0.0,0,63,BEAUTY,Everyone
Discover Color,4.0,5.8998973535824915,11.51293546492023,6.4,0.0,0,77,BEAUTY,Everyone
Eyeliner step by step 2018,4.3,2.9444389791664403,8.517393171418904,3.2,0.0,0,69,BEAUTY,Everyone
Dresses Ideas & Fashions +3000,4.5,6.161207321695077,11.51293546492023,8.2,0.0,0,526,BEAUTY,Mature 17+
Step By Step Hairstyles For Women,4.1,4.204692619390966,9.210440366976517,2.9,0.0,0,126,BEAUTY,Everyone
Rainbow Camera,3.7,8.261526448396468,13.815511557963774,23.0,0.0,0,10,BEAUTY,Everyone
Methods of teeth whitening,4.7,5.552959584921617,10.819798284210286,4.6,0.0,0,367,BEAUTY,Everyone
Girls hairstyles 2018,4.2,4.143134726391533,9.210440366976517,3.1,0.0,0,73,BEAUTY,Everyone
E-Book Read - Read Book for free,4.5,7.527255919373784,10.819798284210286,4.9,0.0,0,6,BOOKS_AND_REFERENCE,Everyone
Download free book with green book,4.6,8.4071550862073,11.51293546492023,9.5,0.0,0,374,BOOKS_AND_REFERENCE,Everyone 10+
Wikipedia,4.4,13.26655202916715,16.118095750958314,,0.0,0,7,BOOKS_AND_REFERENCE,Everyone
Cool Reader,4.5,12.414370543427879,16.118095750958314,,0.0,0,1119,BOOKS_AND_REFERENCE,Everyone
Free Panda Radio Music,4.5,6.037870919922137,11.51293546492023,4.2,0.0,0,135,BOOKS_AND_REFERENCE,Everyone
Book store,4.4,10.020692643436833,13.815511557963774,5.4,0.0,0,64,BOOKS_AND_REFERENCE,Teen
FBReader: Favorite Book Reader,4.5,12.221606370091425,16.118095750958314,,0.0,0,42,BOOKS_AND_REFERENCE,Everyone
English Grammar Complete Handbook,4.6,7.269616749608169,13.122365377402328,2.8,0.0,0,200,BOOKS_AND_REFERENCE,Everyone
Free Books - Spirit Fanfiction and Stories,4.8,11.665715219158145,13.815511557963774,5.0,0.0,0,8,BOOKS_AND_REFERENCE,Teen
Google Play Books,3.9,14.175443987268583,20.72326583794641,,0.0,0,6,BOOKS_AND_REFERENCE,Teen
AlReader -any text book reader,4.6,11.412762529570834,15.424948670398354,5.9,0.0,0,74,BOOKS_AND_REFERENCE,Everyone
Offline English Dictionary,4.2,6.7580945044277305,11.51293546492023,13.0,0.0,0,23,BOOKS_AND_REFERENCE,Everyone
Offline: English to Tagalog Dictionary,4.7,6.875232087276577,13.122365377402328,6.7,0.0,0,5,BOOKS_AND_REFERENCE,Everyone
FamilySearch Tree,4.3,9.770356079932933,13.815511557963774,17.0,0.0,0,20,BOOKS_AND_REFERENCE,Everyone
Cloud of Books,3.3,7.529943370601589,13.815511557963774,19.0,0.0,0,104,BOOKS_AND_REFERENCE,Everyone
Recipes of Prophetic Medicine for free,4.6,7.642524134232902,13.122365377402328,6.7,0.0,0,84,BOOKS_AND_REFERENCE,Everyone
ReadEra – free ebook reader,4.8,10.764350137500665,13.815511557963774,21.0,0.0,0,68,BOOKS_AND_REFERENCE,Everyone
Litnet - E-books,4.6,8.965973184210347,11.51293546492023,15.0,0.0,0,36,BOOKS_AND_REFERENCE,Teen
Read books online,4.1,11.425361207897842,15.424948670398354,23.0,0.0,0,41,BOOKS_AND_REFERENCE,Mature 17+
English to Urdu Dictionary,4.6,8.438366410870266,13.122365377402328,19.0,0.0,0,259,BOOKS_AND_REFERENCE,Everyone
eBoox: book reader fb2 epub zip,4.7,9.968197933904884,13.815511557963774,23.0,0.0,0,50,BOOKS_AND_REFERENCE,Everyone
English Persian Dictionary,4.5,10.198988974040041,13.122365377402328,73.0,0.0,0,8,BOOKS_AND_REFERENCE,Everyone
Flybook,3.9,7.483806687665835,13.122365377402328,4.9,0.0,0,1393,BOOKS_AND_REFERENCE,Mature 17+
All Maths Formulas,4.4,7.904703913873747,13.815511557963774,6.8,0.0,0,29,BOOKS_AND_REFERENCE,Everyone
Ancestry,4.3,11.074637533494561,15.424948670398354,,0.0,0,9,BOOKS_AND_REFERENCE,Everyone
HTC Help,4.2,9.029178142902074,16.118095750958314,,0.0,0,346,BOOKS_AND_REFERENCE,Everyone
English translation from Bengali,4.5,6.269096283706261,11.51293546492023,2.9,0.0,0,131,BOOKS_AND_REFERENCE,Everyone
Pdf Book Download - Read Pdf Book,4.4,7.187657164114956,11.51293546492023,3.5,0.0,0,73,BOOKS_AND_REFERENCE,Everyone
Free Book Reader,3.4,7.427144133408616,11.51293546492023,4.0,0.0,0,719,BOOKS_AND_REFERENCE,Everyone
eBoox new: Reader for fb2 epub zip books,4.9,7.9157131993821155,10.819798284210286,21.0,0.0,0,23,BOOKS_AND_REFERENCE,Everyone
"Only 30 days in English, the guideline is guaranteed",4.6,6.97166860472579,13.122365377402328,2.3,0.0,0,54,BOOKS_AND_REFERENCE,Everyone
Moon+ Reader,4.4,12.362041671164215,16.118095750958314,,0.0,0,100,BOOKS_AND_REFERENCE,Everyone
English-Myanmar Dictionary,4.4,9.081256218564645,13.815511557963774,10.0,0.0,0,12,BOOKS_AND_REFERENCE,Everyone
Golden Dictionary (EN-AR),4.4,10.844861064777746,13.815511557963774,6.1,0.0,0,21,BOOKS_AND_REFERENCE,Everyone
All Language Translator Free,4.4,10.312479766420449,13.815511557963774,2.1,0.0,0,11,BOOKS_AND_REFERENCE,Everyone
Azpen eReader,3.5,5.056245805348308,13.122365377402328,42.0,0.0,0,175,BOOKS_AND_REFERENCE,Everyone
Visual Voicemail by MetroPCS,4.1,9.688436171119255,16.118095750958314,,0.0,0,10,BUSINESS,Everyone
Indeed Job Search,4.3,13.42206937190654,17.72753358339242,,0.0,0,80,BUSINESS,Everyone
Uber Driver,4.4,14.042431764943874,16.118095750958314,,0.0,0,6,BUSINESS,Everyone
ADP Mobile Solutions,4.3,11.352592380066694,15.424948670398354,29.0,0.0,0,23,BUSINESS,Everyone
Snag - Jobs Hiring Now,4.3,10.39160733876648,13.815511557963774,,0.0,0,97,BUSINESS,Everyone
Docs To Go™ Free Office Suite,4.1,12.291015634880166,17.72753358339242,,0.0,0,129,BUSINESS,Everyone
OfficeSuite : Free Office + PDF Editor,4.3,13.818368470239795,18.420680753952364,35.0,0.0,0,7,BUSINESS,Everyone
USPS MOBILE®,3.9,9.71655538318449,13.815511557963774,9.1,0.0,0,56,BUSINESS,Everyone
Job Search by ZipRecruiter,4.8,11.911339103131624,13.815511557963774,25.0,0.0,0,21,BUSINESS,Everyone
Google Primer,4.4,11.039283223998446,16.118095750958314,18.0,0.0,0,44,BUSINESS,Everyone
Alba Heaven - Alvarez Job Portal Services,4.0,9.098514556793926,15.424948670398354,12.0,0.0,0,9,BUSINESS,Everyone
SuperLivePro,4.3,10.744062867162505,13.815511557963774,21.0,0.0,0,848,BUSINESS,Everyone
OfficeSuite Pro + PDF (Trial),4.2,11.385932649185289,16.118095750958314,,0.0,0,31,BUSINESS,Everyone
My Space - Employment Center,4.5,11.112462823634855,13.815511557963774,,0.0,0,23,BUSINESS,Everyone
Polaris Office for LG,4.2,10.336827197410273,15.424948670398354,55.0,0.0,0,182,BUSINESS,Everyone
Call Blocker,4.6,12.148665965580626,15.424948670398354,3.2,0.0,0,49,BUSINESS,Everyone
Jobs in Alabama - Jobs in Alba,4.1,9.360741172643708,15.424948670398354,,0.0,0,14,BUSINESS,Everyone
Square Point of Sale - POS,4.6,11.471196809557176,15.424948670398354,,0.0,0,10,BUSINESS,Everyone
Plugin:AOT v5.0,3.1,8.302761580704049,11.51293546492023,0.0224609375,0.0,0,1063,BUSINESS,Everyone
Kariyer.net,3.9,10.735635516297855,13.815511557963774,16.0,0.0,0,22,BUSINESS,Everyone
SEEK Job Search,4.3,9.612867836097005,13.815511557963774,,0.0,0,10,BUSINESS,Everyone
Become a Job - Find a job or advertise,4.1,8.839856232763264,13.815511557963774,14.0,0.0,0,30,BUSINESS,Everyone
Easy Installer - Apps On SD,4.1,10.045681318239303,15.424948670398354,,0.0,0,62,BUSINESS,Everyone
"IndiaMART: Search Products, Buy, Sell & Trade",4.5,12.242274383082163,15.424948670398354,11.0,0.0,0,7,BUSINESS,Everyone
ViettelPost express delivery,4.4,7.111512116496157,11.51293546492023,25.0,0.0,0,8,BUSINESS,Everyone
MyASUS - Service Center,4.4,12.850129366836631,16.118095750958314,7.3,0.0,0,36,BUSINESS,Everyone
Job Korea - Career Jobs,4.3,9.268703615273097,13.815511557963774,6.5,0.0,0,8,BUSINESS,Everyone
"104 Looking for a job - looking for a job, looking for a job, looking for a part-time job, health checkup, resume, treatment room",4.4,11.21667344183538,13.815511557963774,25.0,0.0,0,13,BUSINESS,Everyone
Myanmar 2D/3D,4.6,6.71295620067707,11.51293546492023,3.1,0.0,0,62,BUSINESS,Everyone
Quick PDF Scanner + OCR FREE,4.2,11.299806499177983,15.424948670398354,,0.0,0,164,BUSINESS,Everyone
sABN,4.4,7.7354333524996886,13.815511557963774,1.5,0.0,0,136,BUSINESS,Everyone
ATI Cargoes and Transportation,4.7,8.333991247194975,11.51293546492023,7.5,0.0,0,16,BUSINESS,Everyone
Secure Folder,3.8,9.599743846536997,17.72753358339242,8.6,0.0,0,190,BUSINESS,Everyone
UPS Mobile,3.9,10.053802313194996,15.424948670398354,,0.0,0,45,BUSINESS,Everyone
SignEasy | Sign and Fill PDF and other Documents,4.3,9.102643796520809,13.815511557963774,,0.0,0,15,BUSINESS,Everyone
Mobile Doc Scanner (MDScan) Lite,4.2,10.747336615509566,13.815511557963774,19.0,0.0,0,7,BUSINESS,Everyone
TurboScan: scan documents and receipts in PDF,4.7,9.345133468317714,11.51293546492023,6.8,4.99,1,137,BUSINESS,Everyone
Zenefits,4.2,5.6937321388027,10.819798284210286,14.0,0.0,0,55,BUSINESS,Everyone
Xero Accounting Software,3.5,7.655390644826152,11.51293546492023,,0.0,0,10,BUSINESS,Everyone
Crew - Free Messaging and Scheduling,4.6,8.333270353255308,13.122365377402328,48.0,0.0,0,20,BUSINESS,Everyone
Google Analytics,4.5,11.272928184083858,13.815511557963774,22.0,0.0,0,177,BUSINESS,Everyone
Accounting App - Zoho Books,4.5,8.03268487596762,11.51293546492023,8.5,0.0,0,7,BUSINESS,Everyone
Cisco Webex Meetings,4.4,11.596733383026633,16.118095750958314,28.0,0.0,0,20,BUSINESS,Everyone
ZOOM Cloud Meetings,4.4,10.361386970492713,16.118095750958314,37.0,0.0,0,20,BUSINESS,Everyone
ScreenMeet. Easy Phone Meeting,4.0,6.437751649736401,11.51293546492023,9.0,0.0,0,140,BUSINESS,Everyone
Cisco Webex Teams,4.2,7.415776975415394,11.51293546492023,46.0,0.0,0,7,BUSINESS,Everyone
Microsoft Remote Desktop,4.2,11.48968754380305,15.424948670398354,,0.0,0,29,BUSINESS,Everyone
Start Meeting,4.1,5.733341276897746,10.819798284210286,14.0,0.0,0,72,BUSINESS,Everyone
ClickMeeting Webinars,3.8,8.558718938244736,13.815511557963774,26.0,0.0,0,10,BUSINESS,Everyone
BlueJeans for Android,3.9,6.9650803456014065,13.122365377402328,23.0,0.0,0,41,BUSINESS,Everyone
Skype for Business for Android,3.9,11.266679598372296,16.118095750958314,,0.0,0,7,BUSINESS,Everyone
Box,4.2,11.982135029029635,16.118095750958314,,0.0,0,9,BUSINESS,Everyone
Google My Business,4.4,11.170322473618691,15.424948670398354,,0.0,0,16,BUSINESS,Everyone
FreshBooks Classic,4.1,7.497207223203318,11.51293546492023,26.0,0.0,0,113,BUSINESS,Everyone
Insightly CRM,3.8,7.232733136177615,11.51293546492023,51.0,0.0,0,28,BUSINESS,Everyone
QuickBooks Accounting: Invoicing & Expenses,4.3,10.050872539449186,13.815511557963774,41.0,0.0,0,27,BUSINESS,Everyone
HipChat - Chat Built for Teams,3.8,8.677439540558334,13.122365377402328,20.0,0.0,0,37,BUSINESS,Everyone
"MailChimp - Email, Marketing Automation",4.1,8.603187384583098,13.122365377402328,12.0,0.0,0,15,BUSINESS,Everyone
Asana: organize team projects,4.3,9.943477200752287,13.815511557963774,10.0,0.0,0,14,BUSINESS,Everyone
AdWords Express,4.1,8.874867635688053,13.815511557963774,11.0,0.0,0,9,BUSINESS,Everyone
Invoice & Time Tracking - Zoho,4.6,8.665785595466064,11.51293546492023,8.6,0.0,0,7,BUSINESS,Everyone
join.me - Simple Meetings,4.0,8.852235835227855,13.815511557963774,,0.0,0,24,BUSINESS,Everyone
Invoice 2go — Professional Invoices and Estimates,4.2,9.70643807033756,13.815511557963774,28.0,0.0,0,8,BUSINESS,Everyone
Genius Scan - PDF Scanner,4.4,10.657094635464652,13.815511557963774,,0.0,0,29,BUSINESS,Everyone
Tiny Scanner - PDF Scanner App,4.7,12.5668820308751,16.118095750958314,39.0,0.0,0,436,BUSINESS,Everyone
Fast Scanner : Free PDF Scan,4.5,11.54979726774608,16.118095750958314,14.0,0.0,0,29,BUSINESS,Everyone
Tiny Scanner Pro: PDF Doc Scan,4.8,9.239510749275963,11.51293546492023,39.0,4.99,1,485,BUSINESS,Everyone
Slack,4.4,10.849550656077264,15.424948670398354,,0.0,0,7,BUSINESS,Everyone
Verify - Receipts & Expenses,4.5,6.025865973825314,9.210440366976517,29.0,0.0,0,15,BUSINESS,Everyone
Manga Master - Best manga & comic reader,4.6,10.08605907808529,13.122365377402328,4.9,0.0,0,36,COMICS,Adults only 18+
GANMA! - All original stories free of charge for all original comics,4.7,10.952681980074281,13.815511557963774,27.0,0.0,0,17,COMICS,Teen
Röhrich Werner Soundboard,4.7,7.718685495198466,13.122365377402328,32.0,0.0,0,266,COMICS,Everyone
Unicorn Pokez - Color By Number,4.8,6.248042874508429,10.819798284210286,12.0,0.0,0,6,COMICS,Everyone
MangaToon - Comics updated Daily,3.9,6.727431724850855,10.819798284210286,15.0,0.0,0,8,COMICS,Mature 17+
Manga Net – Best Online Manga Reader,4.1,6.918695219020472,10.819798284210286,11.0,0.0,0,33,COMICS,Mature 17+
Manga Rock - Best Manga Reader,4.4,12.384097484639353,13.815511557963774,28.0,0.0,0,31,COMICS,Teen
Manga - read Thai translation,4.6,5.713732805509369,9.210440366976517,2.2,0.0,0,37,COMICS,Teen
The Vietnam Story - Fun Stories,4.5,6.0844994130751715,9.210440366976517,3.4,0.0,0,225,COMICS,Everyone
Dragon Ball Wallpaper - Ringtones,4.7,4.30406509320417,9.210440366976517,8.3,0.0,0,17,COMICS,Everyone
Funny Jokes Photos,4.4,3.6888794541139363,9.210440366976517,4.3,0.0,0,37,COMICS,Everyone 10+
Truyện Vui Tý Quậy,4.5,4.976733742420574,9.210440366976517,4.7,0.0,0,21,COMICS,Everyone
Comic Es - Shojo manga / love comics free of charge ♪ ♪,3.9,7.687997166393016,11.51293546492023,10.0,0.0,0,157,COMICS,Teen
comico Popular Original Cartoon Updated Everyday Comico,3.2,11.450688293694489,15.424948670398354,15.0,0.0,0,37,COMICS,Teen
"漫咖 Comics - Manga,Novel and Stories",4.1,9.400051227201992,13.815511557963774,21.0,0.0,0,34,COMICS,Mature 17+
Emmanuella Funny Videos 2018,4.5,5.752572638825633,11.51293546492023,6.1,0.0,0,78,COMICS,Everyone
Manga Zero - Japanese cartoon and comic reader,4.2,9.628721705350893,13.815511557963774,15.0,0.0,0,21,COMICS,Teen
Marvel Unlimited,3.7,10.023579032793949,13.815511557963774,11.0,0.0,0,16,COMICS,Teen
"Tapas – Comics, Novels, and Stories",4.5,10.303605054317698,13.815511557963774,29.0,0.0,0,9,COMICS,Teen
Children's cartoons (Mithu-Mina-Raju),4.6,5.634789603169249,11.51293546492023,3.3,0.0,0,234,COMICS,Everyone
Narrator's Voice,4.5,13.243497237218111,15.424948670398354,,0.0,0,35,COMICS,Everyone
Faustop Sounds,4.7,7.425357887027151,11.51293546492023,40.0,0.0,0,75,COMICS,Everyone
Manga Mania - Best online manga reader,4.4,6.630683385642372,9.210440366976517,10.0,0.0,0,77,COMICS,Teen
- Free Comics - Comic Apps,3.5,4.7535901911063645,9.210440366976517,9.1,0.0,0,27,COMICS,Mature 17+
Buff Thun - Daily Free Webtoon / Comics / Web Fiction / Mini Game,4.5,9.205629292246064,13.122365377402328,38.0,0.0,0,9,COMICS,Everyone 10+
pixiv comic - everyone's manga app,4.4,9.842409703027538,13.815511557963774,,0.0,0,10,COMICS,Mature 17+
Funny Jokes and Stories 2018,4.2,3.091042453358316,8.517393171418904,6.7,0.0,0,131,COMICS,Everyone
Hojiboy Tojiboyev Life Hacks,5.0,2.772588722239781,6.90875477931522,37.0,0.0,0,44,COMICS,Everyone
Perfect Viewer,4.4,10.858652783792339,15.424948670398354,,0.0,0,8,COMICS,Everyone
"Best Wallpapers Backgrounds(100,000+ 4K HD)",4.7,8.187855443695623,9.210440366976517,7.8,0.0,0,54,COMICS,Teen
think Comics,4.4,6.914730892718563,10.819798284210286,19.0,0.0,0,6,COMICS,Everyone
Memes Button,4.4,8.69433468816865,13.815511557963774,5.7,0.0,0,73,COMICS,Everyone
"Laftel - Watching and Announcing Snooping, Streaming",4.6,8.496173824192162,11.51293546492023,35.0,0.0,0,7,COMICS,Everyone
WhatsApp Messenger,4.4,18.051344801045513,20.72326583794641,,0.0,0,6,COMMUNICATION,Everyone
Messenger for SMS,4.3,11.738130889162855,16.118095750958314,17.0,0.0,0,64,COMMUNICATION,Teen
My Tele2,4.3,11.974644874628266,15.424948670398354,8.8,0.0,0,6,COMMUNICATION,Everyone
Contacts,4.3,11.106504900559028,17.72753358339242,,0.0,0,44,COMMUNICATION,Everyone
Call Free – Free Call,4.3,10.315928274380717,15.424948670398354,15.0,0.0,0,12,COMMUNICATION,Everyone
Web Browser & Explorer,4.0,10.516021029101827,15.424948670398354,6.6,0.0,0,36,COMMUNICATION,Everyone
Browser 4G,4.3,12.17018118426252,16.118095750958314,6.6,0.0,0,51,COMMUNICATION,Everyone
MegaFon Dashboard,3.7,11.508515756481529,16.118095750958314,,0.0,0,10,COMMUNICATION,Everyone
ZenUI Dialer & Contacts,4.5,12.989231904801134,16.118095750958314,,0.0,0,8,COMMUNICATION,Everyone
Cricket Visual Voicemail,3.9,9.52507811645139,16.118095750958314,5.1,0.0,0,38,COMMUNICATION,Everyone
TracFone My Account,3.6,9.941264916870159,13.815511557963774,18.0,0.0,0,29,COMMUNICATION,Everyone
Xperia Link™,4.1,10.725203833890781,16.118095750958314,,0.0,0,651,COMMUNICATION,Everyone
TouchPal Keyboard - Fun Emoji & Android Keyboard,4.4,13.329998492173543,16.118095750958314,37.0,0.0,0,7,COMMUNICATION,Mature 17+
Skype Lite - Free Video Call & Chat,4.2,10.405897866700771,15.424948670398354,22.0,0.0,0,9,COMMUNICATION,Everyone
My magenta,3.9,10.654219444947001,13.815511557963774,37.0,0.0,0,45,COMMUNICATION,Everyone
Android Messages,4.2,13.569368302336661,18.420680753952364,,0.0,0,8,COMMUNICATION,Everyone
Seznam.cz,4.3,10.751563681422393,13.815511557963774,,0.0,0,36,COMMUNICATION,Everyone
Antillean Gold Telegram (original version),4.4,7.986164860332727,11.51293546492023,17.0,0.0,0,24,COMMUNICATION,Everyone
AT&T Visual Voicemail,3.7,9.529666449762425,16.118095750958314,,0.0,0,43,COMMUNICATION,Everyone
GMX Mail,4.3,12.462871451524784,16.118095750958314,,0.0,0,15,COMMUNICATION,Everyone
Omlet Chat,3.9,10.615260197219238,16.118095750958314,35.0,0.0,0,643,COMMUNICATION,Teen
My Vodacom SA,3.7,10.127510716877346,15.424948670398354,61.0,0.0,0,44,COMMUNICATION,Everyone
Microsoft Edge,4.3,10.21053097846653,15.424948670398354,66.0,0.0,0,12,COMMUNICATION,Everyone
Messenger – Text and Video Chat for Free,4.0,17.852342155265326,20.72326583794641,,0.0,0,8,COMMUNICATION,Everyone
imo free video calls and chat,4.3,15.381203249077569,20.030118658386467,11.0,0.0,0,62,COMMUNICATION,Everyone
free video calls and chat,4.2,13.295861118588487,17.72753358339242,,0.0,0,21,COMMUNICATION,Everyone
Who,4.3,14.712045013468028,18.420680753952364,,0.0,0,6,COMMUNICATION,Teen
"GO SMS Pro - Messenger, Free Themes, Emoji",4.4,14.872085182930132,18.420680753952364,24.0,0.0,0,8,COMMUNICATION,Everyone
"Messaging+ SMS, MMS Free",4.1,10.24845928021533,13.815511557963774,17.0,0.0,0,7,COMMUNICATION,Everyone
chomp SMS,4.3,12.723815291445232,16.118095750958314,8.3,0.0,0,14,COMMUNICATION,Everyone
Glide - Video Chat Messenger,4.3,12.766131192576172,16.118095750958314,,0.0,0,11,COMMUNICATION,Everyone
Text SMS,4.5,12.763929745022134,16.118095750958314,8.2,0.0,0,16,COMMUNICATION,Everyone
Talkray - Free Calls & Texts,4.2,12.40845823335987,16.118095750958314,,0.0,0,72,COMMUNICATION,Everyone
LINE: Free Calls & Messages,4.2,16.194157213610865,20.030118658386467,,0.0,0,14,COMMUNICATION,Everyone
GroupMe,4.5,12.709154362498195,16.118095750958314,,0.0,0,37,COMMUNICATION,Everyone
mysms SMS Text Messaging Sync,4.3,10.527311449886323,13.815511557963774,8.4,0.0,0,10,COMMUNICATION,Everyone
2ndLine - Second Phone Number,4.2,9.672878705110646,13.815511557963774,32.0,0.0,0,6,COMMUNICATION,Everyone
Google Chrome: Fast & Secure,4.3,16.081747176974066,20.72326583794641,,0.0,0,8,COMMUNICATION,Everyone
Firefox Browser fast & private,4.4,14.938854157660954,18.420680753952364,,0.0,0,30,COMMUNICATION,Everyone
Ninesky Browser,4.2,10.66723298194161,13.815511557963774,2.8,0.0,0,347,COMMUNICATION,Everyone
"Dolphin Browser - Fast, Private & Adblock🐬",4.5,14.736243807228911,17.72753358339242,,0.0,0,38,COMMUNICATION,Everyone
UC Browser - Fast Download Private & Secure,4.5,16.689913885295166,20.030118658386467,40.0,0.0,0,7,COMMUNICATION,Teen
Ghostery Privacy Browser,4.1,9.48044384215367,13.815511557963774,2.2,0.0,0,142,COMMUNICATION,Everyone
InBrowser - Incognito Browsing,4.2,10.209390119018103,13.815511557963774,,0.0,0,70,COMMUNICATION,Everyone
Lightning Web Browser,4.1,9.439784035838873,13.122365377402328,2.3,0.0,0,395,COMMUNICATION,Everyone
Web Browser,4.2,9.302554855963994,13.122365377402328,2.3,0.0,0,1284,COMMUNICATION,Everyone
Puffin Browser Pro,4.0,9.811810763964225,11.51293546492023,,3.99,1,35,COMMUNICATION,Everyone
Contacts+,4.2,12.158005719760787,16.118095750958314,11.0,0.0,0,9,COMMUNICATION,Everyone
ExDialer - Dialer & Contacts,4.2,11.737931281192244,16.118095750958314,2.7,0.0,0,522,COMMUNICATION,Everyone
Calls & Text by Mo+,4.2,11.32948328050757,15.424948670398354,14.0,0.0,0,112,COMMUNICATION,Everyone
PHONE for Google Voice & GTalk,4.3,11.185337644782546,13.815511557963774,13.0,0.0,0,113,COMMUNICATION,Everyone
Safest Call Blocker,4.4,10.223431082444048,13.815511557963774,3.7,0.0,0,216,COMMUNICATION,Everyone
Full Screen Caller ID,4.2,11.561629911180267,15.424948670398354,10.0,0.0,0,86,COMMUNICATION,Everyone
Hiya - Caller ID & Block,4.4,12.087874523737458,16.118095750958314,13.0,0.0,0,15,COMMUNICATION,Mature 17+
Mr. Number-Block calls & spam,4.2,12.085395425760455,16.118095750958314,13.0,0.0,0,27,COMMUNICATION,Mature 17+
Should I Answer?,4.8,12.377792367621742,13.815511557963774,8.8,0.0,0,14,COMMUNICATION,Everyone
RocketDial Dialer & Contacts,4.4,10.381428348966342,13.815511557963774,5.5,0.0,0,248,COMMUNICATION,Everyone
CIA - Caller ID & Call Blocker,4.0,11.00723662530939,15.424948670398354,,0.0,0,48,COMMUNICATION,Everyone
Calls Blacklist - Call Blocker,4.5,13.033059921061168,16.118095750958314,,0.0,0,77,COMMUNICATION,Everyone
Call Control - Call Blocker,4.4,11.449197282086578,15.424948670398354,11.0,0.0,0,35,COMMUNICATION,Everyone
True Contact - Real Caller ID,4.1,10.382327030444262,13.815511557963774,,0.0,0,14,COMMUNICATION,Everyone
Video Caller Id,4.2,9.634823485920109,13.815511557963774,17.0,0.0,0,197,COMMUNICATION,Everyone
Sync.ME – Caller ID & Block,4.5,12.234368514685022,15.424948670398354,17.0,0.0,0,14,COMMUNICATION,Everyone
Burner - Free Phone Number,4.3,9.607370001263245,13.815511557963774,,0.0,0,28,COMMUNICATION,Everyone
Caller ID +,4.0,9.158941808890182,13.815511557963774,0.115234375,0.0,0,793,COMMUNICATION,Everyone
Gmail,4.3,15.342541169275973,20.72326583794641,,0.0,0,7,COMMUNICATION,Everyone
K-9 Mail,4.2,11.389943940555,15.424948670398354,5.1,0.0,0,215,COMMUNICATION,Everyone
"myMail – Email for Hotmail, Gmail and Outlook Mail",4.5,12.628784830714224,16.118095750958314,,0.0,0,6,COMMUNICATION,Everyone
Email TypeApp - Mail App,4.6,12.119288515445282,13.815511557963774,44.0,0.0,0,8,COMMUNICATION,Everyone
All Email Providers,4.1,9.947600127154448,13.815511557963774,7.3,0.0,0,128,COMMUNICATION,Everyone
"Newton Mail - Email App for Gmail, Outlook, IMAP",4.0,11.716649675524588,13.815511557963774,30.0,0.0,0,21,COMMUNICATION,Everyone
GO Notifier,4.2,11.730831323488175,16.118095750958314,0.6787109375,0.0,0,1495,COMMUNICATION,Everyone
Mail.Ru - Email App,4.6,13.638586011076537,17.72753358339242,,0.0,0,6,COMMUNICATION,Everyone
Mail1Click - Secure Mail,4.1,5.545177444479562,9.210440366976517,1.6,0.0,0,485,COMMUNICATION,Everyone
Daum Mail - Next Mail,4.3,10.631543277584262,15.424948670398354,19.0,0.0,0,49,COMMUNICATION,Everyone
mail.com mail,4.2,10.707885367893804,13.815511557963774,,0.0,0,15,COMMUNICATION,Everyone
SolMail - All-in-One email app,4.3,10.073567822907728,13.122365377402328,,0.0,0,365,COMMUNICATION,Everyone
Hangouts,4.0,15.04500899367772,20.72326583794641,,0.0,0,19,COMMUNICATION,Everyone
Skype - free IM & video calls,4.1,16.165377058479013,20.72326583794641,,0.0,0,6,COMMUNICATION,Everyone
Vonage Mobile® Call Video Text,4.1,10.282232159944682,13.815511557963774,23.0,0.0,0,680,COMMUNICATION,Everyone
JusTalk - Free Video Calls and Fun Video Chat,4.6,12.160201466974017,15.424948670398354,26.0,0.0,0,5,COMMUNICATION,Everyone
AMBW Dating App: Asian Men Black Women Interracial,3.5,1.0986122886681098,4.61512051684126,17.0,7.99,1,565,DATING,Mature 17+
Match™ Dating - Meet Singles,3.7,11.246965744590764,16.118095750958314,,0.0,0,17,DATING,Mature 17+
CMB Free Dating App,4.0,10.796427770802033,13.815511557963774,40.0,0.0,0,8,DATING,Mature 17+
eharmony - Online Dating App,3.1,10.35204407807524,15.424948670398354,53.0,0.0,0,10,DATING,Mature 17+
Free Dating App & Flirt Chat - Match with Singles,4.4,12.057926402935522,15.424948670398354,3.1,0.0,0,5,DATING,Mature 17+
Clover Dating App,4.1,9.361687124470707,13.122365377402328,23.0,0.0,0,16,DATING,Mature 17+
Mingle2 - Free Online Dating & Singles Chat Rooms,4.3,10.520131587109958,13.815511557963774,44.0,0.0,0,6,DATING,Mature 17+
Free Dating App & Flirt Chat - Cheers,4.4,6.504288173536645,9.210440366976517,27.0,0.0,0,6,DATING,Mature 17+
Once - Quality Matches Every day,4.4,12.314429168672161,13.815511557963774,21.0,0.0,0,23,DATING,Mature 17+
BLK - Swipe. Match. Chat.,4.1,7.63433723562832,11.51293546492023,24.0,0.0,0,15,DATING,Mature 17+
Howlr,3.9,4.663439094112067,8.517393171418904,27.0,0.0,0,51,DATING,Mature 17+
Stranger Chat & Date,3.6,8.13593277200489,13.122365377402328,6.2,0.0,0,64,DATING,Mature 17+
RandoChat - Chat roulette,3.6,9.37644785490711,13.815511557963774,12.0,0.0,0,44,DATING,Mature 17+
BeWild Free Dating & Chat App,3.4,7.600902459542082,11.51293546492023,8.0,0.0,0,552,DATING,Mature 17+
OurTime Dating for Singles 50+,3.4,7.832014180505469,11.51293546492023,5.0,0.0,0,15,DATING,Mature 17+
FarmersOnly Dating,3.0,7.044905117129371,11.51293546492023,1.4,0.0,0,896,DATING,Mature 17+
Sudy – Meet Elite & Rich Single,4.1,9.75666826558467,13.122365377402328,40.0,0.0,0,45,DATING,Mature 17+
Single Parent Meet #1 Dating,3.5,7.860956364876389,13.122365377402328,5.0,0.0,0,15,DATING,Mature 17+
EliteSingles – Dating for Single Professionals,2.5,8.59007183682881,13.122365377402328,19.0,0.0,0,9,DATING,Mature 17+
InterracialCupid - Interracial Dating App,3.4,5.3612921657094255,10.819798284210286,3.0,0.0,0,57,DATING,Mature 17+
Sugar Mommas Dating And Single Search,3.5,7.587310506022615,13.815511557963774,13.0,0.0,0,89,DATING,Mature 17+
"Hide App, Private Dating, Safe Chat - PrivacyHider",4.4,10.4690002054518,13.815511557963774,7.2,0.0,0,80,DATING,Everyone
NoBuffDating - Free Dating App,4.2,7.570443252057374,11.51293546492023,,0.0,0,578,DATING,Mature 17+
Sugar Daddy Dating App,2.5,5.627621113690637,11.51293546492023,5.7,0.0,0,248,DATING,Mature 17+
Free Dating App - Meet Local Singles - Flirt Chat,4.1,6.716594773520978,11.51293546492023,,0.0,0,224,DATING,Mature 17+
SnpCupid Dating,3.5,6.9975959829819265,11.51293546492023,5.8,0.0,0,558,DATING,Mature 17+
Adult Dating - AdultFinder,3.3,7.379008127628304,13.122365377402328,3.8,0.0,0,554,DATING,Mature 17+
Gay Sugar Daddy Dating & Hookup – Sudy Gay,4.1,7.70210434005105,11.51293546492023,41.0,0.0,0,50,DATING,Mature 17+
BBWCupid - BBW Dating App,3.5,5.488937726156687,10.819798284210286,2.8,0.0,0,69,DATING,Mature 17+
ChatVideo Meet new people,4.2,11.066435216709133,15.424948670398354,20.0,0.0,0,70,DATING,Mature 17+
"TryDate - Free Online Dating App, Chat Meet Adults",4.4,8.97322466309509,13.122365377402328,15.0,0.0,0,102,DATING,Mature 17+
"USA Singles Meet, Match and Date Free - Date",4.2,8.53405030848266,11.51293546492023,9.6,0.0,0,6,DATING,Mature 17+
Hinge: Dating & Relationships,4.2,8.959311617172437,13.122365377402328,12.0,0.0,0,6,DATING,Mature 17+
The League,3.0,6.731018100482083,11.51293546492023,9.4,0.0,0,24,DATING,Mature 17+
Casual Dating & Adult Singles - Joyride,4.5,11.029033842444319,15.424948670398354,11.0,0.0,0,9,DATING,Mature 17+
"Herpes Dating: 1,000K+ Singles",4.0,6.6052979209482015,9.210440366976517,27.0,0.0,0,8,DATING,Mature 17+
Heart mill,3.3,8.440744019252831,11.51293546492023,45.0,0.0,0,5,DATING,Mature 17+
"Chispa, the Dating App for Latino, Latina Singles",4.2,8.341886969516187,11.51293546492023,24.0,0.0,0,15,DATING,Mature 17+
"Blendr - Chat, Flirt & Meet",4.0,10.263676315774656,13.815511557963774,,0.0,0,8,DATING,Mature 17+
Find Real Love — YouLove Premium Dating,4.5,12.267294735885553,16.118095750958314,11.0,0.0,0,9,DATING,Mature 17+
Mutual - LDS Dating,3.7,7.272398392570047,10.819798284210286,38.0,0.0,0,10,DATING,Mature 17+
Cougar Dating Life : Date Older Women Sugar Mummy,3.9,7.406103381237015,13.122365377402328,31.0,0.0,0,37,DATING,Mature 17+
stranger chat - anonymous chat,3.5,9.488350824731233,13.815511557963774,6.1,0.0,0,33,DATING,Mature 17+
Millionaire Match: Rich Singles Dating App,3.9,6.74993119378857,11.51293546492023,27.0,0.0,0,10,DATING,Mature 17+
2RedBeans,4.0,5.823045895483019,9.210440366976517,32.0,0.0,0,9,DATING,Mature 17+
Dating for 50 plus Mature Singles – FINALLY,4.6,9.47654341275084,13.122365377402328,13.0,0.0,0,9,DATING,Mature 17+
"SweetRing - Meet, Match, Date",4.0,10.853193717949686,13.815511557963774,63.0,0.0,0,14,DATING,Mature 17+
"BiggerCity: Chat for gay bears, chubs & chasers",4.1,6.828712071641684,11.51293546492023,44.0,0.0,0,7,DATING,Mature 17+
"Moco+ - Chat, Meet People",4.2,7.344072850573066,9.210440366976517,,3.99,1,51,DATING,Mature 17+
SilverSingles: The 50+ Dating App,3.3,5.0106352940962555,9.210440366976517,16.0,0.0,0,9,DATING,Mature 17+
Herpes Positive Singles Dating,4.4,5.293304824724492,9.210440366976517,28.0,0.0,0,83,DATING,Mature 17+
"Chat Rooms, Avatars, Date - Galaxy",4.3,11.816143723445986,16.118095750958314,,0.0,0,33,DATING,Mature 17+
"FastMeet: Chat, Dating, Love",4.2,10.023312945604477,13.815511557963774,5.9,0.0,0,13,DATING,Mature 17+
Christian Dating For Free App,3.9,9.07383312732152,13.122365377402328,13.0,0.0,0,50,DATING,Mature 17+
Glam - Premium Dating App,4.3,10.05065677575275,13.122365377402328,9.0,0.0,0,15,DATING,Mature 17+
"iDates - Chats, Flirts, Dating, Love & Relations",3.4,9.53899642739739,13.122365377402328,20.0,0.0,0,51,DATING,Mature 17+
"Meet24 - Love, Chat, Singles",4.2,10.952279146220281,13.815511557963774,7.9,0.0,0,13,DATING,Mature 17+
Black White Interracial Dating - Interracial Match,4.1,6.2878585601617845,11.51293546492023,28.0,0.0,0,133,DATING,Mature 17+
JustDating,4.0,9.506065016071148,13.122365377402328,49.0,0.0,0,6,DATING,Mature 17+
Interracial Match Dating App,3.6,4.969813299576001,9.210440366976517,27.0,0.0,0,17,DATING,Mature 17+
Russian Dating & Chat for Russian speaking RusDate,4.2,6.966024187106113,11.51293546492023,18.0,0.0,0,14,DATING,Mature 17+
Sky People (SPI): A secure blind date through authentication by Seoul National University,3.5,6.796823718274855,11.51293546492023,14.0,0.0,0,23,DATING,Mature 17+
Sweet mi - unlimited hunnam hunting blind date,4.0,8.731013415269564,13.122365377402328,27.0,0.0,0,28,DATING,Mature 17+
Mingle - Online Dating App to Chat & Meet People,4.1,9.621257258762592,13.815511557963774,38.0,0.0,0,14,DATING,Mature 17+
Hitwe - meet people and chat,4.2,12.404722664436237,16.118095750958314,21.0,0.0,0,91,DATING,Mature 17+
A hundred,4.1,5.4680601411351315,9.210440366976517,8.8,0.0,0,133,DATING,Mature 17+
JustSayHi- Dating App. Chat & Meet Singles Nearby,4.2,8.547334348328224,11.51293546492023,38.0,0.0,0,14,DATING,Mature 17+
FERZU - Furries Social Network,3.9,7.3632795869630385,9.210440366976517,,0.0,0,174,DATING,Mature 17+
WannaMeet – Dating & Chat App,4.1,8.810161268297255,13.815511557963774,11.0,0.0,0,41,DATING,Mature 17+
"Meet4U - Chat, Love, Singles!",4.2,10.597634233429156,13.815511557963774,6.5,0.0,0,13,DATING,Mature 17+
Luxy Pro- Elite Dating Single,3.9,6.610696044717759,10.819798284210286,26.0,0.0,0,124,DATING,Mature 17+
Dating Network,4.0,5.236441962829949,9.210440366976517,19.0,0.0,0,14,DATING,Mature 17+
"Chatting - Free chat, random chat, boyfriend, girlfriend",4.2,7.826842098158293,13.122365377402328,6.1,0.0,0,420,DATING,Mature 17+
"iPair-Meet, Chat, Dating",4.5,12.117170391048855,15.424948670398354,77.0,0.0,0,7,DATING,Mature 17+
"Meet, chat & date. Free dating app - Chocolate app",3.9,9.066700921774572,13.815511557963774,9.5,0.0,0,128,DATING,Mature 17+
Transenger – Ts Dating and Chat for Free,3.6,2.1972245773362196,6.90875477931522,14.0,0.0,0,11,DATING,Mature 17+
O-Star,4.4,4.0943445622221,8.517393171418904,38.0,0.0,0,21,DATING,Everyone
Live Girls Talk - Free Video Chat,4.8,4.836281906951478,8.517393171418904,4.7,0.0,0,32,DATING,Mature 17+
MouseMingle,2.7,1.3862943611198906,4.61512051684126,3.9,0.0,0,23,DATING,Mature 17+
American Girls Mobile Numbers,5.0,1.791759469228055,6.90875477931522,4.4,0.0,0,23,DATING,Mature 17+
FREE VIDEO CHAT - LIVE VIDEO AND TEXT CHAT,4.8,4.442651256490317,6.90875477931522,4.5,0.0,0,34,DATING,Mature 17+
Awake Dating,5.0,1.0986122886681098,4.61512051684126,70.0,0.0,0,16,DATING,Mature 17+
Live Chat - Free Video Chat Rooms,4.8,3.044522437723423,6.2166061010848646,4.9,0.0,0,25,DATING,Mature 17+
FREE LIVE TALK,4.9,6.655440350367647,8.517393171418904,4.9,0.0,0,26,DATING,Mature 17+
Random Chat App with Strangers,3.0,1.0986122886681098,4.61512051684126,16.0,0.0,0,23,DATING,Mature 17+
Live Chat - Free Video Talk,4.7,2.70805020110221,8.517393171418904,21.0,0.0,0,6,DATING,Mature 17+
House party - live chat,1.0,0.6931471805599453,2.3978952727983707,9.2,0.0,0,9,DATING,Mature 17+
Spine- The dating app,5.0,1.791759469228055,6.2166061010848646,9.3,0.0,0,26,DATING,Teen
Online Chat Girls Meet,4.7,2.9444389791664403,6.2166061010848646,5.0,0.0,0,15,DATING,Mature 17+
Girls Live Talk - Free Text and Video Chat,5.0,1.9459101490553132,4.61512051684126,5.0,0.0,0,8,DATING,Mature 17+
Online Girls Chat Group,5.0,1.791759469228055,4.61512051684126,5.0,0.0,0,7,DATING,Mature 17+
UK Girls Mobile Numbers,3.0,0.6931471805599453,6.2166061010848646,5.5,0.0,0,21,DATING,Mature 17+
chat saudi arabia,4.1,2.4849066497880004,6.90875477931522,11.0,0.0,0,26,DATING,Mature 17+
Speeding Joyride & Car Meet App,5.0,1.3862943611198906,4.61512051684126,25.0,0.0,0,20,DATING,Mature 17+
LOBSTR - go on a lunch date,3.7,4.624972813284271,9.210440366976517,15.0,0.0,0,16,DATING,Mature 17+
Titanic App - Feminist Dating Application,4.5,4.795790545596741,6.2166061010848646,10.0,0.0,0,5,DATING,Mature 17+
French Chat Room,4.2,3.2188758248682006,6.90875477931522,4.9,0.0,0,29,DATING,Mature 17+
Halalguur,4.3,1.9459101490553132,4.61512051684126,9.0,0.0,0,14,DATING,Mature 17+
95Live -SG#1 Live Streaming App,4.1,8.508152446764088,13.815511557963774,15.0,0.0,0,8,DATING,Teen
Just She - Top Lesbian Dating,1.9,6.86171134048073,11.51293546492023,19.0,0.0,0,22,DATING,Mature 17+
"Hily: Dating, Chat, Match, Meet & Hook up",4.1,7.848153086199526,11.51293546492023,56.0,0.0,0,8,DATING,Mature 17+
Black People Meet Singles Date,3.9,9.2314166975781,13.815511557963774,5.0,0.0,0,15,DATING,Mature 17+
Free Dating & Flirt Chat - Choice of Love,4.0,10.650128105536073,15.424948670398354,,0.0,0,16,DATING,Mature 17+
Cardi B Live Stream Video Chat - Prank,4.4,3.367295829986474,6.2166061010848646,3.4,0.0,0,24,DATING,Everyone
Chat Kids - Chat Room For Kids,4.7,1.9459101490553132,4.61512051684126,4.9,0.0,0,16,DATING,Mature 17+
"muzmatch: Muslim & Arab Singles, Marriage & Dating",3.8,8.550434525196039,11.51293546492023,25.0,0.0,0,16,DATING,Mature 17+
BBW Dating & Plus Size Chat,4.4,9.444146871458646,13.815511557963774,29.0,0.0,0,13,DATING,Mature 17+
"2Date Dating App, Love and matching",4.4,10.635999666618329,13.122365377402328,8.1,0.0,0,14,DATING,Mature 17+
BBW Dating & Curvy Singles Chat- LargeFriends,4.4,5.389071729816501,9.210440366976517,27.0,0.0,0,17,DATING,Mature 17+
FlirtChat - ♥Free Dating/Flirting App♥,4.3,7.797291273547472,13.122365377402328,13.0,0.0,0,14,DATING,Mature 17+
Live Talk - Free Text and Video Chat,4.6,5.225746673713202,9.210440366976517,5.0,0.0,0,24,DATING,Mature 17+
Adult Dirty Emojis,2.8,4.394449154672439,9.210440366976517,5.5,0.0,0,276,DATING,Teen
Free Cam Girls - Live Webcam,3.5,3.58351893845611,6.90875477931522,16.0,0.0,0,24,DATING,Mature 17+
Teenage Chat & Dating,3.4,1.791759469228055,6.2166061010848646,14.0,0.0,0,31,DATING,Mature 17+
Girls Online Talk - Free Text and Video Chat,4.7,6.674561391814426,9.210440366976517,3.7,0.0,0,86,DATING,Mature 17+
Girls Live Chat - Free Text & Video Chat,4.8,4.709530201312334,9.210440366976517,4.9,0.0,0,31,DATING,Mature 17+
Online Girls Chat,4.8,8.579980179515003,10.819798284210286,3.5,0.0,0,110,DATING,Mature 17+
LIVE VIDEO TALK,4.7,6.171700597410915,9.210440366976517,4.5,0.0,0,42,DATING,Mature 17+
SkyLove – Dating and chat,3.5,4.248495242049359,8.517393171418904,36.0,0.0,0,5,DATING,Mature 17+
Free Live Talk-Video Call,4.7,5.0689042022202315,9.210440366976517,4.5,0.0,0,35,DATING,Mature 17+
FindLoving,3.8,3.2188758248682006,6.90875477931522,19.0,0.0,0,7,DATING,Mature 17+
Sugar Daddies Dating App,2.9,3.9889840465642745,9.210440366976517,14.0,0.0,0,30,DATING,Mature 17+
Free Dating Hook Up Messenger,3.3,7.05444965813294,11.51293546492023,21.0,0.0,0,559,DATING,Mature 17+
"Free Dating App - YoCutie - Flirt, Chat & Meet",4.1,11.489656838030873,13.815511557963774,7.9,0.0,0,30,DATING,Mature 17+
English Communication - Learn English for Chinese (Learn English for Chinese),4.7,7.841885928984623,11.51293546492023,18.0,0.0,0,223,EDUCATION,Everyone
Learn Spanish - Español,4.7,10.38427655992558,13.815511557963774,3.2,0.0,0,234,EDUCATION,Everyone
Speed Reading,4.6,9.26974071525763,13.122365377402328,11.0,0.0,0,74,EDUCATION,Everyone
English for beginners,4.6,9.140132476932687,13.815511557963774,27.0,0.0,0,22,EDUCATION,Everyone
Flame - درب عقلك يوميا,4.6,10.93428484717576,13.815511557963774,37.0,0.0,0,14,EDUCATION,Everyone
Mermaids,4.2,9.567105311865157,15.424948670398354,,0.0,0,105,EDUCATION,Everyone
"Learn Japanese, Korean, Chinese Offline & Free",4.9,11.799133952228456,13.815511557963774,26.0,0.0,0,20,EDUCATION,Everyone
Kids Mode,3.8,7.8119734296220225,13.122365377402328,11.0,0.0,0,139,EDUCATION,Everyone
Dinosaurs Coloring Pages,4.4,5.968707559985366,13.122365377402328,41.0,0.0,0,187,EDUCATION,Everyone
Cars Coloring Pages,4.4,6.994849985833071,13.815511557963774,49.0,0.0,0,187,EDUCATION,Everyone
Math Tricks,4.5,12.745249546656398,16.118095750958314,8.1,0.0,0,11,EDUCATION,Everyone
Learn English Words Free,4.6,12.058969572875556,15.424948670398354,14.0,0.0,0,99,EDUCATION,Everyone
Japanese / English one-shop search dictionary - Free Japanese - English - Japanese dictionary application,3.9,4.127134385045092,10.819798284210286,18.0,0.0,0,73,EDUCATION,Mature 17+
English speaking texts,4.4,7.3901814282264295,13.815511557963774,3.0,0.0,0,20,EDUCATION,Everyone
Thai Handwriting,4.3,8.06117135969092,13.815511557963774,19.0,0.0,0,287,EDUCATION,Everyone
THAI DICT 2018,4.4,10.304141103647071,13.815511557963774,,0.0,0,11,EDUCATION,Mature 17+
Kanji test · Han search Kanji training (free version),4.2,8.81537000096066,13.815511557963774,22.0,0.0,0,296,EDUCATION,Mature 17+
Flippy Campus - Buy & sell on campus at a discount,4.0,6.7912214627261855,13.122365377402328,7.4,0.0,0,153,EDUCATION,Everyone
Free intellectual training game application |,4.2,8.655562860681009,13.815511557963774,84.0,0.0,0,15,EDUCATION,Everyone
ABC Preschool Free,3.8,10.22459231202622,15.424948670398354,25.0,0.0,0,288,EDUCATION,Everyone
PINKFONG Baby Shark,4.5,9.292196818446016,13.815511557963774,18.0,0.0,0,254,EDUCATION,Everyone
English words application mikan,4.7,9.19917830726999,13.122365377402328,,0.0,0,10,EDUCATION,Everyone
Learn English for beginners,4.5,7.5652752818989315,13.122365377402328,2.5,0.0,0,315,EDUCATION,Everyone
Listen and learn English in seven days,4.3,7.324489979348532,11.51293546492023,3.9,0.0,0,12,EDUCATION,Everyone
Lumosity: #1 Brain Games & Cognitive Training App,4.2,12.279796972672987,16.118095750958314,,0.0,0,8,EDUCATION,Everyone
Learn English from Persian: Persian to English,4.3,6.049733455231958,11.51293546492023,21.0,0.0,0,128,EDUCATION,Everyone
English with Lingualeo,4.7,12.447134697346728,15.424948670398354,27.0,0.0,0,20,EDUCATION,Everyone
"edX - Online Courses by Harvard, MIT & more",4.6,10.385357991846698,13.815511557963774,10.0,0.0,0,25,EDUCATION,Everyone 10+
Elevate - Brain Training Games,4.5,12.424858716802923,15.424948670398354,,0.0,0,10,EDUCATION,Everyone
NeuroNation - Focus and Brain Training,4.5,12.423423451243524,15.424948670398354,,0.0,0,78,EDUCATION,Everyone
Memorado - Brain Games,4.4,10.949015470111782,13.815511557963774,97.0,0.0,0,570,EDUCATION,Everyone
Brilliant,4.5,10.625853671765293,13.815511557963774,,0.0,0,6,EDUCATION,Everyone
CppDroid - C/C++ IDE,4.1,10.308319126670684,13.815511557963774,,0.0,0,357,EDUCATION,Everyone
Quiz&Learn Python,4.0,5.720311776607412,9.210440366976517,2.0,0.0,0,766,EDUCATION,Everyone
C++ Tutorials,4.1,5.883322388488279,10.819798284210286,1.9,0.0,0,1449,EDUCATION,Everyone
C++ Programming,4.3,9.384713758920963,13.815511557963774,1.8,0.0,0,1083,EDUCATION,Everyone
C Programming,4.3,10.010187171195184,13.815511557963774,1.8,0.0,0,1138,EDUCATION,Everyone
Learn C++,4.6,11.203747332173561,13.815511557963774,5.3,0.0,0,227,EDUCATION,Everyone
Learn programming,4.1,9.45203086057697,13.815511557963774,,0.0,0,81,EDUCATION,Everyone
Learn JavaScript,4.6,10.13396415121713,13.815511557963774,5.4,0.0,0,227,EDUCATION,Everyone
Learn Java,4.7,10.873205300793135,13.815511557963774,5.4,0.0,0,227,EDUCATION,Everyone
Learn HTML,4.7,11.030849254490224,13.815511557963774,5.4,0.0,0,227,EDUCATION,Everyone
"Programming Hub, Learn to code",4.3,10.927825188493417,13.815511557963774,15.0,0.0,0,5,EDUCATION,Everyone
Learn SQL,4.7,9.866719828343914,13.815511557963774,5.3,0.0,0,227,EDUCATION,Everyone
Ready4 SAT (Prep4 SAT),4.6,9.518780497512473,11.51293546492023,48.0,0.0,0,91,EDUCATION,Everyone
Socratic - Math Answers & Homework Help,4.6,10.541729660926741,13.815511557963774,5.4,0.0,0,63,EDUCATION,Everyone
Ready4 GMAT (Prep4 GMAT),4.6,9.818637474619734,11.51293546492023,47.0,0.0,0,80,EDUCATION,Everyone
Pocket GMAT Math,4.3,6.48768401848461,9.210440366976517,0.54296875,0.0,0,1490,EDUCATION,Everyone
GMAT Question Bank,4.2,5.484796933490655,9.210440366976517,29.0,0.0,0,1198,EDUCATION,Everyone
GRE Tutor,4.0,5.62040086571715,10.819798284210286,2.3,0.0,0,1711,EDUCATION,Everyone
GRE Flashcards,4.5,9.531843992903474,13.122365377402328,,0.0,0,64,EDUCATION,Everyone
"play2prep: ACT, SAT prep",4.2,8.214194414852564,11.51293546492023,4.4,0.0,0,1113,EDUCATION,Everyone
SAT Test,4.1,7.768110378525988,11.51293546492023,6.6,0.0,0,630,EDUCATION,Everyone
GMAT Math Flashcards,4.4,7.478734825567875,11.51293546492023,,0.0,0,29,EDUCATION,Everyone
Pocket SAT Math,4.0,6.066108090103747,9.210440366976517,0.513671875,0.0,0,1490,EDUCATION,Everyone
TOEFL Prep & Practice from Magoosh,4.5,6.6293632534374485,11.51293546492023,12.0,0.0,0,52,EDUCATION,Everyone
GRE Prep & Practice by Magoosh,4.4,8.285008895449879,11.51293546492023,,0.0,0,64,EDUCATION,Everyone
GRE® Flashcards by Kaplan,4.0,5.75890177387728,10.819798284210286,29.0,0.0,0,540,EDUCATION,Everyone
SAT Vocabulary,4.2,6.466144724237619,10.819798284210286,,0.0,0,65,EDUCATION,Everyone
Magoosh GMAT Prep & Practice,4.3,6.9650803456014065,11.51293546492023,,0.0,0,52,EDUCATION,Everyone
SAT Flashcards: Prep & Vocabulary,4.2,7.731053144007127,11.51293546492023,,0.0,0,275,EDUCATION,Everyone
Khan Academy,4.6,11.35482030983524,15.424948670398354,21.0,0.0,0,13,EDUCATION,Everyone
Quizlet: Learn Languages & Vocab with Flashcards,4.6,12.263666797755695,16.118095750958314,,0.0,0,8,EDUCATION,Everyone
Coursera: Online courses,4.4,11.412906214878154,15.424948670398354,,0.0,0,13,EDUCATION,Everyone
Udemy - Online Courses,4.5,11.503087227834325,13.815511557963774,18.0,0.0,0,7,EDUCATION,Everyone
Udacity - Lifelong Learning,4.3,10.016146370675067,13.815511557963774,17.0,0.0,0,9,EDUCATION,Everyone
Lynda - Online Training Videos,4.2,9.0595174822416,13.815511557963774,17.0,0.0,0,29,EDUCATION,Everyone
LinkedIn Learning: Online Courses to Learn Skills,4.6,8.983941527941301,13.815511557963774,18.0,0.0,0,13,EDUCATION,Everyone
Learn English with Phrases,4.2,8.647519453091812,13.815511557963774,,0.0,0,315,EDUCATION,Everyone
Free english course,4.7,11.868030176739444,15.424948670398354,6.9,0.0,0,28,EDUCATION,Everyone
Rosetta Stone: Learn to Speak & Read New Languages,4.5,12.058204688005583,15.424948670398354,76.0,0.0,0,43,EDUCATION,Everyone
Babbel – Learn Spanish,4.4,10.911427224594425,13.815511557963774,11.0,0.0,0,10,EDUCATION,Everyone
Mango Languages: Lovable Language Courses,4.0,8.479698986988657,13.122365377402328,19.0,0.0,0,23,EDUCATION,Everyone
Learn English with Aco,4.6,11.226748925301672,13.815511557963774,6.5,0.0,0,271,EDUCATION,Everyone
Learn to Speak English,4.4,10.423679178052442,13.815511557963774,7.0,0.0,0,25,EDUCATION,Everyone
Learn English with Wlingua,4.7,12.658106404454157,16.118095750958314,3.3,0.0,0,99,EDUCATION,Everyone
My Class Schedule: Timetable,4.1,9.143024664691316,13.815511557963774,,0.0,0,799,EDUCATION,Everyone
Study Checker,4.2,8.247220052745229,13.122365377402328,2.6,0.0,0,827,EDUCATION,Everyone
My Study Life - School Planner,4.3,10.775784598724393,13.815511557963774,21.0,0.0,0,422,EDUCATION,Everyone
HomeWork,4.3,9.692519577152051,13.815511557963774,5.2,0.0,0,688,EDUCATION,Everyone
Next Gen Science Standards,4.3,5.332718793265369,10.819798284210286,18.0,0.0,0,597,EDUCATION,Everyone
myHomework Student Planner,4.0,10.253897914895148,13.815511557963774,,0.0,0,155,EDUCATION,Everyone
Teacher's Gradebook - Additio,4.2,8.08394570229562,11.51293546492023,16.0,0.0,0,8,EDUCATION,Everyone
Common Core,4.0,6.728628613084702,11.51293546492023,15.0,0.0,0,597,EDUCATION,Everyone
Homework Planner,4.0,7.8343923029104365,11.51293546492023,1.2,0.0,0,1306,EDUCATION,Everyone
TeachersPayTeachers,3.8,6.720220155135295,11.51293546492023,,0.0,0,312,EDUCATION,Everyone
Socrative Teacher,3.9,7.122866658599083,11.51293546492023,1.8,0.0,0,741,EDUCATION,Everyone
Training schedule - AllUniver,4.1,6.555356891810665,9.210440366976517,7.6,0.0,0,297,EDUCATION,Everyone
Remind: School Communication,4.5,11.59555559161718,16.118095750958314,,0.0,0,6,EDUCATION,Everyone
Google Classroom,4.2,11.14906764296016,16.118095750958314,,0.0,0,21,EDUCATION,Everyone
ClassDojo,4.4,11.90868361260825,16.118095750958314,59.0,0.0,0,6,EDUCATION,Everyone
Lerni. Learn languages.,4.0,8.255308811785596,13.122365377402328,6.9,0.0,0,288,EDUCATION,Everyone
Learn 50 languages,4.4,10.919750308187213,15.424948670398354,14.0,0.0,0,51,EDUCATION,Everyone
"Learn languages, grammar & vocabulary with Memrise",4.7,13.918021116349138,16.118095750958314,,0.0,0,7,EDUCATION,Everyone
Innovative: Learn 34 Languages,4.5,9.561490079872078,13.122365377402328,21.0,0.0,0,14,EDUCATION,Everyone
Chegg Study - Homework Help,4.3,9.595670797663967,13.815511557963774,21.0,0.0,0,10,EDUCATION,Everyone
Canvas Student,4.5,10.664970722216369,13.815511557963774,,0.0,0,20,EDUCATION,Everyone
Timetable,4.2,10.60187099989132,13.815511557963774,,0.0,0,77,EDUCATION,Everyone
EasyBib: Citation Generator,3.5,7.2485040723706105,11.51293546492023,7.3,0.0,0,133,EDUCATION,Everyone
"HelloTalk — Chat, Speak & Learn Foreign Languages",4.4,11.342279482613773,15.424948670398354,41.0,0.0,0,15,EDUCATION,Everyone
SoloLearn: Learn to Code for Free,4.8,12.453245174643744,13.815511557963774,7.6,0.0,0,28,EDUCATION,Teen
Kids Learn Languages by Mondly,4.4,7.639642287858013,11.51293546492023,,0.0,0,228,EDUCATION,Everyone
Blinkist - Nonfiction Books,4.1,9.686822967319628,13.815511557963774,13.0,0.0,0,9,EDUCATION,Everyone
Sago Mini Hat Maker,4.9,2.4849066497880004,6.90875477931522,63.0,3.99,1,381,EDUCATION,Everyone
Toca Life: Hospital,4.7,8.16876982367527,11.51293546492023,24.0,3.99,1,58,EDUCATION,Everyone
Complete Spanish Movies,4.0,9.363662136919832,13.815511557963774,4.5,0.0,0,201,ENTERTAINMENT,Everyone
Pluto TV - It’s Free TV,4.2,10.273290940090206,13.815511557963774,,0.0,0,5,ENTERTAINMENT,Teen
Mobile TV,3.5,9.300181075975972,16.118095750958314,4.6,0.0,0,833,ENTERTAINMENT,Everyone
TV+,4.2,11.497913344849724,15.424948670398354,,0.0,0,42,ENTERTAINMENT,Everyone
Digital TV,3.1,8.564458383883352,15.424948670398354,,0.0,0,64,ENTERTAINMENT,Everyone
Motorola Spotlight Player™,4.6,10.02167050821384,16.118095750958314,3.3,0.0,0,1120,ENTERTAINMENT,Everyone
Vigo Lite,4.2,9.239122173401634,15.424948670398354,6.5,0.0,0,5,ENTERTAINMENT,Teen
Hotstar,4.3,15.401812280952862,18.420680753952364,,0.0,0,6,ENTERTAINMENT,Teen
"Peers.TV: broadcast TV channels First, Match TV, TNT ...",4.1,11.863448524814102,15.424948670398354,,0.0,0,10,ENTERTAINMENT,Teen
The green alien dance,3.8,8.850804195756417,13.815511557963774,12.0,0.0,0,35,ENTERTAINMENT,Everyone
Spectrum TV,3.4,10.749763462338244,15.424948670398354,,0.0,0,21,ENTERTAINMENT,Teen
H TV,4.3,11.543250963516295,15.424948670398354,5.6,0.0,0,35,ENTERTAINMENT,Everyone
StarTimes - Live International Champions Cup,4.4,9.780359005054978,13.815511557963774,9.7,0.0,0,6,ENTERTAINMENT,Everyone
Cinematic Cinematic,4.4,10.518700218288165,13.815511557963774,15.0,0.0,0,49,ENTERTAINMENT,Mature 17+
MEGOGO - Cinema and TV,4.0,12.075559550402318,16.118095750958314,,0.0,0,6,ENTERTAINMENT,Everyone
Talking Angela,3.7,14.418888926940108,18.420680753952364,52.0,0.0,0,28,ENTERTAINMENT,Everyone
DStv Now,3.9,10.460929550930699,15.424948670398354,,0.0,0,13,ENTERTAINMENT,Teen
ivi - movies and TV shows in HD,4.5,13.435884234608434,16.118095750958314,,0.0,0,9,ENTERTAINMENT,Teen
Radio Javan,4.4,10.756135362104326,13.815511557963774,4.5,0.0,0,22,ENTERTAINMENT,Everyone
Talking Ginger 2,4.2,13.463078030807479,17.72753358339242,49.0,0.0,0,35,ENTERTAINMENT,Everyone
Girly Lock Screen Wallpaper with Quotes,4.2,10.387733033446775,15.424948670398354,18.0,0.0,0,51,ENTERTAINMENT,Everyone
🔥 Football Wallpapers 4K | Full HD Backgrounds 😍,4.7,9.364090971782101,13.815511557963774,4.0,0.0,0,26,ENTERTAINMENT,Everyone
"Movies by Flixster, with Rotten Tomatoes",4.5,13.389346190705703,16.118095750958314,16.0,0.0,0,50,ENTERTAINMENT,Everyone
Low Poly – Puzzle art game,4.5,10.046028239318238,13.815511557963774,17.0,0.0,0,6,ENTERTAINMENT,Everyone
BBC Media Player,3.4,11.378078922200462,16.118095750958314,,0.0,0,694,ENTERTAINMENT,Everyone
Amazon Prime Video,4.2,12.92801134375286,17.72753358339242,24.0,0.0,0,7,ENTERTAINMENT,Teen
Adult Glitter Color by Number Book - Sandbox Pages,4.3,9.095939111666207,13.815511557963774,,0.0,0,19,ENTERTAINMENT,Everyone
IMDb Movies & TV,4.2,13.125356892364193,18.420680753952364,12.0,0.0,0,14,ENTERTAINMENT,Teen
Twitch: Livestream Multiplayer Games & Esports,4.6,14.573179228266758,17.72753358339242,,0.0,0,9,ENTERTAINMENT,Teen
Ziggo GO,4.1,10.2985992485648,13.815511557963774,78.0,0.0,0,6,ENTERTAINMENT,Teen
YouTube Gaming,4.2,11.779511574127275,15.424948670398354,,0.0,0,43,ENTERTAINMENT,Teen
PlayStation App,4.2,13.326218089410702,17.72753358339242,25.0,0.0,0,14,ENTERTAINMENT,Everyone
Talking Ben the Dog,4.3,14.306347533133195,18.420680753952364,57.0,0.0,0,37,ENTERTAINMENT,Everyone
Trailer Addict Movie Trailers,3.9,7.881182202227102,11.51293546492023,9.1,0.0,0,176,ENTERTAINMENT,Teen
Cinemark Theatres,4.1,9.99277966001489,13.815511557963774,39.0,0.0,0,28,ENTERTAINMENT,Teen
Regal Cinemas,4.3,10.396139022323208,13.815511557963774,,0.0,0,21,ENTERTAINMENT,Everyone
Marcus Theatres,3.6,7.878534196140362,11.51293546492023,8.5,0.0,0,183,ENTERTAINMENT,Everyone
Harkins Theatres,4.3,7.321188556739478,11.51293546492023,12.0,0.0,0,59,ENTERTAINMENT,Everyone
AMC Theatres,4.3,10.704389879336146,13.815511557963774,72.0,0.0,0,22,ENTERTAINMENT,Everyone
Cooking Channel,4.1,6.9411900550683745,11.51293546492023,16.0,0.0,0,13,ENTERTAINMENT,Teen
Animal Planet GO,4.2,7.8009820712577405,11.51293546492023,9.6,0.0,0,16,ENTERTAINMENT,Teen
"VRV: Anime, game videos & more",3.9,9.63266259715077,13.815511557963774,,0.0,0,51,ENTERTAINMENT,Teen
DramaFever: Stream Asian Drama Shows & Movies,4.2,11.952695376770382,13.815511557963774,22.0,0.0,0,8,ENTERTAINMENT,Teen
Investigation Discovery GO,4.5,9.41058370340406,13.815511557963774,13.0,0.0,0,16,ENTERTAINMENT,Teen
STARZ,4.3,11.387203499237188,16.118095750958314,,0.0,0,50,ENTERTAINMENT,Mature 17+
Acorn TV: World-class TV from Britain and Beyond,3.0,6.202535517187923,10.819798284210286,23.0,0.0,0,55,ENTERTAINMENT,Everyone
Univision NOW - Live TV and On Demand,4.0,10.043206015705211,13.815511557963774,,0.0,0,43,ENTERTAINMENT,Teen
SHOWTIME,4.2,9.425371103179842,13.815511557963774,,0.0,0,38,ENTERTAINMENT,Teen
SeriesGuide – Show & Movie Manager,4.3,11.073629492343159,13.815511557963774,4.4,0.0,0,19,ENTERTAINMENT,Mature 17+
Comedy Central,3.9,10.015878298115155,13.815511557963774,19.0,0.0,0,32,ENTERTAINMENT,Teen
Tubi TV - Free Movies & TV,4.3,12.600914863334424,16.118095750958314,11.0,0.0,0,25,ENTERTAINMENT,Teen
Crunchyroll - Everything Anime,3.7,12.644637205940528,16.118095750958314,,0.0,0,157,ENTERTAINMENT,Teen
CBS - Full Episodes & Live TV,3.8,11.430184954831244,16.118095750958314,12.0,0.0,0,20,ENTERTAINMENT,Teen
WWE,4.5,13.510159979358956,16.118095750958314,20.0,0.0,0,202,ENTERTAINMENT,Teen
Universal Kids,3.6,7.585281078639126,13.122365377402328,21.0,0.0,0,77,ENTERTAINMENT,Everyone
MTV,3.8,10.471071510120728,13.815511557963774,15.0,0.0,0,32,ENTERTAINMENT,Teen
Lifetime - Watch Full Episodes & Original Movies,4.0,10.489383542349097,13.815511557963774,19.0,0.0,0,24,ENTERTAINMENT,Teen
Showtime Anytime,3.7,9.826822467600643,13.815511557963774,,0.0,0,38,ENTERTAINMENT,Teen
Telemundo Now,3.9,9.06820060481506,13.815511557963774,19.0,0.0,0,76,ENTERTAINMENT,Teen
Netflix,4.4,15.512356418743188,18.420680753952364,,0.0,0,9,ENTERTAINMENT,Teen
Vudu Movies & TV,3.9,10.969628301057275,16.118095750958314,,0.0,0,8,ENTERTAINMENT,Teen
Crackle - Free TV & Movies,3.7,12.868992550470022,16.118095750958314,,0.0,0,119,ENTERTAINMENT,Teen
FOX NOW - On Demand & Live TV,3.9,11.016035618942716,15.424948670398354,,0.0,0,14,ENTERTAINMENT,Teen
Yidio: TV Show & Movie Guide,3.9,10.219210285143431,13.815511557963774,,0.0,0,9,ENTERTAINMENT,Teen
HISTORY: Watch TV Show Full Episodes & Specials,4.1,10.415951832970627,13.815511557963774,20.0,0.0,0,24,ENTERTAINMENT,Teen
Viki: Asian TV Dramas & Movies,4.3,12.918335943282349,16.118095750958314,,0.0,0,13,ENTERTAINMENT,Teen
Redbox,4.1,11.652983015822809,16.118095750958314,30.0,0.0,0,38,ENTERTAINMENT,Everyone
Tribeca Shortlist - Handpicked Movies,3.9,6.687108607866515,11.51293546492023,57.0,0.0,0,141,ENTERTAINMENT,Teen
VH1,4.1,10.219210285143431,13.815511557963774,17.0,0.0,0,32,ENTERTAINMENT,Teen
BET NOW - Watch Shows,4.2,9.602922854253334,13.815511557963774,19.0,0.0,0,32,ENTERTAINMENT,Teen
FOX,3.7,12.194885299889597,16.118095750958314,44.0,0.0,0,45,ENTERTAINMENT,Mature 17+
Nick Jr. - Shows & Games,4.2,9.101529466118004,13.815511557963774,35.0,0.0,0,198,ENTERTAINMENT,Everyone
Sticker Market: Emoji keyboard,4.3,5.717027701406222,9.210440366976517,44.0,0.0,0,238,ENTERTAINMENT,Teen
Kidjo TV Kids Have Fun & Learn,4.6,6.597145701886651,11.51293546492023,,0.0,0,8,ENTERTAINMENT,Everyone
Laugh Out Loud by Kevin Hart,4.3,7.526717561352706,11.51293546492023,20.0,0.0,0,8,ENTERTAINMENT,Teen
ColorFul - Adult Coloring Book,4.6,10.834193878644593,15.424948670398354,19.0,0.0,0,76,ENTERTAINMENT,Everyone
Fandango Movies - Times + Tickets,4.6,12.403890183698227,16.118095750958314,,0.0,0,7,ENTERTAINMENT,Teen
Hamilton — The Official App,4.5,7.362645270417825,11.51293546492023,43.0,0.0,0,27,ENTERTAINMENT,Everyone
My Talking Pet,4.6,8.738575192110787,11.51293546492023,,4.99,1,40,ENTERTAINMENT,Everyone
Funny Pics,3.9,9.204523486654617,13.815511557963774,,0.0,0,398,ENTERTAINMENT,Teen
Funny Quotes Free,4.2,10.0718369517632,13.815511557963774,3.6,0.0,0,97,ENTERTAINMENT,Teen
LOL Pics (Funny Pictures),4.4,11.12069735989406,13.815511557963774,7.7,0.0,0,1059,ENTERTAINMENT,Teen
Meme Creator,4.2,10.565402030664975,13.815511557963774,44.0,0.0,0,1052,ENTERTAINMENT,Mature 17+
"Imgur: Find funny GIFs, memes & watch viral videos",4.3,11.98395981284297,16.118095750958314,12.0,0.0,0,8,ENTERTAINMENT,Teen
Meme Generator,4.6,8.235360643753348,11.51293546492023,53.0,2.99,1,6,ENTERTAINMENT,Mature 17+
SketchBook - draw and paint,4.3,12.45552701163418,16.118095750958314,77.0,0.0,0,97,ENTERTAINMENT,Everyone
Colorfy: Coloring Book for Adults - Free,4.5,13.57620967717518,16.118095750958314,,0.0,0,50,ENTERTAINMENT,Everyone
All Events in City,4.0,8.23827262463303,11.51293546492023,9.5,0.0,0,58,EVENTS,Everyone
Ticketmaster Event Tickets,4.0,10.599480679545993,15.424948670398354,36.0,0.0,0,17,EVENTS,Everyone
Reminder,4.5,8.864322722511439,13.122365377402328,6.3,0.0,0,45,EVENTS,Everyone
Birdays - Birthday reminder,4.5,7.675081857716334,10.819798284210286,5.9,0.0,0,238,EVENTS,Everyone
"StubHub - Tickets to Sports, Concerts & Events",4.0,10.169307378130775,15.424948670398354,,0.0,0,7,EVENTS,Everyone
Fever,4.0,9.933628709448115,13.815511557963774,12.0,0.0,0,22,EVENTS,Teen
DroidAdmin for Android - Advice,4.2,6.699500340161678,9.210440366976517,2.8,0.0,0,72,EVENTS,Everyone
"SeatGeek – Tickets to Sports, Concerts, Broadway",4.4,9.652394528314963,13.815511557963774,26.0,0.0,0,6,EVENTS,Everyone
my4D,4.6,6.352629396319567,11.51293546492023,8.7,0.0,0,28,EVENTS,Everyone
Vivid Seats – Event Tickets,4.6,9.015905747298426,13.815511557963774,53.0,0.0,0,9,EVENTS,Everyone
Name days,4.1,8.035926369891792,11.51293546492023,,0.0,0,28,EVENTS,Everyone
LBB - Find New & Unique Things To Do Around You,4.6,8.262300941787448,11.51293546492023,14.0,0.0,0,13,EVENTS,Everyone
Happy Birthday Songs Offline,4.4,6.142037405587356,11.51293546492023,8.9,0.0,0,248,EVENTS,Everyone
Series Valley of the Wolves full of part,4.6,6.595780513961311,10.819798284210286,11.0,0.0,0,228,EVENTS,Everyone
Mummatikabalkuragi,4.9,4.248495242049359,6.90875477931522,0.326171875,0.0,0,18,EVENTS,Teen
"Gametime - Tickets to Sports, Concerts, Theater",4.5,9.082620630373812,13.815511557963774,24.0,0.0,0,23,EVENTS,Everyone
"PTI Flex Maker, Photo Frame Editor & Songs 2018",4.6,4.605170185988092,9.210440366976517,13.0,0.0,0,34,EVENTS,Everyone
Wipe out,4.7,3.4339872044851463,6.2166061010848646,,0.0,0,78,EVENTS,Teen
Birthdays & Other Events,4.3,6.124683390894205,10.819798284210286,2.8,0.0,0,49,EVENTS,Everyone
Events High - Meet Your City!,4.2,8.071218539969863,11.51293546492023,,0.0,0,47,EVENTS,Everyone 10+
vide-greniers.org,4.3,8.672486075822272,11.51293546492023,3.5,0.0,0,639,EVENTS,Everyone
SUMMER SONIC app,5.0,1.6094379124341003,6.2166061010848646,61.0,0.0,0,16,EVENTS,Everyone
Quake & Volcanoes: 3D Globe of Volcanic Eruptions,4.4,6.498282149476434,11.51293546492023,6.0,0.0,0,299,EVENTS,Everyone
Prosperity,5.0,2.833213344056216,4.61512051684126,2.3,0.0,0,31,EVENTS,Everyone
Picktrainer: India's largest photo contest app,4.5,6.97166860472579,11.51293546492023,9.0,0.0,0,70,EVENTS,Everyone
Goldstar: Live Event Tickets,4.5,7.577633832602728,11.51293546492023,,0.0,0,8,EVENTS,Teen
Emmabodafestivalen,4.8,2.5649493574615367,6.90875477931522,29.0,0.0,0,42,EVENTS,Everyone 10+
KudaGo - things to do in NY,4.4,8.366137716496281,11.51293546492023,4.4,0.0,0,469,EVENTS,Everyone
Mindvalley U Tallinn 2018,5.0,0.6931471805599453,4.61512051684126,21.0,0.0,0,37,EVENTS,Everyone
Freitas Auctioneer Official,3.7,4.61512051684126,10.819798284210286,27.0,0.0,0,237,EVENTS,Everyone
"Xceed - Clubs, DJs, Festivals & Tickets",4.1,5.991464547107982,11.51293546492023,24.0,0.0,0,6,EVENTS,Everyone
Arab Halls - For Wedding & Events,4.8,3.367295829986474,6.90875477931522,6.3,0.0,0,81,EVENTS,Everyone
Endurance Lifestyle,4.6,2.0794415416798357,6.2166061010848646,3.8,0.0,0,395,EVENTS,Teen
K PLUS,4.4,11.731458403726755,16.118095750958314,,0.0,0,44,FINANCE,Everyone
ING Banking,4.4,10.572393268723038,13.815511557963774,,0.0,0,6,FINANCE,Everyone
Citibanamex Movil,3.6,10.864885484309047,15.424948670398354,42.0,0.0,0,13,FINANCE,Everyone
The postal bank,3.7,10.511049611248131,15.424948670398354,,0.0,0,24,FINANCE,Everyone
KTB Netbank,3.8,10.66066531275321,15.424948670398354,19.0,0.0,0,42,FINANCE,Everyone
Mobile Bancomer,4.2,12.535674909263342,16.118095750958314,70.0,0.0,0,10,FINANCE,Everyone
Nedbank Money,4.2,8.712266432135355,13.122365377402328,32.0,0.0,0,12,FINANCE,Everyone
SCB EASY,4.2,11.63210308329955,15.424948670398354,93.0,0.0,0,21,FINANCE,Everyone
CASHIER,3.3,12.724089351376705,16.118095750958314,,0.0,0,98,FINANCE,Everyone
Rabo Banking,3.4,10.370580700437113,13.815511557963774,,0.0,0,21,FINANCE,Everyone
Capitec Remote Banking,4.3,9.936583780025318,13.815511557963774,,0.0,0,93,FINANCE,Everyone
Itau bank,4.2,13.772575916709965,16.118095750958314,40.0,0.0,0,10,FINANCE,Everyone
Nubank,4.7,11.779764318898527,15.424948670398354,24.0,0.0,0,7,FINANCE,Everyone
The Societe Generale App,4.1,10.348782162806907,13.815511557963774,,0.0,0,9,FINANCE,Everyone
IKO,4.7,12.026760555744227,13.815511557963774,20.0,0.0,0,36,FINANCE,Everyone
Cash App,4.0,10.446654511472781,16.118095750958314,15.0,0.0,0,7,FINANCE,Everyone
Standard Bank / Stanbic Bank,3.6,9.632203625893982,13.815511557963774,28.0,0.0,0,27,FINANCE,Everyone
Bualuang mBanking,4.0,10.788205054571177,15.424948670398354,10.0,0.0,0,24,FINANCE,Everyone
Intesa Sanpaolo Mobile,3.6,10.477823043556645,13.815511557963774,,0.0,0,38,FINANCE,Everyone
UBA Mobile Banking,4.3,9.40804303080844,13.815511557963774,,0.0,0,62,FINANCE,Everyone
BBVA Spain,4.2,10.511811868655796,15.424948670398354,,0.0,0,16,FINANCE,Everyone
MyMo by GSB,4.2,9.998661359405723,13.815511557963774,14.0,0.0,0,21,FINANCE,Everyone
VTB-Online,4.1,11.837700989559117,15.424948670398354,,0.0,0,7,FINANCE,Everyone
Ecobank Mobile Banking,4.0,9.398809659356372,13.815511557963774,42.0,0.0,0,76,FINANCE,Everyone
Banorte Movil,4.1,11.622971984143769,13.815511557963774,65.0,0.0,0,61,FINANCE,Everyone
Zenith Bank Mobile App,4.3,8.88405606174246,13.815511557963774,18.0,0.0,0,17,FINANCE,Everyone
"GCash - Buy Load, Pay Bills, Send Money",4.0,10.146786610053903,13.815511557963774,,0.0,0,9,FINANCE,Everyone
Post Bank,4.5,11.009571856042939,13.815511557963774,100.0,0.0,0,17,FINANCE,Everyone
İşCep,4.5,12.852623378962985,16.118095750958314,32.0,0.0,0,7,FINANCE,Everyone
People's Bank,3.6,9.277812087091196,13.815511557963774,46.0,0.0,0,22,FINANCE,Everyone
Transfer,4.1,10.367378789112905,15.424948670398354,9.8,0.0,0,13,FINANCE,Everyone
T-Mobile in,3.5,8.257644958208228,13.815511557963774,8.2,0.0,0,9,FINANCE,Everyone
TrueMoney Wallet,4.4,12.204496403913804,15.424948670398354,18.0,0.0,0,21,FINANCE,Everyone
Alfa-Bank (Alfa-Bank),4.0,10.70427764211143,13.815511557963774,,0.0,0,9,FINANCE,Everyone
Bank of Brazil,4.5,14.105375496230003,16.118095750958314,39.0,0.0,0,6,FINANCE,Everyone
WiseBanyan - Invest For Free,4.2,5.552959584921617,9.210440366976517,44.0,0.0,0,9,FINANCE,Everyone
"Robinhood - Investing, No Fees",4.6,10.959435873514742,13.815511557963774,,0.0,0,9,FINANCE,Everyone
"Even - organize your money, get paid early",4.8,9.417760962825156,11.51293546492023,21.0,0.0,0,7,FINANCE,Everyone
Digit Save Money Automatically,4.5,9.010547069270189,11.51293546492023,22.0,0.0,0,9,FINANCE,Everyone
Stash: Invest. Learn. Save.,4.2,9.385972940619341,13.815511557963774,23.0,0.0,0,13,FINANCE,Everyone
Expense IQ Money Manager,4.4,9.979105098994717,13.815511557963774,27.0,0.0,0,51,FINANCE,Everyone
Money Manager Expense & Budget,4.6,11.809802632661494,15.424948670398354,,0.0,0,15,FINANCE,Everyone
Wells Fargo Daily Change,4.2,5.648974238161206,11.51293546492023,5.0,0.0,0,105,FINANCE,Everyone
"Prism Pay Bills, Track Money, Personal Finance",4.6,9.738730826921646,13.122365377402328,32.0,0.0,0,5,FINANCE,Everyone
Monefy - Money Manager,4.6,11.619580142838768,13.815511557963774,7.4,0.0,0,37,FINANCE,Everyone
Chime - Mobile Banking,4.3,8.687610843707368,13.122365377402328,22.0,0.0,0,18,FINANCE,Everyone
Bluebird by American Express,4.2,9.661670735956298,13.815511557963774,,0.0,0,15,FINANCE,Everyone
Walmart MoneyCard,4.2,8.724044745953469,13.815511557963774,10.0,0.0,0,69,FINANCE,Everyone
Moven - Smart Finances,3.8,6.759255270663693,11.51293546492023,17.0,0.0,0,72,FINANCE,Everyone
Qapital - Save Small. Live Large,4.5,9.06681636189014,11.51293546492023,38.0,0.0,0,20,FINANCE,Everyone
Experian - Free Credit Report,4.6,10.0489289881863,13.815511557963774,46.0,0.0,0,28,FINANCE,Everyone
Branch,4.6,11.15587902346339,13.815511557963774,3.8,0.0,0,17,FINANCE,Everyone
"WalletHub - Free Credit Score, Report & Monitoring",4.7,7.179307969504034,10.819798284210286,9.3,0.0,0,51,FINANCE,Everyone
CreditWise from Capital One,4.6,10.188215265161473,13.815511557963774,8.4,0.0,0,21,FINANCE,Everyone
"NerdWallet: Personal Finance, Credit Score & Cash",4.6,7.790696031174738,11.51293546492023,28.0,0.0,0,6,FINANCE,Everyone
my face,3.8,6.961296045910167,11.51293546492023,9.7,0.0,0,30,FINANCE,Everyone
Credit Sesame,4.3,10.133288891514404,13.815511557963774,11.0,0.0,0,15,FINANCE,Everyone
Fresh EBT - Food Stamp Balance,4.5,9.897016661405816,13.815511557963774,7.4,0.0,0,16,FINANCE,Everyone
"Hurdlr: Track Mileage, Expenses, and Log Receipts",4.6,8.187855443695623,11.51293546492023,19.0,0.0,0,20,FINANCE,Everyone
Mobills: Budget Planner,4.6,11.991895029819986,13.815511557963774,16.0,0.0,0,6,FINANCE,Everyone
Everlance: Free Mileage Log,4.7,8.924656302187074,11.51293546492023,14.0,0.0,0,9,FINANCE,Everyone
MileIQ - Free Mileage Tracker for Business,4.5,10.738720061275421,13.815511557963774,22.0,0.0,0,9,FINANCE,Everyone
QuickBooks Self-Employed:Mileage Tracker and Taxes,4.4,9.625227618663251,13.815511557963774,25.0,0.0,0,16,FINANCE,Everyone
FREE Stock Market Trading Tips,3.9,6.5722825426940075,10.819798284210286,3.6,0.0,0,428,FINANCE,Everyone
MetaTrader 5,4.5,10.655163041535141,13.815511557963774,,0.0,0,6,FINANCE,Everyone
MetaTrader 4,4.6,12.470542384238048,15.424948670398354,,0.0,0,9,FINANCE,Everyone
Stock Quote,4.1,8.376781037699493,13.122365377402328,4.5,0.0,0,10,FINANCE,Everyone
Seeking Alpha,4.5,10.034910473896547,13.815511557963774,,0.0,0,6,FINANCE,Everyone
Stock Trainer: Virtual Trading (Stock Markets),4.4,10.664526999138992,13.815511557963774,23.0,0.0,0,13,FINANCE,Everyone
Stocks: Realtime Quotes Charts,4.5,9.729669736233394,13.815511557963774,,0.0,0,100,FINANCE,Everyone
"Stocks, Forex, Bitcoin, Ethereum: Portfolio & News",4.6,11.967218831760315,15.424948670398354,,0.0,0,8,FINANCE,Everyone
US Stock Market,4.4,7.56164174558878,11.51293546492023,4.2,0.0,0,8,FINANCE,Everyone
Bloomberg Professional,4.1,8.112227958349724,13.122365377402328,,0.0,0,17,FINANCE,Everyone
E*TRADE Mobile,3.9,9.274159884689137,13.815511557963774,58.0,0.0,0,7,FINANCE,Everyone
MSN Money- Stock Quotes & News,4.5,11.2690943949589,13.815511557963774,22.0,0.0,0,35,FINANCE,Everyone
Fox Business,3.7,7.861341795599989,13.122365377402328,,0.0,0,149,FINANCE,Everyone
NSE Mobile Trading,4.1,9.537411412656335,13.815511557963774,1.4,0.0,0,371,FINANCE,Everyone
Yahoo Finance,4.4,11.820064516753519,15.424948670398354,,0.0,0,10,FINANCE,Everyone
"JStock - Stock Market, Portfolio & News",4.6,9.311722986264785,13.122365377402328,9.1,0.0,0,22,FINANCE,Everyone
Acorns - Invest Spare Change,4.3,10.735592003983863,13.815511557963774,,0.0,0,9,FINANCE,Everyone
Webull - Stock Quotes & Free Stock Trading,4.3,10.459152689774811,13.815511557963774,,0.0,0,6,FINANCE,Everyone
"Trading 212 - Forex, Stocks, CFDs",4.3,10.534253882512301,15.424948670398354,,0.0,0,8,FINANCE,Everyone
Current debit card and app made for teens,4.3,6.530877627725885,10.819798284210286,21.0,0.0,0,6,FINANCE,Everyone
"Money Lover: Expense Tracker, Budget Planner",4.4,11.747586435444756,13.815511557963774,,0.0,0,8,FINANCE,Everyone
Betterment,4.4,8.237743803890933,11.51293546492023,11.0,0.0,0,6,FINANCE,Everyone
Citizens Bank Mobile Banking,4.1,9.628590074443766,13.815511557963774,38.0,0.0,0,78,FINANCE,Everyone
GoBank,4.4,8.691314551644853,13.122365377402328,12.0,0.0,0,69,FINANCE,Everyone
NetSpend Prepaid,4.2,9.679968930891835,13.815511557963774,45.0,0.0,0,92,FINANCE,Everyone
BBVA Compass Banking,4.3,8.683724062303869,13.122365377402328,50.0,0.0,0,13,FINANCE,Everyone
Simple - Better Banking,4.4,8.953122840328222,11.51293546492023,24.0,0.0,0,7,FINANCE,Everyone
PayPal,4.3,13.399632927208769,17.72753358339242,47.0,0.0,0,22,FINANCE,Everyone
BankMobile Vibe App,4.3,9.590692779269272,13.815511557963774,23.0,0.0,0,31,FINANCE,Everyone
Netspend Skylight ONE,3.9,7.002155954403621,11.51293546492023,46.0,0.0,0,92,FINANCE,Everyone
ACE Elite,4.1,7.972121128921655,11.51293546492023,45.0,0.0,0,92,FINANCE,Everyone
U.S. Bank,4.1,11.16737413785572,13.815511557963774,50.0,0.0,0,15,FINANCE,Everyone
Huntington Mobile,4.2,9.329455852866344,13.815511557963774,24.0,0.0,0,44,FINANCE,Everyone
USAA Mobile,4.5,11.522855993647136,15.424948670398354,33.0,0.0,0,13,FINANCE,Everyone
Associated Credit Union Mobile,4.7,8.098946748943339,10.819798284210286,12.0,0.0,0,71,FINANCE,Everyone
Bank of America Mobile Banking,4.4,12.739904582834367,16.118095750958314,53.0,0.0,0,9,FINANCE,Everyone
USE Credit Union Mobile,4.6,6.872128101338986,9.210440366976517,14.0,0.0,0,58,FINANCE,Everyone
Discover Mobile,4.6,11.384546490100442,15.424948670398354,68.0,0.0,0,17,FINANCE,Everyone
Wells Fargo Mobile,4.4,12.432092057589848,16.118095750958314,37.0,0.0,0,9,FINANCE,Everyone
Capital One® Mobile,4.6,13.142953929500338,16.118095750958314,79.0,0.0,0,8,FINANCE,Everyone
Amex Mobile,4.3,10.115772360515463,13.815511557963774,32.0,0.0,0,6,FINANCE,Everyone
Citi Mobile®,4.0,11.268392277727548,15.424948670398354,46.0,0.0,0,9,FINANCE,Everyone
Navy Federal Credit Union,4.4,10.676231187367216,13.815511557963774,40.0,0.0,0,31,FINANCE,Everyone
Chase Mobile,4.6,14.13363696279013,16.118095750958314,32.0,0.0,0,17,FINANCE,Everyone
HDFC Bank MobileBanking,4.2,12.247521643442713,16.118095750958314,,0.0,0,14,FINANCE,Everyone
Barclays US for Android,4.1,8.85352256068954,13.815511557963774,24.0,0.0,0,8,FINANCE,Everyone
Cookpad - FREE recipe search makes fun cooking · musical making!,4.1,11.078829374062911,16.118095750958314,13.0,0.0,0,7,FOOD_AND_DRINK,Everyone
DELISH KITCHEN - FREE recipe movies make food fun and easy!,4.6,10.40420223255139,13.815511557963774,13.0,0.0,0,5,FOOD_AND_DRINK,Everyone
Easy Recipes,4.7,7.903965634032166,11.51293546492023,8.9,0.0,0,86,FOOD_AND_DRINK,Everyone
Delicious Recipes,4.7,11.77327231120195,13.815511557963774,,0.0,0,6,FOOD_AND_DRINK,Teen
Tastely,4.7,13.32307643560553,16.118095750958314,19.0,0.0,0,27,FOOD_AND_DRINK,Everyone
Pastry & Cooking (Without Net),4.7,8.71915396346254,13.815511557963774,,0.0,0,33,FOOD_AND_DRINK,Everyone
Frigo Magic: Easy recipe idea and anti-waste,4.1,7.813591552952433,13.122365377402328,14.0,0.0,0,12,FOOD_AND_DRINK,Everyone
McDonald's - McDonald's Japan,3.4,11.606279186703437,16.118095750958314,64.0,0.0,0,6,FOOD_AND_DRINK,Everyone
Debonairs Pizza,3.8,8.108021221376747,13.122365377402328,8.4,0.0,0,5,FOOD_AND_DRINK,Everyone
Popeyes® App,3.7,4.127134385045092,10.819798284210286,11.0,0.0,0,17,FOOD_AND_DRINK,Everyone
Pyaterochka,3.1,9.037533407550814,13.815511557963774,,0.0,0,21,FOOD_AND_DRINK,Everyone
Refreshing app Free application that can use deal coupons,3.5,9.281916570465405,13.815511557963774,41.0,0.0,0,17,FOOD_AND_DRINK,Everyone
Simple Recipes,4.7,8.24380842366528,13.122365377402328,15.0,0.0,0,168,FOOD_AND_DRINK,Everyone
Grubhub: Food Delivery,4.5,11.957258659963776,15.424948670398354,35.0,0.0,0,7,FOOD_AND_DRINK,Everyone
hellofood - Food Delivery,4.0,10.683156406867319,13.815511557963774,25.0,0.0,0,666,FOOD_AND_DRINK,Everyone
Easy and quick desserts,4.6,7.243512974665482,11.51293546492023,10.0,0.0,0,56,FOOD_AND_DRINK,Everyone 10+
Domino's Pizza USA,4.7,13.84791579071295,16.118095750958314,,0.0,0,20,FOOD_AND_DRINK,Everyone
Chef - Recipes & Cooking,4.1,10.386098869820946,15.424948670398354,12.0,0.0,0,37,FOOD_AND_DRINK,Everyone
"Delivery Club-food delivery: pizza, sushi, burger, salad",4.3,11.925571395814284,15.424948670398354,,0.0,0,13,FOOD_AND_DRINK,Everyone
HungerStation,3.8,10.02189261691475,13.815511557963774,11.0,0.0,0,80,FOOD_AND_DRINK,Everyone
Delivery yogi.,4.4,11.40804261299072,16.118095750958314,,0.0,0,22,FOOD_AND_DRINK,Everyone
Delivery trough - delivery trough delivery trough,4.3,10.973648925030222,15.424948670398354,,0.0,0,15,FOOD_AND_DRINK,Everyone
Dr. Oetker recipe ideas,4.2,9.04899722156742,13.815511557963774,17.0,0.0,0,28,FOOD_AND_DRINK,Everyone
GialloZafferano: Recipes,4.3,10.316424675482994,13.815511557963774,,0.0,0,73,FOOD_AND_DRINK,Everyone
9th stage,4.5,6.12029741895095,11.51293546492023,16.0,0.0,0,134,FOOD_AND_DRINK,Everyone
OpenRice,3.6,9.612667227583843,13.815511557963774,39.0,0.0,0,62,FOOD_AND_DRINK,Everyone
SarashpazPapion (Cooking with Chef Bowls),4.8,7.1316985104669115,10.819798284210286,13.0,0.0,0,12,FOOD_AND_DRINK,Everyone
Little Caesars,3.3,7.454141078146678,13.122365377402328,30.0,0.0,0,21,FOOD_AND_DRINK,Everyone
Recipes Pastries and homemade pies More than 500 recipes for pastries,4.7,9.551515816867964,13.122365377402328,7.1,0.0,0,58,FOOD_AND_DRINK,Everyone
Om Waleed Sweets,4.6,6.322565239927284,11.51293546492023,23.0,0.0,0,196,FOOD_AND_DRINK,Teen
"Eat Fast Prepare ""Without Internet""",4.6,8.502282578680484,13.815511557963774,17.0,0.0,0,60,FOOD_AND_DRINK,Everyone
My Recipes Cookbook : RecetteTek,4.6,9.368027647811777,11.51293546492023,,0.0,0,46,FOOD_AND_DRINK,Everyone
Healthy Recipes Free,4.0,6.982862751468942,11.51293546492023,17.0,0.0,0,295,FOOD_AND_DRINK,Everyone
Cookbook Recipes,4.1,10.748067436856283,15.424948670398354,,0.0,0,17,FOOD_AND_DRINK,Teen
ChefTap Recipes & Grocery List,4.5,9.112396727646056,13.122365377402328,15.0,0.0,0,106,FOOD_AND_DRINK,Everyone
Recipe Keeper,4.4,7.5822291942764615,11.51293546492023,22.0,0.0,0,43,FOOD_AND_DRINK,Everyone
My CookBook (Recipe Manager),4.5,10.002065115897121,13.815511557963774,,0.0,0,41,FOOD_AND_DRINK,Everyone
50 Healthy Slow Cooker Recipes,4.0,5.2832037287379885,9.210440366976517,9.0,0.0,0,538,FOOD_AND_DRINK,Everyone 10+
Easy Healthy Recipes,4.1,5.631211781821365,10.819798284210286,7.2,0.0,0,20,FOOD_AND_DRINK,Everyone
Allrecipes Dinner Spinner,4.5,11.032984624785259,15.424948670398354,,0.0,0,121,FOOD_AND_DRINK,Everyone
My CookBook Pro (Ad Free),4.6,7.6638772587034705,9.210440366976517,,3.49,1,42,FOOD_AND_DRINK,Everyone
Paprika Recipe Manager,4.1,7.1459844677143876,10.819798284210286,2.3,4.99,1,67,FOOD_AND_DRINK,Everyone
Yummly Recipes & Shopping List,4.5,11.422563024889838,13.815511557963774,27.0,0.0,0,35,FOOD_AND_DRINK,Everyone
Kitchen Stories - Recipes & Cooking,4.6,9.99952474073307,13.815511557963774,,0.0,0,34,FOOD_AND_DRINK,Everyone
Cookpad,4.5,11.787294308359884,16.118095750958314,8.2,0.0,0,6,FOOD_AND_DRINK,Everyone
"BigOven Recipes, Meal Planner, Grocery List & More",4.3,10.373084849239977,13.815511557963774,76.0,0.0,0,259,FOOD_AND_DRINK,Teen
Postmates Food Delivery: Order Eats & Alcohol,3.6,10.037843605035206,13.815511557963774,22.0,0.0,0,13,FOOD_AND_DRINK,Everyone
Instacart: Grocery Delivery,4.4,9.745194973541535,13.815511557963774,,0.0,0,7,FOOD_AND_DRINK,Everyone
OpenTable: Restaurants Near Me,4.6,11.410261310860145,15.424948670398354,19.0,0.0,0,9,FOOD_AND_DRINK,Everyone
Foursquare City Guide,4.1,13.089759603939749,16.118095750958314,,0.0,0,17,FOOD_AND_DRINK,Teen
Munchery: Chef Crafted Fresh Food Delivered,3.9,6.142037405587356,10.819798284210286,28.0,0.0,0,79,FOOD_AND_DRINK,Everyone
"delivery.com: Order Food, Alcohol & Laundry",4.1,7.560601162768557,11.51293546492023,,0.0,0,9,FOOD_AND_DRINK,Everyone
Eat24 Food Delivery & Takeout,4.3,10.59955546360705,13.815511557963774,,0.0,0,7,FOOD_AND_DRINK,Everyone
EatStreet Food Delivery App,4.6,8.947806093057054,11.51293546492023,25.0,0.0,0,37,FOOD_AND_DRINK,Everyone
Pizza Hut,4.4,12.679616874448932,16.118095750958314,30.0,0.0,0,58,FOOD_AND_DRINK,Everyone
Caviar - Food Delivery,4.2,8.231109840328154,11.51293546492023,8.5,0.0,0,20,FOOD_AND_DRINK,Everyone
DoorDash - Food Delivery,4.5,11.556990196132329,13.815511557963774,,0.0,0,9,FOOD_AND_DRINK,Everyone
Chick-fil-A,4.3,10.240316868254155,15.424948670398354,17.0,0.0,0,6,FOOD_AND_DRINK,Everyone
Uber Eats: Local Food Delivery,4.2,12.716525199714361,16.118095750958314,34.0,0.0,0,8,FOOD_AND_DRINK,Everyone
Seamless Food Delivery/Takeout,4.5,10.469340988688563,13.815511557963774,34.0,0.0,0,7,FOOD_AND_DRINK,Everyone
Talabat: Food Delivery,4.5,11.664822177950205,15.424948670398354,,0.0,0,8,FOOD_AND_DRINK,Everyone
TheFork - Restaurants booking and special offers,4.3,10.532576096795353,15.424948670398354,17.0,0.0,0,20,FOOD_AND_DRINK,Everyone
foodpanda - Local Food Delivery,4.0,12.587825493678586,16.118095750958314,16.0,0.0,0,10,FOOD_AND_DRINK,Everyone
Zomato - Restaurant Finder and Food Delivery App,4.3,13.144948404742708,16.118095750958314,,0.0,0,8,FOOD_AND_DRINK,Everyone
Step Counter - Calorie Counter,4.0,7.363913501405819,13.122365377402328,2.2,0.0,0,362,HEALTH_AND_FITNESS,Everyone
Lose Belly Fat in 30 Days - Flat Stomach,4.9,10.547943314051182,15.424948670398354,11.0,0.0,0,49,HEALTH_AND_FITNESS,Everyone
Pedometer - Step Counter Free & Calorie Burner,4.8,10.346248445387989,13.815511557963774,6.9,0.0,0,16,HEALTH_AND_FITNESS,Everyone
Six Pack in 30 Days - Abs Workout,4.9,12.514799220890126,16.118095750958314,13.0,0.0,0,49,HEALTH_AND_FITNESS,Everyone
Lose Weight in 30 Days,4.8,12.301955388661556,16.118095750958314,11.0,0.0,0,9,HEALTH_AND_FITNESS,Everyone
Pedometer,4.4,12.90070122827187,16.118095750958314,2.9,0.0,0,36,HEALTH_AND_FITNESS,Everyone
LG Health,3.3,9.908425341565751,16.118095750958314,25.0,0.0,0,87,HEALTH_AND_FITNESS,Everyone
Step Counter - Pedometer Free & Calorie Counter,4.7,11.677812588082588,16.118095750958314,7.0,0.0,0,16,HEALTH_AND_FITNESS,Everyone
"Pedometer, Step Counter & Weight Loss Tracker App",4.6,13.214070711109725,16.118095750958314,27.0,0.0,0,7,HEALTH_AND_FITNESS,Everyone
Sportractive GPS Running Cycling Distance Tracker,4.8,10.784710535749783,13.815511557963774,7.5,0.0,0,5,HEALTH_AND_FITNESS,Everyone
30 Day Fitness Challenge - Workout at Home,4.8,13.062691926176443,16.118095750958314,,0.0,0,6,HEALTH_AND_FITNESS,Everyone
Home Workout for Men - Bodybuilding,4.8,9.449829601826478,13.815511557963774,15.0,0.0,0,30,HEALTH_AND_FITNESS,Everyone
Fat Burning Workout - Home Weight lose,4.5,6.561030665896573,11.51293546492023,9.4,0.0,0,16,HEALTH_AND_FITNESS,Everyone
Buttocks and Abdomen,4.4,6.144185634125646,13.122365377402328,6.4,0.0,0,63,HEALTH_AND_FITNESS,Everyone
Walking for Weight Loss - Walk Tracker,4.5,6.4692503167957724,11.51293546492023,5.5,0.0,0,15,HEALTH_AND_FITNESS,Everyone
Running & Jogging,4.5,8.738575192110787,13.122365377402328,3.9,0.0,0,10,HEALTH_AND_FITNESS,Everyone
Sleep Sounds,4.8,10.844041536545962,13.815511557963774,28.0,0.0,0,27,HEALTH_AND_FITNESS,Everyone
Fitbit,3.9,12.786661244177363,16.118095750958314,,0.0,0,14,HEALTH_AND_FITNESS,Everyone
Lose Belly Fat-Home Abs Fitness Workout,4.6,5.298317366548036,10.819798284210286,8.8,0.0,0,16,HEALTH_AND_FITNESS,Everyone
Cycling - Bike Tracker,4.5,9.117896081584902,13.122365377402328,4.0,0.0,0,10,HEALTH_AND_FITNESS,Everyone
Abs Training-Burn belly fat,4.7,7.6362696033793735,11.51293546492023,6.9,0.0,0,16,HEALTH_AND_FITNESS,Everyone
Calorie Counter - EasyFit free,4.7,10.825660947568439,13.815511557963774,11.0,0.0,0,31,HEALTH_AND_FITNESS,Everyone
Aunjai i lert u,4.2,7.039660349862076,13.122365377402328,5.5,0.0,0,576,HEALTH_AND_FITNESS,Teen
Garmin Connect™,3.9,12.355156223538698,16.118095750958314,,0.0,0,7,HEALTH_AND_FITNESS,Everyone
BetterMe: Weight Loss Workouts,4.2,9.596282813595483,15.424948670398354,15.0,0.0,0,14,HEALTH_AND_FITNESS,Everyone
Bike Computer - GPS Cycling Tracker,4.4,9.395158808968725,13.815511557963774,4.3,0.0,0,5,HEALTH_AND_FITNESS,Everyone
Six Packs for Man–Body Building with No Equipment,4.6,7.9658927350845286,11.51293546492023,7.1,0.0,0,16,HEALTH_AND_FITNESS,Everyone
Running Distance Tracker +,4.7,11.261613893828098,13.815511557963774,,0.0,0,41,HEALTH_AND_FITNESS,Everyone
The TK-App - everything under control,4.5,9.064505023752638,11.51293546492023,18.0,0.0,0,7,HEALTH_AND_FITNESS,Everyone
Walking: Pedometer diet,3.7,7.529406457837013,13.815511557963774,1.5,0.0,0,52,HEALTH_AND_FITNESS,Everyone
Recipes for hair and face tried,4.5,7.093404625868766,13.122365377402328,6.5,0.0,0,662,HEALTH_AND_FITNESS,Everyone
Abs Workout - 30 Days Fitness App for Six Pack Abs,4.6,5.703782474656201,11.51293546492023,11.0,0.0,0,6,HEALTH_AND_FITNESS,Everyone
Keep Trainer - Workout Trainer & Fitness Coach,4.7,9.603125426926972,13.815511557963774,,0.0,0,16,HEALTH_AND_FITNESS,Everyone
Couch to 10K Running Trainer,4.6,9.253974408996244,13.122365377402328,48.0,0.0,0,38,HEALTH_AND_FITNESS,Everyone
PumpUp — Fitness Community,4.0,10.809323826506423,13.815511557963774,57.0,0.0,0,30,HEALTH_AND_FITNESS,Teen
"Home workouts - fat burning, abs, legs, arms,chest",4.3,8.486527777105353,13.815511557963774,13.0,0.0,0,22,HEALTH_AND_FITNESS,Everyone
Running Weight Loss Walking Jogging Hiking FITAPP,4.4,9.943333070458252,13.815511557963774,,0.0,0,13,HEALTH_AND_FITNESS,Teen
"Strava Training: Track Running, Cycling & Swimming",4.5,12.70220078853558,16.118095750958314,,0.0,0,8,HEALTH_AND_FITNESS,Teen
Workout Trainer: fitness coach,4.2,11.5169872049249,16.118095750958314,,0.0,0,40,HEALTH_AND_FITNESS,Everyone
StrongLifts 5x5 Workout Gym Log & Personal Trainer,4.9,11.109338591873836,13.815511557963774,10.0,0.0,0,10,HEALTH_AND_FITNESS,Everyone
7 Minute Workout,4.5,12.89674175821458,16.118095750958314,,0.0,0,62,HEALTH_AND_FITNESS,Everyone
Workout Tracker & Gym Trainer - Fitness Log Book,4.6,8.598035579260339,13.122365377402328,21.0,0.0,0,65,HEALTH_AND_FITNESS,Everyone
Freeletics: Personal Trainer & Fitness Workouts,4.5,11.77609709573751,16.118095750958314,25.0,0.0,0,6,HEALTH_AND_FITNESS,Everyone
Fitbit Coach,4.6,10.273394565243578,13.815511557963774,60.0,0.0,0,24,HEALTH_AND_FITNESS,Everyone
"JEFIT Workout Tracker, Weight Lifting, Gym Log App",4.5,11.003715202472089,15.424948670398354,27.0,0.0,0,124,HEALTH_AND_FITNESS,Teen
Map My Ride GPS Cycling Riding,4.5,11.576350866820327,13.815511557963774,54.0,0.0,0,13,HEALTH_AND_FITNESS,Everyone
Daily Workouts - Exercise Fitness Routine Trainer,4.4,11.807056696816188,16.118095750958314,,0.0,0,56,HEALTH_AND_FITNESS,Everyone
Google Fit - Fitness Tracking,3.9,12.428640030892655,16.118095750958314,,0.0,0,16,HEALTH_AND_FITNESS,Everyone
Sworkit: Workouts & Fitness Plans,4.6,11.606024110224661,15.424948670398354,78.0,0.0,0,8,HEALTH_AND_FITNESS,Everyone
Map My Fitness Workout Trainer,4.4,10.554353340839468,13.815511557963774,55.0,0.0,0,13,HEALTH_AND_FITNESS,Everyone
Sports Tracker Running Cycling,4.5,12.156083763185102,15.424948670398354,,0.0,0,6,HEALTH_AND_FITNESS,Everyone
8fit Workouts & Meal Planner,4.6,11.65894604203785,16.118095750958314,67.0,0.0,0,29,HEALTH_AND_FITNESS,Everyone
Seven - 7 Minute Workout Training Challenge,4.5,11.232841123193209,13.815511557963774,,0.0,0,6,HEALTH_AND_FITNESS,Everyone
Relax Meditation: Sleep with Sleep Sounds,4.4,10.186445986151496,13.815511557963774,43.0,0.0,0,546,HEALTH_AND_FITNESS,Everyone
Free Meditation - Take a Break,4.2,7.3833681469923835,11.51293546492023,39.0,0.0,0,742,HEALTH_AND_FITNESS,Everyone
Meditate OM,4.5,9.856133856152658,13.815511557963774,4.2,0.0,0,204,HEALTH_AND_FITNESS,Everyone
Yoga - Track Yoga,4.5,8.984317679911129,13.122365377402328,44.0,0.0,0,31,HEALTH_AND_FITNESS,Everyone
My Chakra Meditation,4.4,8.934191535338075,13.122365377402328,45.0,0.0,0,121,HEALTH_AND_FITNESS,Everyone
Relax with Andrew Johnson Lite,4.3,7.9676267393338165,11.51293546492023,,0.0,0,2242,HEALTH_AND_FITNESS,Everyone
Meditation Studio,4.6,6.934397209928558,9.210440366976517,29.0,3.99,1,86,HEALTH_AND_FITNESS,Everyone
Down Dog: Great Yoga Anywhere,4.9,10.273187304197549,13.122365377402328,12.0,0.0,0,84,HEALTH_AND_FITNESS,Teen
My Chakra Meditation 2,4.3,7.161622002939187,11.51293546492023,31.0,0.0,0,121,HEALTH_AND_FITNESS,Everyone
Simply Yoga - Fitness Trainer for Workouts & Poses,4.1,8.82864061741828,13.815511557963774,,0.0,0,56,HEALTH_AND_FITNESS,Everyone
Relax Melodies P: Sleep Sounds,4.8,9.880423612937577,11.51293546492023,,2.99,1,202,HEALTH_AND_FITNESS,Everyone
Relax Melodies: Sleep Sounds,4.5,12.359840394906067,15.424948670398354,,0.0,0,17,HEALTH_AND_FITNESS,Everyone
Simple Habit Meditation,4.7,9.366489054466115,13.122365377402328,20.0,0.0,0,13,HEALTH_AND_FITNESS,Everyone
Yoga Studio: Mind & Body,4.3,8.612503371220562,11.51293546492023,94.0,0.0,0,17,HEALTH_AND_FITNESS,Everyone
Daily Yoga - Yoga Fitness Plans,4.4,11.167190461069831,15.424948670398354,35.0,0.0,0,16,HEALTH_AND_FITNESS,Everyone
Pocket Yoga,4.4,7.653494909661253,11.51293546492023,,2.99,1,961,HEALTH_AND_FITNESS,Everyone
Pregnancy & Baby Tracker,4.6,10.78491765227428,13.815511557963774,,0.0,0,13,HEALTH_AND_FITNESS,Everyone
My Cycles Period and Ovulation,4.3,10.190656993614896,13.815511557963774,41.0,0.0,0,97,HEALTH_AND_FITNESS,Everyone
I’m Expecting - Pregnancy App,4.6,11.174230760495917,13.815511557963774,49.0,0.0,0,132,HEALTH_AND_FITNESS,Everyone
The Bump Pregnancy Tracker,4.6,9.918474682344376,13.815511557963774,22.0,0.0,0,85,HEALTH_AND_FITNESS,Everyone
My Days - Ovulation Calendar & Period Tracker ™,4.5,11.4477680857128,15.424948670398354,,0.0,0,35,HEALTH_AND_FITNESS,Everyone
Best Ovulation Tracker Fertility Calendar App Glow,4.6,10.935710719873049,13.815511557963774,23.0,0.0,0,8,HEALTH_AND_FITNESS,Everyone
"Eve Period Tracker - Love, Sex & Relationships App",4.6,9.919705330558962,13.815511557963774,28.0,0.0,0,5,HEALTH_AND_FITNESS,Teen
Fertility Friend Ovulation App,4.5,9.46931428029122,13.815511557963774,7.2,0.0,0,43,HEALTH_AND_FITNESS,Teen
Pregnancy Tracker,4.1,7.894318063841624,13.122365377402328,6.5,0.0,0,180,HEALTH_AND_FITNESS,Everyone
Period Tracker,4.5,12.693851726189765,16.118095750958314,,0.0,0,12,HEALTH_AND_FITNESS,Everyone
"Spot On Period, Birth Control, & Cycle Tracker",4.6,8.319473692442186,13.122365377402328,24.0,0.0,0,21,HEALTH_AND_FITNESS,Everyone 10+
OvuView: Ovulation and Fertility,4.5,10.60403230347651,13.815511557963774,,0.0,0,55,HEALTH_AND_FITNESS,Everyone
Period Tracker - Period Calendar Ovulation Tracker,4.8,15.332703348501228,18.420680753952364,,0.0,0,8,HEALTH_AND_FITNESS,Everyone
Period Tracker Clue: Period and Ovulation Tracker,4.8,13.253817864753449,16.118095750958314,20.0,0.0,0,7,HEALTH_AND_FITNESS,Everyone
WomanLog Calendar,4.5,11.710455780050136,15.424948670398354,15.0,0.0,0,78,HEALTH_AND_FITNESS,Everyone
Geocaching®,4.1,11.044792085716162,15.424948670398354,,0.0,0,7,HEALTH_AND_FITNESS,Teen
Map My Hike GPS Hiking,4.4,9.461799234270439,13.122365377402328,55.0,0.0,0,13,HEALTH_AND_FITNESS,Everyone
"ViewRanger - Hike, Ride or Walk",4.2,10.444561061459837,13.815511557963774,,0.0,0,9,HEALTH_AND_FITNESS,Everyone
Runtastic Mountain Bike GPS Tracker,4.5,10.833286634435076,13.815511557963774,38.0,0.0,0,8,HEALTH_AND_FITNESS,Everyone
"AllTrails: Hiking, Running & Mountain Bike Trails",4.3,9.737669067841187,13.815511557963774,32.0,0.0,0,10,HEALTH_AND_FITNESS,Everyone
Water Drink Reminder,4.6,13.169819318560624,16.118095750958314,,0.0,0,41,HEALTH_AND_FITNESS,Everyone
"Zombies, Run! 5k Training (Free)",4.0,5.5909869805108565,10.819798284210286,,0.0,0,8,HEALTH_AND_FITNESS,Teen
Tracks,4.6,6.436150368369428,10.819798284210286,40.0,0.0,0,388,HEALTH_AND_FITNESS,Everyone 10+
Weight Loss Running by Verv,4.5,10.218188797330702,13.815511557963774,59.0,0.0,0,24,HEALTH_AND_FITNESS,Mature 17+
"YAZIO Calorie Counter, Nutrition Diary & Diet Plan",4.6,11.671440891132548,15.424948670398354,,0.0,0,33,HEALTH_AND_FITNESS,Everyone
"Technutri - calorie counter, diet and carb tracker",4.4,11.162189990267917,15.424948670398354,23.0,0.0,0,13,HEALTH_AND_FITNESS,Everyone
Couch to 5K by RunDouble,4.7,9.659822365501121,13.815511557963774,6.1,0.0,0,9,HEALTH_AND_FITNESS,Everyone
Fooducate Healthy Weight Loss & Calorie Counter,4.4,9.57519179719905,13.815511557963774,,0.0,0,6,HEALTH_AND_FITNESS,Everyone
Weight Watchers Mobile,4.2,12.507269234128225,15.424948670398354,58.0,0.0,0,9,HEALTH_AND_FITNESS,Everyone
Walk with Map My Walk,4.5,11.877922682522595,15.424948670398354,55.0,0.0,0,13,HEALTH_AND_FITNESS,Everyone
My Diet Coach - Weight Loss Motivation & Tracker,4.4,11.857677614027006,16.118095750958314,,0.0,0,59,HEALTH_AND_FITNESS,Everyone
Run with Map My Run,4.5,12.12089594812258,15.424948670398354,57.0,0.0,0,13,HEALTH_AND_FITNESS,Everyone
Endomondo - Running & Walking,4.5,13.234375124500176,16.118095750958314,,0.0,0,29,HEALTH_AND_FITNESS,Everyone
Runkeeper - GPS Track Run Walk,4.5,13.124650759350462,16.118095750958314,,0.0,0,24,HEALTH_AND_FITNESS,Everyone
Nike+ Run Club,4.4,13.47126377774715,16.118095750958314,,0.0,0,28,HEALTH_AND_FITNESS,Everyone
Lose It! - Calorie Counter,4.4,11.147584507946219,16.118095750958314,,0.0,0,6,HEALTH_AND_FITNESS,Everyone
Runtastic Running App & Mile Tracker,4.5,13.626350471637425,16.118095750958314,,0.0,0,15,HEALTH_AND_FITNESS,Everyone
Calorie Counter - MyNetDiary,4.5,10.219757081839822,13.815511557963774,19.0,0.0,0,24,HEALTH_AND_FITNESS,Everyone
MyPlate Calorie Tracker,4.6,10.089759629074432,13.815511557963774,18.0,0.0,0,31,HEALTH_AND_FITNESS,Everyone
My Diet Diary Calorie Counter,4.1,9.827685839119846,13.815511557963774,57.0,0.0,0,10,HEALTH_AND_FITNESS,Everyone
Weight Loss Tracker - RecStyle,4.4,9.930518891587159,13.815511557963774,5.7,0.0,0,253,HEALTH_AND_FITNESS,Everyone
Lark - 24/7 Health Coach,4.1,8.133293861222633,11.51293546492023,51.0,0.0,0,15,HEALTH_AND_FITNESS,Everyone
MealLogger-Photo Food Journal,3.5,5.384495062789089,10.819798284210286,9.4,0.0,0,351,HEALTH_AND_FITNESS,Teen
Health and Nutrition Guide,4.3,8.974111581113318,13.122365377402328,3.3,0.0,0,25,HEALTH_AND_FITNESS,Everyone
Calorie Counter & Diet Tracker,4.5,10.392282268231297,13.815511557963774,,0.0,0,140,HEALTH_AND_FITNESS,Everyone
10 Best Foods for You,4.0,7.820439515262181,13.122365377402328,3.8,0.0,0,538,HEALTH_AND_FITNESS,Everyone 10+
Monitor Your Weight,4.5,11.744180032873363,15.424948670398354,4.3,0.0,0,35,HEALTH_AND_FITNESS,Everyone
Calorie Counter by FatSecret,4.4,12.342415706707467,16.118095750958314,,0.0,0,9,HEALTH_AND_FITNESS,Everyone
Eat Fit - Diet and Health Free,4.1,7.8119734296220225,11.51293546492023,3.6,0.0,0,1478,HEALTH_AND_FITNESS,Everyone
Calorie Counter - Macros,4.0,8.026823576217629,11.51293546492023,5.5,0.0,0,712,HEALTH_AND_FITNESS,Everyone
Food Calorie Calculator,4.2,7.1891677384203225,11.51293546492023,4.0,0.0,0,192,HEALTH_AND_FITNESS,Everyone
Calorie Counter - MyFitnessPal,4.6,14.443331707382027,17.72753358339242,,0.0,0,9,HEALTH_AND_FITNESS,Everyone
Self Healing,4.5,9.574636203046277,13.122365377402328,9.9,0.0,0,389,HEALTH_AND_FITNESS,Everyone
Happify,3.7,7.502738210754851,11.51293546492023,37.0,0.0,0,16,HEALTH_AND_FITNESS,Everyone
Binaural Beats Therapy,4.3,9.526974266377731,13.815511557963774,,0.0,0,357,HEALTH_AND_FITNESS,Everyone
Pacifica - Stress & Anxiety,4.5,9.235423152343646,13.122365377402328,,0.0,0,31,HEALTH_AND_FITNESS,Teen
Relaxing Sounds,4.6,8.443115988019922,11.51293546492023,40.0,0.0,0,516,HEALTH_AND_FITNESS,Everyone
White Sound Pro,4.7,9.715409458629793,13.122365377402328,73.0,0.0,0,11,HEALTH_AND_FITNESS,Everyone
"Meditation Music - Relax, Yoga",4.6,10.783674309179402,13.815511557963774,28.0,0.0,0,157,HEALTH_AND_FITNESS,Everyone
Insight Timer - Free Meditation App,4.6,9.911554923613886,13.815511557963774,,0.0,0,8,HEALTH_AND_FITNESS,Everyone
Self-help Anxiety Management,4.0,7.970740390007095,13.122365377402328,23.0,0.0,0,533,HEALTH_AND_FITNESS,Everyone 10+
Brain Waves - Binaural Beats,4.4,8.524962928680598,13.122365377402328,10.0,0.0,0,25,HEALTH_AND_FITNESS,Everyone
21-Day Meditation Experience,4.4,9.350710824823459,11.51293546492023,15.0,0.0,0,7,HEALTH_AND_FITNESS,Everyone
Prana Breath: Calm & Meditate,4.8,10.362998829061379,13.815511557963774,8.4,0.0,0,21,HEALTH_AND_FITNESS,Everyone
"Fabulous: Motivate Me! Meditate, Relax, Sleep",4.6,12.232227603007026,15.424948670398354,31.0,0.0,0,24,HEALTH_AND_FITNESS,Everyone
7 Cups: Anxiety & Stress Chat,4.2,9.532423871145296,13.122365377402328,,0.0,0,9,HEALTH_AND_FITNESS,Teen
"Calm - Meditate, Sleep, Relax",4.6,11.621385173165727,15.424948670398354,,0.0,0,4,HEALTH_AND_FITNESS,Everyone
White Noise Lite,4.4,10.961885301035114,13.815511557963774,41.0,0.0,0,45,HEALTH_AND_FITNESS,Everyone
"Stop, Breathe & Think: Meditation & Mindfulness",4.3,9.056839480990421,13.815511557963774,,0.0,0,12,HEALTH_AND_FITNESS,Everyone
Headspace: Meditation & Mindfulness,4.6,11.258858681002508,16.118095750958314,39.0,0.0,0,17,HEALTH_AND_FITNESS,Everyone
Zillow: Find Houses for Sale & Apartments for Rent,4.5,12.943016591588501,16.118095750958314,34.0,0.0,0,8,HOUSE_AND_HOME,Everyone
"Viva Decora - Decoration, Photos, Architecture, House",4.8,8.060855752934316,11.51293546492023,7.5,0.0,0,6,HOUSE_AND_HOME,Everyone
Real Estate sale & rent Trovit,4.1,11.096106141023359,15.424948670398354,7.7,0.0,0,24,HOUSE_AND_HOME,Everyone
"591 housing transactions - renting houses, middle-class houses, new cases, real-time registration, villas through the sky, apartment suites, MRT, buying a house selling prices, housing mortgages",4.1,10.125750716423031,13.815511557963774,21.0,0.0,0,8,HOUSE_AND_HOME,Everyone
"Homes.com 🏠 For Sale, Rent",4.0,8.699681400989514,13.815511557963774,18.0,0.0,0,12,HOUSE_AND_HOME,Everyone
"CYANOGEN. Rent, buy an apartment, a room, a cottage 3+",4.3,10.537733625175912,13.815511557963774,40.0,0.0,0,9,HOUSE_AND_HOME,Everyone
Good room network fast rent,3.7,7.922623574217286,13.122365377402328,8.6,0.0,0,45,HOUSE_AND_HOME,Everyone
Yongqing fast search,3.7,7.271008538280992,11.51293546492023,,0.0,0,7,HOUSE_AND_HOME,Everyone
LIFULL HOME'S,4.2,8.93247660846174,13.815511557963774,18.0,0.0,0,15,HOUSE_AND_HOME,Everyone
"Apartment List: Housing, Apt, and Property Rentals",4.5,9.045701550034536,13.815511557963774,7.5,0.0,0,6,HOUSE_AND_HOME,Everyone
Gold Butterfly Keyboard Theme,4.3,9.215825302206753,13.815511557963774,9.1,0.0,0,28,HOUSE_AND_HOME,Everyone
"Apartment, Home Rental Search: Realtor.com Rentals",3.9,9.222071294851881,13.815511557963774,13.0,0.0,0,41,HOUSE_AND_HOME,Everyone
Living Smart Home,4.6,10.576176891193677,13.815511557963774,,0.0,0,10,HOUSE_AND_HOME,Everyone
591 Housing Trading - Hong Kong,4.3,8.167068178341237,11.51293546492023,15.0,0.0,0,7,HOUSE_AND_HOME,Everyone
"Domofond Real Estate. Buy, rent an apartment.",4.5,10.574491368410383,13.815511557963774,,0.0,0,6,HOUSE_AND_HOME,Everyone
DaBang - Rental Homes in Korea,4.4,10.043858005383404,15.424948670398354,26.0,0.0,0,23,HOUSE_AND_HOME,Everyone
DIY On A Budget,4.7,4.74493212836325,9.210440366976517,8.3,0.0,0,172,HOUSE_AND_HOME,Teen
Free Foreclosure Real Estate Search by USHUD.com,3.4,5.662960480135946,11.51293546492023,27.0,0.0,0,72,HOUSE_AND_HOME,Everyone
Mortgage by Zillow: Calculator & Rates,4.3,8.397508348470257,13.122365377402328,7.9,0.0,0,890,HOUSE_AND_HOME,Everyone
Room planner: Interior & Floorplan Design for IKEA,4.0,8.362175469149628,11.51293546492023,27.0,0.0,0,4,HOUSE_AND_HOME,Everyone
Rent.com Apartment Homes,4.0,8.923857580099885,13.815511557963774,5.1,0.0,0,31,HOUSE_AND_HOME,Everyone
Good house to buy a house,3.8,6.198478716492308,11.51293546492023,15.0,0.0,0,15,HOUSE_AND_HOME,Everyone
Hemnet,3.6,8.31581113188354,13.122365377402328,9.2,0.0,0,24,HOUSE_AND_HOME,Everyone
At home - rental · real estate · room finding application such as apartment · apartment,3.8,7.822845290279774,13.122365377402328,,0.0,0,35,HOUSE_AND_HOME,Everyone
Alfred Home Security Camera,4.5,11.545450736673626,15.424948670398354,,0.0,0,9,HOUSE_AND_HOME,Everyone
House app: beautiful everyday ~,4.6,7.8898337513942955,13.122365377402328,10.0,0.0,0,6,HOUSE_AND_HOME,Teen
"N1.RU - Real estate: apartments, new buildings, lodging",4.5,8.938531648680692,11.51293546492023,13.0,0.0,0,28,HOUSE_AND_HOME,Everyone
Home Decor Showpiece Art making: Medium Difficulty,4.3,5.6131281063880705,10.819798284210286,7.0,0.0,0,71,HOUSE_AND_HOME,Everyone
"乐屋网: Buying a house, selling a house, renting a house",3.7,7.718240951959316,11.51293546492023,15.0,0.0,0,6,HOUSE_AND_HOME,Everyone
iProperty Malaysia,4.2,6.697034247666484,11.51293546492023,7.8,0.0,0,15,HOUSE_AND_HOME,Everyone
ColorSnap® Visualizer,3.4,8.0959035329611,13.815511557963774,77.0,0.0,0,41,HOUSE_AND_HOME,Everyone
Apartment Decorating Ideas,3.9,7.2991214627108,11.51293546492023,5.7,0.0,0,1245,HOUSE_AND_HOME,Everyone
Bedroom Decorating Ideas,4.0,7.776115477098742,13.122365377402328,5.9,0.0,0,1220,HOUSE_AND_HOME,Everyone
Room Painting Ideas,4.0,8.400884069015854,13.815511557963774,7.6,0.0,0,1241,HOUSE_AND_HOME,Everyone
Kitchen Island Ideas,4.0,6.246106765481563,10.819798284210286,5.8,0.0,0,1167,HOUSE_AND_HOME,Everyone
Living Room Decorating Ideas,4.0,8.404248432400102,13.815511557963774,5.8,0.0,0,1252,HOUSE_AND_HOME,Everyone
Bathroom Decorating Ideas,4.1,7.794823152179389,13.122365377402328,5.3,0.0,0,1246,HOUSE_AND_HOME,Everyone
Wall Decorating Ideas,3.9,8.79966169681513,13.815511557963774,5.5,0.0,0,1247,HOUSE_AND_HOME,Everyone
Zumper - Apartment Rental Finder,4.4,9.32375833901174,13.815511557963774,25.0,0.0,0,24,HOUSE_AND_HOME,Everyone
RadPad: Apartment Finder App,4.4,8.83884181343129,13.122365377402328,35.0,0.0,0,344,HOUSE_AND_HOME,Everyone
Redfin Real Estate,4.6,10.514827970391982,13.815511557963774,19.0,0.0,0,15,HOUSE_AND_HOME,Everyone
Realtor.com Real Estate: Homes for Sale and Rent,4.5,11.996856653913378,16.118095750958314,12.0,0.0,0,14,HOUSE_AND_HOME,Everyone
Trulia Real Estate & Rentals,4.5,12.074219843284206,16.118095750958314,,0.0,0,16,HOUSE_AND_HOME,Everyone
Homesnap Real Estate & Rentals,4.3,8.251924713801357,13.122365377402328,30.0,0.0,0,9,HOUSE_AND_HOME,Everyone
Apartments & Rentals - Zillow,4.2,10.217860240240954,13.815511557963774,,0.0,0,49,HOUSE_AND_HOME,Everyone
Trulia Rent Apartments & Homes,4.4,11.176361224116755,15.424948670398354,,0.0,0,16,HOUSE_AND_HOME,Everyone
Apartments.com Rental Search,4.3,10.025041248088705,13.815511557963774,16.0,0.0,0,24,HOUSE_AND_HOME,Everyone
Houzz Interior Design Ideas,4.6,12.77652663030368,16.118095750958314,,0.0,0,8,HOUSE_AND_HOME,Everyone
Trulia Mortgage Calculators,4.1,4.406719247264253,10.819798284210286,16.0,0.0,0,174,HOUSE_AND_HOME,Everyone
Public Digital Library,3.9,7.643961949002529,10.819798284210286,,0.0,0,10,LIBRARIES_AND_DEMO,Everyone
Quotes,4.4,4.07753744390572,9.210440366976517,15.0,0.0,0,34,LIBRARIES_AND_DEMO,Everyone
Best New Ringtones 2018 Free 🔥 For Android™,4.6,8.011355109161286,11.51293546492023,21.0,0.0,0,43,LIBRARIES_AND_DEMO,Everyone
SUDOKU,4.1,6.828712071641684,11.51293546492023,4.3,0.0,0,1029,LIBRARIES_AND_DEMO,Everyone
Aviary Effects: Classic,3.8,11.112567294230209,15.424948670398354,0.2265625,0.0,0,1982,LIBRARIES_AND_DEMO,Everyone
Chakra Cleansing,4.6,6.29156913955832,10.819798284210286,99.0,0.0,0,7,LIBRARIES_AND_DEMO,Everyone
Aviary Stickers: Free Pack,3.5,11.750863043024308,16.118095750958314,0.609375,0.0,0,2396,LIBRARIES_AND_DEMO,Everyone
Call Recorder,4.7,3.8918202981106265,6.90875477931522,6.9,0.0,0,76,LIBRARIES_AND_DEMO,Everyone
Pink Water Sakura Keyboard Theme,4.3,7.290292882446597,11.51293546492023,7.0,0.0,0,31,LIBRARIES_AND_DEMO,Everyone
auto Call Recorder 2018,4.5,6.835184586147301,10.819798284210286,7.0,0.0,0,174,LIBRARIES_AND_DEMO,Everyone
converter video to mp3,4.4,6.664409020350408,11.51293546492023,6.4,0.0,0,425,LIBRARIES_AND_DEMO,Everyone
eBiblio,3.4,7.97522083865341,10.819798284210286,,0.0,0,48,LIBRARIES_AND_DEMO,Everyone
chicken song,4.3,6.075346031088684,11.51293546492023,16.0,0.0,0,64,LIBRARIES_AND_DEMO,Everyone
Binaural Beats Meditation,4.3,6.021023349349527,10.819798284210286,95.0,0.0,0,62,LIBRARIES_AND_DEMO,Everyone
Essential Resources,4.6,5.472270673671475,10.819798284210286,0.00830078125,0.0,0,316,LIBRARIES_AND_DEMO,Everyone
MOMOLAND BBoom BBoom,4.6,7.855932199718614,11.51293546492023,20.0,0.0,0,154,LIBRARIES_AND_DEMO,Everyone
Bird Sounds & Bird Ringtones for Free 2018,4.6,4.875197323201151,9.210440366976517,12.0,0.0,0,167,LIBRARIES_AND_DEMO,Everyone
Top Popular Ringtones 2018 Free 🔥,4.4,8.908829791587868,13.122365377402328,22.0,0.0,0,34,LIBRARIES_AND_DEMO,Everyone
Wifi Connect Library,3.9,10.969163340957973,15.424948670398354,0.0400390625,0.0,0,640,LIBRARIES_AND_DEMO,Everyone
Super Funny Ringtones 2018 🔔,4.5,7.440733707389261,11.51293546492023,22.0,0.0,0,161,LIBRARIES_AND_DEMO,Everyone
Apk Installer,3.8,8.955577146281511,13.815511557963774,0.28515625,0.0,0,2598,LIBRARIES_AND_DEMO,Everyone
SAMSUNG RETAILMODE 2018,4.3,1.9459101490553132,9.210440366976517,5.5,0.0,0,6,LIBRARIES_AND_DEMO,Everyone
OpenCV Manager,3.7,9.44604470533525,13.815511557963774,,0.0,0,1053,LIBRARIES_AND_DEMO,Everyone
Eternal life,5.0,3.295836866004329,6.90875477931522,2.5,0.0,0,77,LIBRARIES_AND_DEMO,Everyone
V380s,3.2,7.560080465021827,13.122365377402328,8.1,0.0,0,29,LIBRARIES_AND_DEMO,Everyone
Cool Popular Ringtones 2018 🔥,4.5,11.004945787654156,13.815511557963774,28.0,0.0,0,27,LIBRARIES_AND_DEMO,Everyone
Blackpink as if it's your last,4.7,6.723832440821209,11.51293546492023,24.0,0.0,0,170,LIBRARIES_AND_DEMO,Everyone
Wifi Test,4.0,9.067854723679428,13.815511557963774,3.1,0.0,0,37,LIBRARIES_AND_DEMO,Everyone
Market Update Helper,4.1,9.910761036502626,13.815511557963774,0.0107421875,0.0,0,2004,LIBRARIES_AND_DEMO,Everyone
Ayyush wih wih new without Net,3.8,6.816735880594968,13.122365377402328,13.0,0.0,0,212,LIBRARIES_AND_DEMO,Everyone
Girls Nancy Ajram Without Net,4.7,7.878534196140362,13.122365377402328,19.0,0.0,0,241,LIBRARIES_AND_DEMO,Everyone
R M Lock Screen,4.5,5.991464547107982,11.51293546492023,9.5,0.0,0,79,LIBRARIES_AND_DEMO,Everyone
Barcode Scanner,4.2,8.28045768658256,13.122365377402328,9.4,0.0,0,212,LIBRARIES_AND_DEMO,Everyone
New Ringtones 2018,4.1,8.238008249218403,13.815511557963774,36.0,0.0,0,116,LIBRARIES_AND_DEMO,Everyone
EyeCloud,3.1,7.145196134997171,11.51293546492023,55.0,0.0,0,7,LIBRARIES_AND_DEMO,Everyone
Dollhouse Decorating Games,4.1,9.850561346726723,15.424948670398354,32.0,0.0,0,105,LIFESTYLE,Teen
metroZONE,4.1,10.768442883873123,16.118095750958314,34.0,0.0,0,62,LIFESTYLE,Everyone
Easy Hair Style Design,4.3,6.400257445308821,11.51293546492023,5.1,0.0,0,232,LIFESTYLE,Everyone
Talking Babsy Baby: Baby Games,4.0,11.856486800163577,16.118095750958314,100.0,0.0,0,24,LIFESTYLE,Everyone
"Black Wallpaper, AMOLED, Dark Background: Darkify",4.6,10.84657599679566,15.424948670398354,80.0,0.0,0,9,LIFESTYLE,Everyone
Girly Wallpapers Backgrounds,4.4,9.515321941506025,13.815511557963774,3.3,0.0,0,4,LIFESTYLE,Everyone
Chart - Myanmar Keyboard,4.4,10.580632375618567,15.424948670398354,28.0,0.0,0,23,LIFESTYLE,Everyone
Easy Makeup Tutorials,4.3,8.893984438939794,13.815511557963774,5.0,0.0,0,644,LIFESTYLE,Everyone
Horoscopes – Daily Zodiac Horoscope and Astrology,4.6,11.99005365415826,16.118095750958314,11.0,0.0,0,45,LIFESTYLE,Everyone 10+
Entel,3.2,9.690851107739814,13.815511557963774,55.0,0.0,0,14,LIFESTYLE,Everyone
ZenUI Safeguard,4.5,4.61512051684126,13.815511557963774,7.1,0.0,0,92,LIFESTYLE,Everyone
Live 4D Results ! (MY & SG),4.6,11.66203488755807,15.424948670398354,3.2,0.0,0,81,LIFESTYLE,Everyone
Diary with lock,4.6,13.61203972354747,16.118095750958314,4.4,0.0,0,40,LIFESTYLE,Everyone
FOSSIL Q: DESIGN YOUR DIAL,4.3,6.893656354602635,13.122365377402328,16.0,0.0,0,70,LIFESTYLE,Everyone
Telstra,3.0,8.357259153499912,15.424948670398354,6.3,0.0,0,366,LIFESTYLE,Everyone
Family Locator - GPS Tracker,4.4,13.495408594256382,16.118095750958314,45.0,0.0,0,7,LIFESTYLE,Everyone
Van Nien 2018 - Lich Van su & Lich Am,4.4,8.250620082174692,13.815511557963774,23.0,0.0,0,69,LIFESTYLE,Everyone
Safeway,4.3,10.421477451486137,13.815511557963774,37.0,0.0,0,7,LIFESTYLE,Everyone
HTC Speak,3.5,8.72355674269043,16.118095750958314,13.0,0.0,0,770,LIFESTYLE,Everyone
Kawaii Easy Drawing : How to draw Step by Step,4.3,10.44371662667136,15.424948670398354,8.1,0.0,0,23,LIFESTYLE,Everyone
Tattoodo - Find your next tattoo,4.5,8.917042560738766,13.815511557963774,13.0,0.0,0,6,LIFESTYLE,Teen
H&M,3.7,10.644042990491064,16.118095750958314,14.0,0.0,0,10,LIFESTYLE,Everyone
Samsung+,4.5,11.316253430861812,17.72753358339242,30.0,0.0,0,35,LIFESTYLE,Everyone
Anime Avatar Creator: Make Your Own Avatar,4.2,9.300638009956963,13.815511557963774,36.0,0.0,0,55,LIFESTYLE,Everyone
Beautiful Design Birthday Cake,4.3,6.501289670540389,13.122365377402328,3.0,0.0,0,5,LIFESTYLE,Everyone
Pronunciation and know the name of the caller from his number,4.6,7.681560362559537,13.122365377402328,1.4,0.0,0,214,LIFESTYLE,Everyone
Super Slime Simulator - Satisfying Slime App,4.5,10.890292664482445,13.815511557963774,39.0,0.0,0,4,LIFESTYLE,Everyone
Caf - My Account,3.9,9.850192255477904,15.424948670398354,1.8,0.0,0,1050,LIFESTYLE,Everyone
H Pack,4.3,9.14984699154722,13.815511557963774,1.7,0.0,0,600,LIFESTYLE,Everyone
Family convenience store FamilyMart,3.3,9.176162920174596,13.815511557963774,19.0,0.0,0,24,LIFESTYLE,Everyone
သိင်္ Astrology - Min Thein Kha BayDin,4.7,7.70796153183549,11.51293546492023,15.0,0.0,0,14,LIFESTYLE,Everyone
w UN map,4.2,10.05039779785075,13.815511557963774,10.0,0.0,0,16,LIFESTYLE,Mature 17+
Official Matsumoto Kiyoshi application,3.2,8.016977746762262,13.815511557963774,2.7,0.0,0,37,LIFESTYLE,Everyone
Galaxy Gift,4.4,11.467488671961622,16.118095750958314,16.0,0.0,0,17,LIFESTYLE,Everyone
PASS by KT (formerly KT certified),3.5,8.970813341411448,13.815511557963774,21.0,0.0,0,8,LIFESTYLE,Everyone
Safety stepping stone,3.7,8.345930261979017,13.815511557963774,20.0,0.0,0,15,LIFESTYLE,Everyone
Rate Guide Bill Letter,3.8,9.762442287054013,16.118095750958314,14.0,0.0,0,43,LIFESTYLE,Everyone
US Mission - buy gourmet movie KTV,3.8,8.7879833961978,13.122365377402328,76.0,0.0,0,50,LIFESTYLE,Teen
OK cashbag [point of pleasure],3.7,10.412261072175989,16.118095750958314,18.0,0.0,0,55,LIFESTYLE,Everyone
MK eCatalog,4.0,8.806424063857868,13.815511557963774,6.2,0.0,0,169,LIFESTYLE,Everyone
Vaniday - Beauty Booking App,3.6,6.97354301952014,11.51293546492023,,0.0,0,142,LIFESTYLE,Everyone
Fashion in Vogue,3.8,7.494430215031565,11.51293546492023,6.8,0.0,0,681,LIFESTYLE,Everyone
Mirror,4.1,12.814494924032365,16.118095750958314,,0.0,0,15,LIFESTYLE,Everyone
Wedding Countdown Widget,3.9,8.906122330884303,13.815511557963774,19.0,0.0,0,210,LIFESTYLE,Everyone
My Day - Countdown Calendar 🗓️,4.1,10.802591432987462,13.815511557963774,13.0,0.0,0,94,LIFESTYLE,Everyone
justWink Greeting Cards,4.6,11.144438171983634,13.815511557963774,15.0,0.0,0,372,LIFESTYLE,Teen
Wedding LookBook by The Knot,4.2,8.145839612936841,11.51293546492023,13.0,0.0,0,31,LIFESTYLE,Everyone
Big Days - Events Countdown,4.6,10.589735991404917,13.815511557963774,,0.0,0,41,LIFESTYLE,Everyone
"Wedding Planner by WeddingWire - Venues, Checklist",4.2,8.239857411018601,13.815511557963774,44.0,0.0,0,16,LIFESTYLE,Everyone
Been Together (Ad) - D-day,4.4,11.469360127590292,16.118095750958314,,0.0,0,10,LIFESTYLE,Everyone
WedMeGood - Wedding Planner,4.6,7.413970290190444,11.51293546492023,9.7,0.0,0,9,LIFESTYLE,Everyone
StyleSeat,4.7,9.918622440120398,13.122365377402328,24.0,0.0,0,9,LIFESTYLE,Everyone
DIY Garden Ideas,4.1,8.104703468371108,13.122365377402328,13.0,0.0,0,4,LIFESTYLE,Everyone
Brit + Co,3.9,6.895682697747868,9.210440366976517,4.5,0.0,0,345,LIFESTYLE,Everyone
Creative Ideas - DIY & Craft,4.0,8.558143177745192,11.51293546492023,4.5,0.0,0,259,LIFESTYLE,Teen
Homestyler Interior Design & Decorating Ideas,4.1,11.268290110505259,15.424948670398354,29.0,0.0,0,7,LIFESTYLE,Everyone
JOANN - Crafts & Coupons,4.6,10.457458868943517,13.815511557963774,12.0,0.0,0,48,LIFESTYLE,Everyone
Wheretoget: Shop in style,4.1,8.826000545482966,13.122365377402328,12.0,0.0,0,430,LIFESTYLE,Teen
Chictopia,4.1,5.8888779583328805,9.210440366976517,4.6,0.0,0,1562,LIFESTYLE,Everyone
Scarf Fashion Designer,4.4,9.719444514843833,13.815511557963774,10.0,0.0,0,417,LIFESTYLE,Everyone
My Dressing - Fashion closet,4.1,9.429716836721148,13.122365377402328,,0.0,0,560,LIFESTYLE,Everyone
Zara,4.3,11.471123824086465,16.118095750958314,33.0,0.0,0,10,LIFESTYLE,Everyone
Real Estate by Movoto,4.4,8.043984431221553,11.51293546492023,13.0,0.0,0,170,LIFESTYLE,Everyone
Etta Homes,4.2,5.3981627015177525,10.819798284210286,15.0,0.0,0,14,LIFESTYLE,Everyone
Houlihan Lawrence,4.4,3.5263605246161616,8.517393171418904,23.0,0.0,0,301,LIFESTYLE,Everyone
Home Scouting® MLS Mobile,4.3,7.335633981927201,11.51293546492023,7.7,0.0,0,681,LIFESTYLE,Everyone
Housing-Real Estate & Property,4.1,10.250687752512317,13.815511557963774,,0.0,0,27,LIFESTYLE,Everyone
ZipRealty Real Estate & Homes,4.0,8.278428259199071,11.51293546492023,15.0,0.0,0,13,LIFESTYLE,Everyone
Sotheby's International Realty,4.2,6.796823718274855,10.819798284210286,25.0,0.0,0,122,LIFESTYLE,Everyone
Zoopla Property Search UK - Home to buy & rent,4.1,9.961567763612653,13.815511557963774,,0.0,0,48,LIFESTYLE,Everyone
Neighborhoods & Apartments,3.9,7.622174594817622,11.51293546492023,3.0,0.0,0,1077,LIFESTYLE,Everyone
Keller Williams Real Estate,4.4,9.48903215258983,13.815511557963774,22.0,0.0,0,134,LIFESTYLE,Everyone
Relax Rain ~ Rain Sounds,4.6,11.678736469637194,15.424948670398354,,0.0,0,7,LIFESTYLE,Everyone
Relax Ocean ~ Nature Sounds,4.5,9.155356063643422,13.122365377402328,,0.0,0,387,LIFESTYLE,Everyone
Bed Time Fan - White Noise Sleep Sounds,4.5,9.22009266341886,13.122365377402328,7.5,0.0,0,105,LIFESTYLE,Everyone
Nature Sounds,4.8,10.260777307439861,13.815511557963774,24.0,0.0,0,161,LIFESTYLE,Everyone
SleepyTime: Bedtime Calculator,4.4,9.884406664723336,13.122365377402328,,0.0,0,894,LIFESTYLE,Everyone
White Noise Baby,4.5,9.263407092912875,13.815511557963774,44.0,0.0,0,52,LIFESTYLE,Everyone
White Noise ~ Sleeping Sounds,4.5,8.395703293828527,11.51293546492023,,0.0,0,412,LIFESTYLE,Everyone
"Journey - Diary, Journal",4.6,10.826535403573443,13.815511557963774,,0.0,0,17,LIFESTYLE,Everyone
7 Day Food Journal Challenge,4.5,8.115819701211327,11.51293546492023,14.0,0.0,0,519,LIFESTYLE,Teen
Solitaire,4.7,12.446108711514393,16.118095750958314,23.0,0.0,0,8,GAME,Everyone
Sonic Dash,4.5,15.144949341737558,18.420680753952364,75.0,0.0,0,14,GAME,Everyone
PAC-MAN,4.2,13.438606667296716,18.420680753952364,37.0,0.0,0,86,GAME,Everyone
Bubble Witch 3 Saga,4.7,14.36493978143128,17.72753358339242,78.0,0.0,0,23,GAME,Everyone
Race the Traffic Moto,3.8,12.508722145103741,16.118095750958314,38.0,0.0,0,20,GAME,Teen
Marble - Temple Quest,4.3,10.64670978572838,16.118095750958314,24.0,0.0,0,49,GAME,Everyone
Shooting King,4.4,12.459648403964586,16.118095750958314,69.0,0.0,0,76,GAME,Everyone 10+
Geometry Dash World,4.6,13.541901001543298,16.118095750958314,63.0,0.0,0,230,GAME,Everyone
Jungle Marble Blast,4.3,9.851457144441744,15.424948670398354,23.0,0.0,0,17,GAME,Everyone
Roll the Ball® - slide puzzle,4.5,14.141278565336611,18.420680753952364,35.0,0.0,0,7,GAME,Everyone
Farm Fruit Pop: Party Time,4.4,9.138414632404594,13.815511557963774,14.0,0.0,0,7,GAME,Everyone
Love Balls,4.2,12.795610553887723,17.72753358339242,40.0,0.0,0,9,GAME,Everyone
Piano Tiles 2™,4.7,15.90970289475971,18.420680753952364,,0.0,0,6,GAME,Everyone
Pokémon GO,4.1,16.159710227302604,18.420680753952364,85.0,0.0,0,17,GAME,Everyone
Paint Hit,4.4,10.519321629993403,16.118095750958314,33.0,0.0,0,34,GAME,Everyone
Snake VS Block,4.2,12.95334099327371,17.72753358339242,32.0,0.0,0,108,GAME,Teen
Rolly Vortex,4.4,11.493987263949977,16.118095750958314,40.0,0.0,0,76,GAME,Teen
Woody Puzzle,4.7,9.964723752006702,13.815511557963774,29.0,0.0,0,6,GAME,Everyone
Stack Jump,4.3,11.68059013242055,16.118095750958314,40.0,0.0,0,98,GAME,Teen
The Cube,4.2,11.159488131452981,15.424948670398354,38.0,0.0,0,15,GAME,Everyone
Extreme Car Driving Simulator,4.3,14.62689089508321,18.420680753952364,52.0,0.0,0,98,GAME,Everyone
Bricks n Balls,4.4,10.317383686122145,13.815511557963774,,0.0,0,4,GAME,Everyone
The Fish Master!,4.1,9.665484138314895,13.815511557963774,54.0,0.0,0,23,GAME,Everyone
Color Road,4.1,11.349370705067676,16.118095750958314,71.0,0.0,0,21,GAME,Everyone
Draw In,4.2,10.74542105042418,16.118095750958314,73.0,0.0,0,17,GAME,Everyone
Block Craft 3D: Building Simulator Games For Free,4.5,13.76097728366371,17.72753358339242,57.0,0.0,0,157,GAME,Everyone
PLANK!,4.7,8.881419551507804,13.122365377402328,38.0,0.0,0,23,GAME,Everyone
Looper!,4.6,10.784296173964584,13.815511557963774,62.0,0.0,0,20,GAME,Everyone
Trivia Crack,4.5,15.676138846540688,18.420680753952364,95.0,0.0,0,6,GAME,Everyone
Will it Crush?,3.1,10.159137015406596,15.424948670398354,16.0,0.0,0,79,GAME,Everyone
Tomb of the Mask,4.1,10.921991853622236,15.424948670398354,39.0,0.0,0,16,GAME,Everyone
Baseball Boy!,3.4,11.906169532781437,16.118095750958314,78.0,0.0,0,13,GAME,Everyone
Hello Stars,4.6,11.529654746924106,16.118095750958314,31.0,0.0,0,5,GAME,Everyone
Tank Stars,4.3,12.07114599427058,16.118095750958314,98.0,0.0,0,29,GAME,Everyone 10+
Hole.io,4.2,11.886927425388201,16.118095750958314,85.0,0.0,0,16,GAME,Teen
Mini Golf King - Multiplayer Game,4.5,13.183381333619351,15.424948670398354,100.0,0.0,0,20,GAME,Everyone
Flip the Gun - Simulator Game,4.2,12.18361740315936,16.118095750958314,86.0,0.0,0,14,GAME,Everyone
Mad Skills BMX 2,4.5,10.306984057549448,13.815511557963774,80.0,0.0,0,14,GAME,Everyone
"MMX Hill Dash 2 – Offroad Truck, Car & Bike Racing",4.4,10.644853305366548,13.815511557963774,79.0,0.0,0,21,GAME,Everyone
Word Link,4.6,12.286158429199004,16.118095750958314,30.0,0.0,0,8,GAME,Everyone
Last Day on Earth: Survival,4.5,14.65353094393678,16.118095750958314,87.0,0.0,0,8,GAME,Teen
Partymasters - Fun Idle Game,4.6,13.201442544098237,16.118095750958314,63.0,0.0,0,28,GAME,Teen
Harry Potter: Hogwarts Mystery,4.4,13.91744511171073,16.118095750958314,,0.0,0,8,GAME,Teen
Offroad Outlaws,4.4,10.280861780477768,13.815511557963774,,0.0,0,72,GAME,Everyone
Grim Soul: Dark Fantasy Survival,4.5,12.153589169473115,15.424948670398354,95.0,0.0,0,22,GAME,Teen
Disney Heroes: Battle Mode,4.6,11.533786355637558,15.424948670398354,,0.0,0,9,GAME,Everyone 10+
New YAHTZEE® With Buddies Dice Game,4.1,10.647327847411592,15.424948670398354,93.0,0.0,0,35,GAME,Everyone
Word Crossy - A crossword game,4.5,12.390130194617178,15.424948670398354,53.0,0.0,0,8,GAME,Everyone
MLB TAP SPORTS BASEBALL 2018,4.6,10.389210729741277,13.815511557963774,82.0,0.0,0,43,GAME,Everyone
Hero Hunters,4.4,11.166879546554684,15.424948670398354,99.0,0.0,0,9,GAME,Teen
Cooking Madness - A Chef's Restaurant Games,4.7,12.790570575132525,16.118095750958314,49.0,0.0,0,10,GAME,Everyone
Ice Crush 2018 - A new Puzzle Matching Adventure,4.6,9.6423824949348,13.815511557963774,25.0,0.0,0,7,GAME,Everyone
TerraGenesis - Space Colony,4.3,10.570239421736542,13.815511557963774,,0.0,0,7,GAME,Everyone
SHADOWGUN LEGENDS,4.6,11.519006935286097,13.815511557963774,52.0,0.0,0,24,GAME,Teen
RULES OF SURVIVAL,4.2,14.1110618368352,16.118095750958314,56.0,0.0,0,8,GAME,Teen
Mafia City,4.5,12.035983961123176,16.118095750958314,56.0,0.0,0,6,GAME,Mature 17+
"Cash, Inc. Money Clicker Game & Business Adventure",4.8,13.217166155775043,16.118095750958314,85.0,0.0,0,21,GAME,Everyone
Dino War: Rise of Beasts,4.1,9.852036350945049,13.815511557963774,81.0,0.0,0,8,GAME,Teen
Tokyo Ghoul: Dark War,4.3,10.130423902089033,13.815511557963774,82.0,0.0,0,34,GAME,Teen
Last Shelter: Survival,4.4,11.440720296720992,15.424948670398354,98.0,0.0,0,5,GAME,Teen
Guns of Glory,4.0,11.70017651847291,16.118095750958314,77.0,0.0,0,9,GAME,Everyone 10+
Lineage 2: Revolution,4.2,12.144053614476897,15.424948670398354,99.0,0.0,0,29,GAME,Teen
Final Fantasy XV: A New Empire,4.0,13.091867055828839,16.118095750958314,,0.0,0,55,GAME,Everyone 10+
Girls' Frontline,4.2,7.628517626575055,11.51293546492023,96.0,0.0,0,83,GAME,Teen
Chapters: Interactive Stories,4.5,11.205584754855263,13.815511557963774,96.0,0.0,0,7,GAME,Mature 17+
Master of Eternity(MOE),4.2,8.670772279344538,11.51293546492023,70.0,0.0,0,14,GAME,Teen
Clue,4.6,9.899630122208823,11.51293546492023,35.0,1.99,1,10,GAME,Everyone 10+
The Room: Old Sins,4.9,9.957975737820197,11.51293546492023,48.0,4.99,1,113,GAME,Everyone
The Escapists,4.4,8.910990494656719,11.51293546492023,84.0,4.99,1,105,GAME,Teen
Farming Simulator 18,4.5,9.805102650614726,11.51293546492023,15.0,4.99,1,31,GAME,Everyone
RollerCoaster Tycoon® Classic,4.6,9.286930974137896,11.51293546492023,69.0,5.99,1,231,GAME,Everyone
Call of Duty:Black Ops Zombies,4.2,9.473089177882752,11.51293546492023,46.0,6.99,1,597,GAME,Teen
Star Wars ™: DIRTY,4.5,10.550800196752274,11.51293546492023,15.0,9.99,1,1025,GAME,Teen
Monument Valley 2,4.6,9.147932911847565,11.51293546492023,33.0,4.99,1,252,GAME,Everyone
Angry Birds 2,4.6,15.172270541544336,18.420680753952364,57.0,0.0,0,14,GAME,Everyone
PUBG MOBILE,4.4,15.128233456829419,17.72753358339242,36.0,0.0,0,16,GAME,Teen
The Sims™ FreePlay,4.3,13.744654523294827,16.118095750958314,31.0,0.0,0,24,GAME,Teen
Best Fiends - Free Puzzle Game,4.6,14.207681015878878,16.118095750958314,,0.0,0,7,GAME,Everyone
Jurassic World™ Alive,4.3,12.641669207417669,15.424948670398354,70.0,0.0,0,7,GAME,Everyone 10+
Choices: Stories You Play,4.6,13.601498933395,16.118095750958314,93.0,0.0,0,10,GAME,Teen
Solitaire TriPeaks,4.5,13.009049091993647,16.118095750958314,52.0,0.0,0,8,GAME,Everyone
Merge Dragons!,4.5,12.277555747152038,15.424948670398354,91.0,0.0,0,10,GAME,Everyone
The Walking Dead: Road to Survival,4.2,13.166317102931822,16.118095750958314,37.0,0.0,0,51,GAME,Mature 17+
Hustle Castle: Fantasy Kingdom,4.7,13.27787370392154,16.118095750958314,64.0,0.0,0,13,GAME,Everyone 10+
Might & Magic: Elemental Guardians,4.3,10.390594089681526,13.122365377402328,35.0,0.0,0,28,GAME,Mature 17+
Game of Thrones: Conquest™,4.0,11.409995326884111,13.815511557963774,97.0,0.0,0,6,GAME,Teen
Love Nikki-Dress UP Queen,4.4,12.266814907485559,15.424948670398354,93.0,0.0,0,16,GAME,Everyone
Summoners War,4.3,14.531179704281477,17.72753358339242,28.0,0.0,0,10,GAME,Teen
FINAL FANTASY BRAVE EXVIUS,4.6,13.52205853800169,15.424948670398354,83.0,0.0,0,23,GAME,Teen
Fate/Grand Order (English),4.4,9.71727844901498,13.122365377402328,55.0,0.0,0,14,GAME,Teen
Honkai Impact 3rd,4.7,10.985597761104732,13.815511557963774,82.0,0.0,0,37,GAME,Teen
Lords Mobile: Battle of the Empires - Strategy RPG,4.4,14.933102259363421,17.72753358339242,14.0,0.0,0,14,GAME,Teen
War and Order,4.3,12.32169779907718,15.424948670398354,81.0,0.0,0,22,GAME,Teen
8 Ball Pool,4.5,16.468885753132522,18.420680753952364,52.0,0.0,0,9,GAME,Everyone
Subway Surfers,4.5,17.137857823310814,20.72326583794641,76.0,0.0,0,28,GAME,Everyone 10+
Candy Crush Soda Saga,4.4,15.639914032932912,18.420680753952364,67.0,0.0,0,30,GAME,Everyone
Toon Blast,4.7,14.116926882310628,16.118095750958314,,0.0,0,10,GAME,Everyone
Toy Blast,4.7,14.451866727771725,17.72753358339242,,0.0,0,17,GAME,Everyone
Clash Royale,4.6,16.956932215329523,18.420680753952364,97.0,0.0,0,43,GAME,Everyone 10+
Clash of Clans,4.6,17.619812240999813,18.420680753952364,98.0,0.0,0,25,GAME,Everyone 10+
Block Puzzle,4.6,11.000565331112286,15.424948670398354,7.8,0.0,0,156,GAME,Everyone
Super Jim Jump - pixel 3d,4.5,9.25540933534376,13.815511557963774,18.0,0.0,0,29,GAME,Everyone
Pou,4.3,16.1655534040527,20.030118658386467,24.0,0.0,0,76,GAME,Everyone
Flow Free,4.3,14.074504534000152,18.420680753952364,11.0,0.0,0,120,GAME,Everyone
Homescapes,4.6,14.944953655064907,16.118095750958314,,0.0,0,27,GAME,Everyone
Wordscapes,4.8,12.349523427935136,16.118095750958314,87.0,0.0,0,7,GAME,Everyone
My Talking Angela,4.5,16.10636390232228,18.420680753952364,99.0,0.0,0,37,GAME,Everyone
Cooking Fever,4.5,14.978091517936376,18.420680753952364,82.0,0.0,0,28,GAME,Everyone
Yes day,4.5,16.123632494311792,18.420680753952364,94.0,0.0,0,42,GAME,Everyone
Gardenscapes,4.6,15.233707089996223,17.72753358339242,,0.0,0,27,GAME,Everyone
Fishdom,4.6,14.584961619333349,16.118095750958314,,0.0,0,21,GAME,Everyone
Galaxy Attack: Alien Shooter,4.6,13.135465172815936,16.118095750958314,,0.0,0,8,GAME,Everyone
Jewels Star: OZ adventure,4.5,9.993922230007335,13.815511557963774,14.0,0.0,0,223,GAME,Everyone
Granny,4.5,13.944993767742227,17.72753358339242,59.0,0.0,0,72,GAME,Teen
Dream League Soccer 2018,4.6,16.106408319392507,18.420680753952364,74.0,0.0,0,24,GAME,Everyone
Sweet Fruit Candy,4.5,12.193701436715175,16.118095750958314,29.0,0.0,0,24,GAME,Everyone
Fruits Bomb,4.4,11.221181822163762,16.118095750958314,17.0,0.0,0,34,GAME,Everyone
My Talking Tom,4.5,16.516366274046153,20.030118658386467,,0.0,0,21,GAME,Everyone
Sniper 3D Gun Shooter: Free Shooting Games - FPS,4.6,15.853381517710533,18.420680753952364,,0.0,0,7,GAME,Mature 17+
Shoot Bubble - Fruit Splash,4.6,10.290313356425354,15.424948670398354,29.0,0.0,0,90,GAME,Everyone
Rider,4.5,13.392613390542063,16.118095750958314,72.0,0.0,0,388,GAME,Teen
Zombie Tsunami,4.4,15.409114166879794,18.420680753952364,,0.0,0,55,GAME,Everyone 10+
Doodle Jump,4.3,13.895773549065943,17.72753358339242,,0.0,0,20,GAME,Everyone
Helix Jump,4.2,14.2216421106156,18.420680753952364,33.0,0.0,0,122,GAME,Everyone
Crossy Road,4.5,15.25792222171142,18.420680753952364,60.0,0.0,0,8,GAME,Everyone
Temple Run 2,4.3,15.909736642683415,20.030118658386467,62.0,0.0,0,35,GAME,Everyone
slither.io,4.4,15.47093375217951,18.420680753952364,,0.0,0,268,GAME,Everyone
Talking Tom Gold Run,4.6,14.808351135334105,18.420680753952364,78.0,0.0,0,9,GAME,Everyone
Alto's Adventure,4.6,13.153199034023169,16.118095750958314,63.0,0.0,0,65,GAME,Everyone
DEER HUNTER 2018,4.3,13.770154341043344,16.118095750958314,82.0,0.0,0,44,GAME,Teen
Cover Fire: offline shooting games for free,4.7,13.495164788068696,16.118095750958314,31.0,0.0,0,6,GAME,Teen
Anger of stick 5 : zombie,4.5,13.215926577582517,17.72753358339242,23.0,0.0,0,6,GAME,Teen
CATS: Crash Arena Turbo Stars,4.7,14.259972636248408,17.72753358339242,,0.0,0,31,GAME,Everyone
Soul Knight,4.7,12.585073990152486,16.118095750958314,59.0,0.0,0,8,GAME,Everyone 10+
Major Mayhem,4.6,13.163434300939185,16.118095750958314,39.0,0.0,0,407,GAME,Teen
DINO HUNTER: DEADLY SHORES,4.4,14.13891275248974,16.118095750958314,54.0,0.0,0,513,GAME,Teen
Extreme Match,4.5,6.546785410760524,11.51293546492023,,0.0,0,35,GAME,Everyone
Power Rangers Dino Charge,4.3,12.180600979556504,16.118095750958314,30.0,0.0,0,192,GAME,Everyone 10+
Zombie Hunter: Post Apocalypse Survival Games,4.4,12.69954863096105,16.118095750958314,66.0,0.0,0,377,GAME,Teen
Agar.io,4.2,15.154922933184034,18.420680753952364,32.0,0.0,0,17,GAME,Everyone
Zombie Hunter King,4.3,9.262837940933936,13.815511557963774,50.0,0.0,0,8,GAME,Mature 17+
Battlelands Royale,4.4,11.56761249411991,13.815511557963774,61.0,0.0,0,24,GAME,Everyone 10+
Once Upon a Tower,4.7,10.522449834906697,13.815511557963774,49.0,0.0,0,197,GAME,Everyone 10+
TEKKEN™,4.2,11.90356115883239,15.424948670398354,38.0,0.0,0,14,GAME,Teen
diep.io,4.1,12.759624369855374,16.118095750958314,20.0,0.0,0,146,GAME,Everyone
Arrow.io,4.5,12.746255109397156,16.118095750958314,,0.0,0,3,GAME,Everyone 10+
BEYBLADE BURST app,4.5,12.286961149263512,16.118095750958314,,0.0,0,24,GAME,Everyone
Dragon Hills,4.5,12.778108131590683,16.118095750958314,66.0,0.0,0,301,GAME,Everyone 10+
Bus Rush: Subway Edition,4.1,13.53187893800982,18.420680753952364,57.0,0.0,0,8,GAME,Teen
Tiny Archers,4.5,11.29823359734582,15.424948670398354,,0.0,0,76,GAME,Mature 17+
Runner 3d like,4.5,6.327936783729195,11.51293546492023,32.0,0.0,0,6,GAME,Everyone 10+
War Robots,4.6,14.93824684230624,17.72753358339242,33.0,0.0,0,15,GAME,Everyone 10+
Dinosaur Simulator: Dino World,4.0,10.19054442959399,15.424948670398354,66.0,0.0,0,4,GAME,Teen
GUNSHIP BATTLE: Helicopter 3D,4.3,14.581462004078823,17.72753358339242,75.0,0.0,0,8,GAME,Teen
Quiz: Logo game,4.5,12.633837261133104,16.118095750958314,29.0,0.0,0,6,GAME,Everyone
Candy Crush Saga,4.4,16.92591833267578,20.030118658386467,74.0,0.0,0,35,GAME,Everyone
Plants vs. Zombies FREE,4.4,15.21857648676863,18.420680753952364,69.0,0.0,0,34,GAME,Everyone 10+
Jewels Legend - Match 3 Puzzle,4.6,12.54289839108831,16.118095750958314,50.0,0.0,0,20,GAME,Everyone
Bubble Shooter,4.5,11.911641180418718,16.118095750958314,46.0,0.0,0,23,GAME,Everyone
Bubble Shooter Genies,4.5,10.203073491990732,15.424948670398354,41.0,0.0,0,66,GAME,Everyone
Blossom Blast Saga,4.5,13.93368373972599,16.118095750958314,63.0,0.0,0,35,GAME,Everyone
Traffic Racer,4.5,15.499644355411744,18.420680753952364,53.0,0.0,0,163,GAME,Everyone
Hill Climb Racing,4.4,16.004237801668747,18.420680753952364,63.0,0.0,0,38,GAME,Everyone
Earn to Die 2,4.6,14.098634759083563,17.72753358339242,99.0,0.0,0,484,GAME,Teen
Bubble Shooter 2,4.3,10.045160710852274,15.424948670398354,,0.0,0,15,GAME,Everyone
Zombie Catchers,4.7,13.80626494873648,16.118095750958314,75.0,0.0,0,77,GAME,Everyone
Gems or jewels ?,4.7,12.052041125269799,16.118095750958314,13.0,0.0,0,6,GAME,Teen
Angry Birds Rio,4.4,14.775121664805523,18.420680753952364,46.0,0.0,0,37,GAME,Everyone
Candy Crush Jelly Saga,4.3,14.078351631817025,17.72753358339242,78.0,0.0,0,20,GAME,Everyone
Cut the Rope FULL FREE,4.4,14.568714669823116,18.420680753952364,49.0,0.0,0,35,GAME,Everyone
Hungry Shark Evolution,4.5,15.619631310748073,18.420680753952364,100.0,0.0,0,15,GAME,Teen
Power Pop Bubbles,4.4,11.55506499116432,16.118095750958314,,0.0,0,7,GAME,Everyone
Angry Birds Classic,4.4,15.532350520705474,18.420680753952364,97.0,0.0,0,77,GAME,Everyone
Hill Climb Racing 2,4.6,14.827346351146844,18.420680753952364,,0.0,0,7,GAME,Everyone
Jewels classic Prince,4.4,10.771532971782289,15.424948670398354,15.0,0.0,0,55,GAME,Everyone
Fruit Block - Puzzle Legend,4.6,11.741239625614655,16.118095750958314,33.0,0.0,0,17,GAME,Everyone
Bubble Shooter Space,4.2,8.37930948405285,13.815511557963774,,0.0,0,388,GAME,Everyone
Swamp Attack,4.4,14.56656620433818,17.72753358339242,70.0,0.0,0,41,GAME,Everyone 10+
1LINE – One Line with One Touch,4.6,12.277830357985998,16.118095750958314,10.0,0.0,0,6,GAME,Everyone
Stick War: Legacy,4.6,13.606073886690226,16.118095750958314,77.0,0.0,0,91,GAME,Teen
Bowmasters,4.7,14.244920031315896,17.72753358339242,,0.0,0,17,GAME,Teen
Magic Tiles 3,4.5,13.292114590774382,17.72753358339242,,0.0,0,6,GAME,Everyone
Block Puzzle Classic Legend !,4.2,9.743612184572003,15.424948670398354,4.9,0.0,0,118,GAME,Everyone
Marble Woka Woka 2018 - Bubble Shooter Match 3,4.6,11.952386120336351,16.118095750958314,,0.0,0,6,GAME,Everyone
Pixel Art: Color by Number Game,4.7,13.933797466655315,16.118095750958314,25.0,0.0,0,23,GAME,Everyone
Score! Hero,4.6,15.505546777544088,18.420680753952364,96.0,0.0,0,57,GAME,Everyone
Super Jabber Jump 3,4.3,10.448569664980209,15.424948670398354,23.0,0.0,0,29,GAME,Everyone 10+
Rush,4.6,12.470941463291695,16.118095750958314,51.0,0.0,0,176,GAME,Everyone
Jetpack Joyride,4.4,15.349829156241457,18.420680753952364,96.0,0.0,0,21,GAME,Everyone 10+
DEAD TARGET: FPS Zombie Apocalypse Survival Games,4.5,14.199846679550626,17.72753358339242,,0.0,0,17,GAME,Mature 17+
Word Search,4.2,12.750098975436979,17.72753358339242,,0.0,0,38,GAME,Everyone
Candy Bomb,4.4,10.648895059757159,16.118095750958314,20.0,0.0,0,36,FAMILY,Everyone
Jewels Crush- Match 3 Puzzle,4.4,9.6006918422743,13.815511557963774,19.0,0.0,0,17,FAMILY,Everyone
Coloring & Learn,4.4,9.453600226875217,15.424948670398354,51.0,0.0,0,23,FAMILY,Everyone
Mahjong,4.5,10.433645104601611,15.424948670398354,22.0,0.0,0,7,FAMILY,Everyone
Toy Pop Cubes,4.5,8.659039915644474,13.815511557963774,21.0,0.0,0,36,FAMILY,Everyone
Educational Games 4 Kids,4.3,9.360396968182862,15.424948670398354,39.0,0.0,0,128,FAMILY,Everyone
Candy Pop Story,4.7,9.46877384406884,13.815511557963774,23.0,0.0,0,77,FAMILY,Everyone
Princess Coloring Book,4.5,9.188094763028863,15.424948670398354,39.0,0.0,0,165,FAMILY,Everyone
Hello Kitty Nail Salon,4.2,12.81957849618708,17.72753358339242,24.0,0.0,0,114,FAMILY,Everyone
Candy Smash,4.5,9.344608992781216,13.815511557963774,15.0,0.0,0,114,FAMILY,Everyone
Happy Fruits Bomb - Cube Blast,4.5,7.67368812926773,13.122365377402328,20.0,0.0,0,189,FAMILY,Everyone
Princess Adventures Puzzles,4.4,5.948034989180646,13.122365377402328,44.0,0.0,0,8,FAMILY,Everyone
Kids Educational Game 3 Free,4.3,10.1241079233059,15.424948670398354,38.0,0.0,0,85,FAMILY,Everyone
Puzzle Kids - Animals Shapes and Jigsaw Puzzles,4.6,7.01211529430638,13.815511557963774,52.0,0.0,0,22,FAMILY,Everyone
Coloring book moana,3.9,6.882437470997847,13.122365377402328,14.0,0.0,0,206,FAMILY,Everyone
Baby Panda Care,4.2,11.597229848022259,16.118095750958314,49.0,0.0,0,55,FAMILY,Everyone
Kids Educational :All in One,4.5,7.283448228756631,13.122365377402328,8.9,0.0,0,189,FAMILY,Everyone
Number Counting games for toddler preschool kids,4.3,6.932447891572509,13.815511557963774,,0.0,0,73,FAMILY,Everyone
Learn To Draw Glow Flower,4.4,8.898502209646642,13.815511557963774,10.0,0.0,0,398,FAMILY,Everyone
"No. Color - Color by Number, Number Coloring",4.8,12.503191303028956,16.118095750958314,6.9,0.0,0,6,FAMILY,Everyone
Draw.ly - Color by Number Pixel Art Coloring,4.4,9.831830420771897,13.815511557963774,10.0,0.0,0,4,FAMILY,Everyone
Baby puzzles,4.3,9.388570235866881,15.424948670398354,19.0,0.0,0,28,FAMILY,Everyone
Garden Fruit Legend,4.6,8.364042011922063,13.122365377402328,33.0,0.0,0,9,FAMILY,Everyone
Barbie™ Fashion Closet,4.1,11.13147469069291,16.118095750958314,85.0,0.0,0,10,FAMILY,Everyone
Candy Day,4.5,9.368796057668156,13.815511557963774,48.0,0.0,0,6,FAMILY,Everyone
Learn To Draw Glow Princess,4.5,8.10892415597534,13.815511557963774,9.6,0.0,0,391,FAMILY,Everyone
ABC Kids - Tracing & Phonics,4.5,10.507994757932803,16.118095750958314,,0.0,0,48,FAMILY,Everyone
Barbie Magical Fashion,4.0,12.702657347005822,16.118095750958314,15.0,0.0,0,307,FAMILY,Everyone
Piano Kids - Music & Songs,4.6,10.75239839707897,16.118095750958314,50.0,0.0,0,6,FAMILY,Everyone
Educational Games for Kids,4.5,8.860924729719041,13.815511557963774,24.0,0.0,0,74,FAMILY,Everyone
No.Draw - Colors by Number 2018,4.5,12.371192938546018,16.118095750958314,13.0,0.0,0,11,FAMILY,Everyone
Fruit Boom,4.4,9.784366121628265,13.815511557963774,16.0,0.0,0,76,FAMILY,Everyone
Baby Tiger Care - My Cute Virtual Pet Friend,4.5,6.07073772800249,11.51293546492023,63.0,0.0,0,13,FAMILY,Everyone 10+
Rhythm Patrol,4.3,8.344742754417545,11.51293546492023,26.0,0.0,0,17,FAMILY,Everyone
Kiddopia - Preschool Learning Games,4.5,4.174387269895637,9.210440366976517,81.0,0.0,0,22,FAMILY,Everyone
Toca Mystery House,4.2,4.574710978503383,8.517393171418904,79.0,3.99,1,56,FAMILY,Everyone
Super ABC! Learning games for kids! Preschool apps,4.6,9.9167985665958,13.815511557963774,46.0,0.0,0,24,FAMILY,Everyone
Drawing for Kids Learning Games for Toddlers age 3,4.6,10.29000766547652,13.815511557963774,43.0,0.0,0,141,FAMILY,Everyone
Baby Panda’s Juice Shop,4.5,9.864278839310847,15.424948670398354,45.0,0.0,0,28,FAMILY,Everyone
Dr. Panda Restaurant 3,4.2,9.3171298661577,13.815511557963774,91.0,0.0,0,139,FAMILY,Everyone
LEGO® Friends: Heartlake Rush,4.5,10.072048194080045,13.815511557963774,91.0,0.0,0,9,FAMILY,Everyone
Baby ABC in box! Kids alphabet games for toddlers!,4.6,9.175024026848615,13.815511557963774,53.0,0.0,0,24,FAMILY,Everyone
Henry Danger Crime Warp,4.6,9.172326929777967,13.815511557963774,28.0,0.0,0,183,FAMILY,Everyone
Thomas & Friends: Race On!,4.1,10.286025156000587,15.424948670398354,26.0,0.0,0,83,FAMILY,Everyone
Super School: Educational Kids Games & Rhymes,4.5,7.491087593534876,13.122365377402328,56.0,0.0,0,68,FAMILY,Everyone
Fruit Cube Blast,4.6,9.126958763037132,13.122365377402328,80.0,0.0,0,6,FAMILY,Everyone
Toddler Kids Puzzles PUZZINGO,4.6,9.547883463598888,13.815511557963774,60.0,0.0,0,34,FAMILY,Everyone
Happy Street,4.5,11.616185776743015,13.815511557963774,,0.0,0,134,FAMILY,Everyone 10+
Intellijoy Early Learning Academy,4.3,5.081404364984463,10.819798284210286,67.0,0.0,0,52,FAMILY,Everyone
Dr. Panda Town: Vacation,3.8,9.246382963323112,13.815511557963774,78.0,0.0,0,16,FAMILY,Everyone
Leo and Tig,4.5,10.771532971782289,13.815511557963774,27.0,0.0,0,70,FAMILY,Everyone
Fuzzy Seasons: Animal Forest,4.8,9.4040963063958,11.51293546492023,63.0,0.0,0,3,FAMILY,Everyone 10+
Montessori Preschool,3.9,5.472270673671475,11.51293546492023,26.0,0.0,0,28,FAMILY,Everyone
Kids Corner: Interactive Tales and Games for kids,4.5,8.764834214330834,13.122365377402328,46.0,0.0,0,24,FAMILY,Everyone
Cutie Cubies,4.4,8.757311846936409,13.122365377402328,83.0,0.0,0,36,FAMILY,Everyone
My Little Princess : Stores,4.3,5.135798437050262,8.517393171418904,60.0,2.99,1,76,FAMILY,Everyone
Sago Mini Big City,4.2,2.1972245773362196,6.90875477931522,44.0,3.99,1,31,FAMILY,Everyone
Pinkalicious Party,3.0,1.0986122886681098,6.2166061010848646,82.0,2.99,1,45,FAMILY,Everyone
Minion Rush: Despicable Me Official Game,4.5,16.139563361821363,18.420680753952364,,0.0,0,28,FAMILY,Everyone 10+
Dog Run - Pet Dog Simulator,4.7,10.79347537598923,16.118095750958314,24.0,0.0,0,79,FAMILY,Everyone
Moana Island Life,4.1,9.632138041371906,13.815511557963774,78.0,0.0,0,393,FAMILY,Everyone
Hot Wheels: Race Off,4.5,13.16284291329232,16.118095750958314,,0.0,0,42,FAMILY,Everyone
Basketball FRVR - Shoot the Hoop and Slam Dunk!,4.5,8.313116702819253,11.51293546492023,,0.0,0,8,FAMILY,Everyone
Farming Simulator 14,4.5,13.182338376496899,16.118095750958314,51.0,0.0,0,388,FAMILY,Everyone
My Oasis - Calming and Relaxing Idle Clicker Game,4.6,11.578254298728494,13.815511557963774,94.0,0.0,0,41,FAMILY,Everyone
My Little Pony Rainbow Runners,4.3,10.427801794482674,15.424948670398354,16.0,0.0,0,232,FAMILY,Everyone
Extreme Racing 2 - Real driving RC cars game!,4.3,8.344742754417545,13.122365377402328,93.0,0.0,0,343,FAMILY,Everyone
Cars: Lightning League,4.5,10.981829104361879,16.118095750958314,77.0,0.0,0,80,FAMILY,Everyone
Little Panda Run,4.2,8.082093278178382,13.815511557963774,32.0,0.0,0,50,FAMILY,Everyone
Snoopy's Town Tale - City Building Simulator,4.2,10.758583500082091,13.815511557963774,58.0,0.0,0,10,FAMILY,Everyone
Car Racing game for Kids - Beepzz Dogs 🐕,4.4,4.882801922586371,11.51293546492023,48.0,0.0,0,57,FAMILY,Everyone
Pony Friends 🦄 - Beepzz racing game for kids,4.5,4.74493212836325,10.819798284210286,69.0,0.0,0,57,FAMILY,Everyone
LEGO® Juniors Create & Cruise,4.1,13.419803683051784,17.72753358339242,73.0,0.0,0,202,FAMILY,Everyone
Xtreme Racing 2018 - Jeep & 4x4 off road simulator,4.2,7.68662133494462,13.122365377402328,99.0,0.0,0,351,FAMILY,Everyone
Thomas & Friends: Go Go Thomas,4.1,12.076112013004115,16.118095750958314,16.0,0.0,0,260,FAMILY,Everyone
Ninja Dash - Ronin Jump RPG,4.7,9.048879705849558,13.122365377402328,54.0,0.0,0,7,FAMILY,Everyone 10+
Paw Patrol by ShuffleCards,4.3,8.156223323194624,13.815511557963774,56.0,0.0,0,520,FAMILY,Everyone
Plants vs. Zombies™ Heroes,4.4,12.846388507444134,16.118095750958314,68.0,0.0,0,44,FAMILY,Everyone
Transformers Rescue Bots: Disaster Dash,4.4,9.865058525916346,13.815511557963774,25.0,0.0,0,134,FAMILY,Everyone
PAC-MAN Pop,4.3,10.12173915776991,15.424948670398354,54.0,0.0,0,50,FAMILY,Everyone
Monster Truck Driver & Racing,4.4,6.641182169740591,13.815511557963774,51.0,0.0,0,567,FAMILY,Everyone
L.O.L. Surprise Ball Pop,4.3,9.219201000408379,13.815511557963774,,0.0,0,154,FAMILY,Everyone
Little Fire Station,4.2,8.232971790593437,13.815511557963774,44.0,0.0,0,38,FAMILY,Everyone
Ice Cream Jump,4.2,11.85909340314106,16.118095750958314,8.7,0.0,0,200,FAMILY,Everyone
Disney Magic Kingdoms: Build Your Own Magical Park,4.3,13.06597290391681,16.118095750958314,91.0,0.0,0,7,FAMILY,Everyone
Turbo FAST,4.3,14.1000825491231,17.72753358339242,97.0,0.0,0,309,FAMILY,Everyone
Transformers Rescue Bots: Hero Adventures,4.2,10.627988040754069,15.424948670398354,16.0,0.0,0,35,FAMILY,Everyone
Robots Vs Zombies: Transform To Race And Fight,4.5,5.631211781821365,11.51293546492023,,0.0,0,29,FAMILY,Everyone
Disney Crossy Road,4.5,13.15015168119924,16.118095750958314,83.0,0.0,0,71,FAMILY,Everyone
Touch Racing 2 - Mini RC Race,4.1,10.642277090974774,13.815511557963774,78.0,0.0,0,448,FAMILY,Everyone
Toca Kitchen 2,4.5,13.830248420179517,17.72753358339242,56.0,0.0,0,406,FAMILY,Everyone
Doctor Pets,4.2,10.045898158017241,13.815511557963774,21.0,0.0,0,14,FAMILY,Everyone
Supermarket – Game for Kids,4.4,11.626977103169516,16.118095750958314,26.0,0.0,0,14,FAMILY,Everyone
Supermarket Manager: Cashier Simulator Kids Games,4.0,9.647949933410914,13.815511557963774,60.0,0.0,0,302,FAMILY,Everyone
Kids Animals Jigsaw Puzzles 😄,4.1,10.856996994892892,16.118095750958314,22.0,0.0,0,54,FAMILY,Everyone
Strawberry Shortcake BerryRush,4.3,13.172206320540793,16.118095750958314,48.0,0.0,0,298,FAMILY,Everyone
Monster High™,4.1,11.10739035441195,15.424948670398354,22.0,0.0,0,188,FAMILY,Everyone
Cute Pet Puppies,4.0,9.254165851516213,13.815511557963774,36.0,0.0,0,903,FAMILY,Everyone
Monster High™ Minis Mania,4.6,9.861153999520049,13.815511557963774,70.0,0.0,0,512,FAMILY,Everyone
Monica Toy TV,4.7,8.73052880173936,13.122365377402328,49.0,0.0,0,128,FAMILY,Everyone 10+
Toy Guitar with songs for kids,4.3,7.222566018822171,13.122365377402328,9.8,0.0,0,887,FAMILY,Everyone
Endless Numbers,4.4,7.990576881743923,13.122365377402328,37.0,0.0,0,51,FAMILY,Everyone
Toddler Learning Games - Little Kids Games,4.2,6.595780513961311,11.51293546492023,,0.0,0,12,FAMILY,Everyone
Sworkit Kids - Fitness Meets Fun,4.7,9.19593714166544,11.51293546492023,55.0,0.0,0,919,FAMILY,Everyone
Earth to Luna! Watch and Play,3.9,9.283033057369623,13.815511557963774,84.0,0.0,0,17,FAMILY,Everyone
Nancy Drew Codes and Clues,4.1,5.043425116919247,9.210440366976517,16.0,0.0,0,573,FAMILY,Everyone
codeSpark Academy & The Foos,4.1,8.416930769477844,13.122365377402328,57.0,0.0,0,49,FAMILY,Everyone
Toca Builders,4.2,8.110427237575024,11.51293546492023,,3.99,1,392,FAMILY,Everyone
Toca Life: City,4.7,10.344995251991222,13.122365377402328,24.0,3.99,1,34,FAMILY,Everyone
LEGO® Friends,4.4,6.75110146893676,9.210440366976517,6.9,4.99,1,982,FAMILY,Everyone
My Little Work – Garage,4.3,6.329720905522696,9.210440366976517,44.0,3.99,1,1149,FAMILY,Everyone
"Alizay, pirate girl",4.5,5.288267030694535,6.90875477931522,11.0,2.99,1,504,FAMILY,Everyone
Word Search Games in english,4.3,11.053853862774051,16.118095750958314,16.0,0.0,0,28,FAMILY,Everyone
Tic Tac Toe,4.1,8.700847193443972,13.815511557963774,18.0,0.0,0,402,FAMILY,Everyone
Dominos Game ✔️,4.1,7.973844375944687,13.815511557963774,16.0,0.0,0,35,FAMILY,Everyone
Checkers ✔️,4.1,8.193676665955241,13.815511557963774,19.0,0.0,0,16,FAMILY,Everyone
Crazy Colors: Bubbles Matching,4.6,8.027476530860483,11.51293546492023,1.6,0.0,0,77,FAMILY,Everyone
Chess for Kids - Play & Learn,4.1,8.081784206935001,11.51293546492023,47.0,0.0,0,86,FAMILY,Everyone
Block Puzzle : Night in Egypt,4.4,5.6240175061873385,10.819798284210286,16.0,0.0,0,331,FAMILY,Everyone
Mosaic puzzles,4.4,7.3752557780097545,13.122365377402328,14.0,0.0,0,36,FAMILY,Everyone
Chess School for Beginners,4.3,6.779921907472252,11.51293546492023,,0.0,0,79,FAMILY,Everyone
RISK: Global Domination,4.0,11.135464553271662,15.424948670398354,75.0,0.0,0,9,FAMILY,Everyone
Pino chess,4.8,4.127134385045092,6.90875477931522,25.0,0.0,0,560,FAMILY,Everyone
Chess PRO Free,3.8,7.024649030453636,11.51293546492023,5.7,0.0,0,700,FAMILY,Everyone
Children Educational Game Full,4.7,3.4339872044851463,6.90875477931522,,7.49,1,85,FAMILY,Everyone
All-in-One Mahjong 3 FREE,4.5,6.340359303727752,10.819798284210286,17.0,0.0,0,57,FAMILY,Everyone
Hactar Go,4.8,4.584967478670572,6.90875477931522,3.5,2.99,1,132,FAMILY,Everyone
All-in-One Mahjong 3,4.4,3.6635616461296463,4.61512051684126,16.0,0.99,1,56,FAMILY,Everyone
World Racers family board game,4.8,1.6094379124341003,4.61512051684126,42.0,0.99,1,1071,FAMILY,Everyone
SweetLand — Family Board Game,4.2,3.6635616461296463,6.90875477931522,47.0,0.99,1,1364,FAMILY,Everyone
Steam: Rails to Riches,4.2,5.3706380281276624,8.517393171418904,67.0,4.99,1,239,FAMILY,Everyone
Whoowasit? - Best kids game!,4.0,5.517452896464707,8.517393171418904,26.0,2.99,1,16,FAMILY,Everyone
Lanterns: The Harvest Festival,4.7,5.225746673713202,6.90875477931522,72.0,4.99,1,100,FAMILY,Everyone
Tsuro - The Game of the Path,4.7,7.694392802629421,9.210440366976517,37.0,2.99,1,737,FAMILY,Everyone
THE aMAZEing Labyrinth,3.9,7.38770923908104,9.210440366976517,1.2,4.99,1,912,FAMILY,Everyone
Chess and Mate,4.5,5.886104031450156,8.517393171418904,17.0,4.99,1,1093,FAMILY,Everyone
Elmo Calls by Sesame Street,3.9,8.839856232763264,13.815511557963774,25.0,0.0,0,190,FAMILY,Everyone
Sago Mini Friends,4.4,9.484633207308947,13.815511557963774,83.0,0.0,0,784,FAMILY,Everyone
Avokiddo Emotions,4.6,4.30406509320417,6.90875477931522,12.0,2.99,1,80,FAMILY,Everyone
Kids Balloon Pop Game Free 🎈,4.1,10.545920218551572,16.118095750958314,19.0,0.0,0,34,FAMILY,Everyone
Sounds for Toddlers FREE,4.4,8.730851903519232,13.815511557963774,23.0,0.0,0,1081,FAMILY,Everyone
Papumba Academy - Fun Learning For Kids,4.4,6.208590026096629,11.51293546492023,94.0,0.0,0,29,FAMILY,Everyone
Tee and Mo Bath Time Free,3.6,6.037870919922137,11.51293546492023,97.0,0.0,0,640,FAMILY,Everyone
Bita and the Animals - Pelos Ares,4.4,7.057036981697891,11.51293546492023,37.0,0.0,0,1905,FAMILY,Everyone
TO-FU Oh!SUSHI,4.1,11.000732239796932,15.424948670398354,92.0,0.0,0,9,FAMILY,Everyone
DreamWorks Friends,3.6,6.949856455000773,11.51293546492023,48.0,0.0,0,370,FAMILY,Everyone
Nighty Night Circus,4.3,5.948034989180646,9.210440366976517,15.0,2.99,1,520,FAMILY,Everyone
Sago Mini Babies,4.5,5.537334267018537,9.210440366976517,83.0,3.99,1,650,FAMILY,Everyone
ROBLOX,4.5,15.30861485881923,18.420680753952364,67.0,0.0,0,9,FAMILY,Everyone 10+
PlayKids - Educational cartoons and games for kids,4.1,12.112717553296026,16.118095750958314,,0.0,0,10,FAMILY,Everyone
YouTube Kids,4.5,13.062005969882973,17.72753358339242,,0.0,0,6,FAMILY,Everyone
Barbie Life™,3.9,11.798991231903711,15.424948670398354,63.0,0.0,0,28,FAMILY,Everyone
Palace Pets in Whisker Haven,4.1,10.762445737763038,15.424948670398354,14.0,0.0,0,243,FAMILY,Everyone
Sweet Baby Girl - Dream House and Play Time,3.9,11.46727935308448,16.118095750958314,58.0,0.0,0,27,FAMILY,Everyone
Hello Kitty Lunchbox,4.2,10.855898040716642,15.424948670398354,15.0,0.0,0,261,FAMILY,Everyone
Sweet Baby Girl Newborn Baby,3.8,10.492079448708068,15.424948670398354,50.0,0.0,0,38,FAMILY,Everyone
Shopkins World!,4.3,12.041256962865885,16.118095750958314,34.0,0.0,0,57,FAMILY,Everyone
Ever After High™ Charmed Style,3.9,10.693375707007972,13.815511557963774,54.0,0.0,0,587,FAMILY,Everyone
Fun Kid Racing,4.0,11.28562327850716,16.118095750958314,,0.0,0,6,FAMILY,Everyone
Learn to Read with Tommy Turtle,4.0,9.94097599694712,15.424948670398354,,0.0,0,156,FAMILY,Everyone
Nick,4.2,11.722562208658456,16.118095750958314,25.0,0.0,0,197,FAMILY,Everyone 10+
Mad Libs,4.0,9.002947130753205,13.815511557963774,61.0,0.0,0,9,FAMILY,Everyone
Inside Out Thought Bubbles,4.4,13.342942042207575,16.118095750958314,58.0,0.0,0,343,FAMILY,Everyone
ABCmouse.com,4.3,10.83738241835864,15.424948670398354,91.0,0.0,0,37,FAMILY,Everyone
Thomas & Friends: Delivery,4.2,10.265975567789152,13.815511557963774,17.0,0.0,0,916,FAMILY,Everyone
School of Dragons,4.1,13.182127393711935,16.118095750958314,,0.0,0,71,FAMILY,Everyone
Nasty Goats,4.3,10.727224302799675,13.815511557963774,64.0,0.0,0,847,FAMILY,Everyone
Starfall Free & Member,4.2,9.889439336810069,13.815511557963774,41.0,0.0,0,275,FAMILY,Everyone
Animal Jam - Play Wild!,4.6,12.799319377101654,15.424948670398354,58.0,0.0,0,7,FAMILY,Everyone
Peak – Brain Games & Training,4.4,12.514740468641,16.118095750958314,,0.0,0,6,FAMILY,Everyone
Minecraft,4.5,14.68116672580881,16.118095750958314,,6.99,1,16,FAMILY,Everyone 10+
Card Wars - Adventure Time,4.3,11.772238926621553,13.815511557963774,23.0,2.99,1,910,FAMILY,Everyone 10+
Pedi STAT,4.6,4.867534450455582,9.210440366976517,2.9,5.49,1,125,MEDICAL,Everyone
Paramedic Protocol Provider,4.5,5.147494476813453,9.210440366976517,20.0,10.0,1,322,MEDICAL,Everyone 10+
MommyMeds,3.2,3.828641396489095,8.517393171418904,21.0,3.99,1,267,MEDICAL,Everyone
Medical ID - In Case of Emergency (ICE),4.6,6.576469569048224,8.517393171418904,5.4,5.99,1,70,MEDICAL,Everyone
Essential Anatomy 3,4.1,7.335633981927201,10.819798284210286,42.0,11.99,1,1463,MEDICAL,Mature 17+
Muscle Trigger Point Anatomy,4.4,7.216709486709457,10.819798284210286,33.0,2.99,1,23,MEDICAL,Everyone
ASRA Coags,4.4,2.772588722239781,6.90875477931522,5.8,3.99,1,8,MEDICAL,Everyone
IBM Micromedex Drug Info,3.8,5.332718793265369,9.210440366976517,9.5,2.99,1,106,MEDICAL,Everyone
VeinSeek,2.5,4.382026634673881,6.90875477931522,,3.99,1,246,MEDICAL,Everyone
Super Hearing Secret Voices Recorder PRO,5.0,1.3862943611198906,4.61512051684126,23.0,2.99,1,111,MEDICAL,Everyone
EMT Study - NREMT Test Prep,4.3,3.58351893845611,8.517393171418904,0.841796875,3.99,1,1345,MEDICAL,Everyone
Calcium Pro,3.4,4.356708826689592,8.517393171418904,9.9,2.99,1,478,MEDICAL,Everyone
Pocket Lab Values,4.3,5.3706380281276624,9.210440366976517,0.8779296875,2.99,1,2086,MEDICAL,Everyone
Medical terms (OFFLINE),4.4,4.653960350157523,6.90875477931522,38.0,2.99,1,77,MEDICAL,Teen
ERres- Emergency Medicine,4.2,3.828641396489095,6.90875477931522,14.0,4.99,1,1087,MEDICAL,Everyone
FHR 5-Tier 2.0,5.0,1.0986122886681098,6.2166061010848646,1.2,2.99,1,967,MEDICAL,Everyone
OptoDrum,3.9,2.3978952727983707,6.90875477931522,0.369140625,5.99,1,1171,MEDICAL,Everyone
"Migraine, Headache Diary HeadApp Pro",4.6,5.056245805348308,6.2166061010848646,22.0,3.49,1,148,MEDICAL,Everyone
Visual Anatomy 2,4.4,6.3578422665081,8.517393171418904,,2.49,1,369,MEDICAL,Everyone
"Muscle Premium - Human Anatomy, Kinesiology, Bones",4.2,5.1298987149230735,9.210440366976517,25.0,24.99,1,363,MEDICAL,Everyone
CCHT PREP,3.6,3.258096538021482,6.90875477931522,0.259765625,10.99,1,609,MEDICAL,Everyone
Paramedic Meds,4.5,5.099866427824199,9.210440366976517,0.3662109375,1.99,1,1102,MEDICAL,Everyone
OmniMedix Medical Calculator,4.7,3.258096538021482,6.90875477931522,1.2,4.99,1,789,MEDICAL,Everyone
Breathing Zone,4.6,5.768320995793772,8.517393171418904,,3.99,1,156,MEDICAL,Everyone
Lab Values + Medical Reference,4.5,4.897839799950911,9.210440366976517,2.8,2.99,1,1468,MEDICAL,Everyone
Recognise Foot,4.2,2.302585092994046,6.90875477931522,95.0,7.49,1,329,MEDICAL,Everyone
Anti Mosquito simulation,4.2,4.31748811353631,6.90875477931522,2.6,1.5,1,1433,MEDICAL,Everyone
Pain Tracker & Diary,4.3,1.3862943611198906,4.61512051684126,4.6,2.99,1,219,MEDICAL,Everyone
Menstrual Calendar Premium,4.4,8.344742754417545,10.819798284210286,,3.99,1,1840,MEDICAL,Everyone
Whist - Tinnitus Relief,4.1,2.5649493574615367,6.90875477931522,5.1,1.99,1,525,MEDICAL,Everyone
Critical Care Paramedic Review,4.4,2.8903717578961645,6.90875477931522,1.8,9.99,1,87,MEDICAL,Everyone 10+
With Helper Pro Pill Reminder,4.6,5.883322388488279,8.517393171418904,,3.99,1,288,MEDICAL,Everyone
Manage My Pain Pro,4.4,6.588926477533519,8.517393171418904,,3.99,1,157,MEDICAL,Everyone
"End Anxiety Pro - Stress, Panic Attack Help",4.2,3.5263605246161616,6.90875477931522,53.0,3.99,1,93,MEDICAL,Everyone
Acupuncture Assistant,4.5,6.20050917404269,9.210440366976517,39.0,7.99,1,118,MEDICAL,Everyone
InfantRisk Center HCP,2.6,3.7376696182833684,6.90875477931522,14.0,9.99,1,1191,MEDICAL,Everyone
Hospitalist Handbook,4.8,2.5649493574615367,6.90875477931522,18.0,19.99,1,430,MEDICAL,Everyone
Navi Radiography Pro,4.7,2.4849066497880004,6.2166061010848646,100.0,15.99,1,207,MEDICAL,Everyone
Nursing Care Plan NANDA Tables,3.0,1.6094379124341003,6.2166061010848646,3.4,0.99,1,457,MEDICAL,Everyone
A Manual of Acupuncture,3.5,5.3706380281276624,6.90875477931522,68.0,33.99,1,311,MEDICAL,Everyone
palmPEDi: Pediatric Tape,4.6,4.204692619390966,8.517393171418904,2.6,0.99,1,1711,MEDICAL,Everyone
GoodRx Drug Prices and Coupons,4.8,10.987984013368823,13.815511557963774,11.0,0.0,0,14,MEDICAL,Everyone
MyChart,4.2,9.876835521538702,13.815511557963774,,0.0,0,16,MEDICAL,Everyone
FollowMyHealth®,4.6,11.199843529885715,13.815511557963774,37.0,0.0,0,91,MEDICAL,Everyone
CareZone,4.4,10.22284996159088,13.815511557963774,,0.0,0,10,MEDICAL,Everyone
Ovia Pregnancy Tracker & Baby Countdown Calendar,4.8,11.54111439732948,13.815511557963774,9.8,0.0,0,6,MEDICAL,Everyone
Teladoc Member,4.0,7.647308832356238,13.122365377402328,23.0,0.0,0,14,MEDICAL,Everyone
myAir™ for Air10™ by ResMed,3.7,5.4680601411351315,10.819798284210286,18.0,0.0,0,15,MEDICAL,Everyone
Pregnancy Week By Week,4.8,11.27499817066327,13.815511557963774,11.0,0.0,0,7,MEDICAL,Everyone
Doctor On Demand,4.7,9.834941010001018,13.815511557963774,,0.0,0,13,MEDICAL,Everyone
BioLife Plasma Services,3.5,5.5254529391317835,11.51293546492023,23.0,0.0,0,31,MEDICAL,Everyone
OneTouch Reveal,3.9,8.743053050224676,13.122365377402328,34.0,0.0,0,79,MEDICAL,Everyone
To,4.2,3.1354942159291497,9.210440366976517,15.0,0.0,0,71,MEDICAL,Everyone
Anthem Anywhere,2.7,7.885329239273191,13.122365377402328,24.0,0.0,0,13,MEDICAL,Everyone
Blood Donor,4.2,8.406708458240965,13.122365377402328,20.0,0.0,0,9,MEDICAL,Everyone
My Calendar - Period Tracker,4.7,11.960242437100954,15.424948670398354,14.0,0.0,0,6,MEDICAL,Everyone
Zocdoc: Find Doctors & Book Appointments,4.5,8.716044050161402,13.122365377402328,38.0,0.0,0,9,MEDICAL,Everyone
1800 Contacts - Lens Store,4.7,10.050225108647712,13.815511557963774,26.0,0.0,0,13,MEDICAL,Everyone
Blood Pressure Log - MyDiary,4.7,9.029897050194,13.122365377402328,2.6,0.0,0,118,MEDICAL,Everyone
PulsePoint Respond,4.5,8.966738978759576,11.51293546492023,21.0,0.0,0,9,MEDICAL,Everyone
Ovia Parenting & Baby Development Tracker,4.7,8.730043953245016,11.51293546492023,38.0,0.0,0,6,MEDICAL,Everyone
MyQuest for Patients,4.0,8.24380842366528,11.51293546492023,16.0,0.0,0,149,MEDICAL,Everyone
OptumRx,3.4,7.516977224604321,11.51293546492023,21.0,0.0,0,38,MEDICAL,Everyone
CVS Caremark,3.5,8.218247926685745,13.122365377402328,10.0,0.0,0,12,MEDICAL,Everyone
Ada - Your Health Guide,4.7,11.378467929321909,13.815511557963774,14.0,0.0,0,24,MEDICAL,Everyone
mySugr: the blood sugar tracker made just for you,4.6,9.961284651262345,13.815511557963774,36.0,0.0,0,3,MEDICAL,Everyone
ClearCareGo Caregiver,4.2,7.465655310134056,10.819798284210286,16.0,0.0,0,15,MEDICAL,Everyone
Pregnancy Calculator and Tracker app,4.8,11.143700671498307,13.815511557963774,61.0,0.0,0,69,MEDICAL,Everyone
DreamMapper,4.2,9.27902652976463,11.51293546492023,8.5,0.0,0,37,MEDICAL,Everyone
Delta Dental,3.0,6.818924065275521,11.51293546492023,,0.0,0,23,MEDICAL,Everyone
Drugs.com Medication Guide,4.4,9.672563813902956,13.815511557963774,,0.0,0,79,MEDICAL,Everyone
MoodSpace,4.5,6.222576268071369,10.819798284210286,22.0,0.0,0,60,MEDICAL,Everyone
Pill Identifier and Drug list,4.0,6.192362489474872,11.51293546492023,17.0,0.0,0,8,MEDICAL,Everyone
HealtheLife,3.6,5.25227342804663,11.51293546492023,7.7,0.0,0,219,MEDICAL,Everyone
SonicCloud: Hearing App,4.4,2.772588722239781,6.90875477931522,39.0,0.0,0,21,MEDICAL,Everyone
Migraine Buddy - The Migraine and Headache tracker,4.7,10.198505154086057,13.122365377402328,30.0,0.0,0,45,MEDICAL,Everyone
LabCorp | Patient,3.6,3.332204510175204,9.210440366976517,28.0,0.0,0,112,MEDICAL,Everyone
Anatomy Learning - 3D Atlas,4.5,11.186752013336475,13.815511557963774,16.0,0.0,0,22,MEDICAL,Everyone
Super Hearing Super Ear Amplifier,4.1,3.091042453358316,6.90875477931522,20.0,0.0,0,59,MEDICAL,Everyone
Moodpath - Depression & Anxiety Test,4.6,8.70549681988774,11.51293546492023,8.9,0.0,0,35,MEDICAL,Everyone
Teach Me Anatomy,4.7,9.204925739274683,13.122365377402328,97.0,0.0,0,35,MEDICAL,Everyone
Baritastic - Bariatric Tracker,4.7,8.3707791729607,11.51293546492023,12.0,0.0,0,14,MEDICAL,Everyone
Brilliant Distinctions®,2.8,4.3694478524670215,10.819798284210286,72.0,0.0,0,43,MEDICAL,Everyone
Mayo Clinic,4.3,7.704811922932594,13.122365377402328,,0.0,0,8,MEDICAL,Everyone
98point6,4.6,3.871201010907891,9.210440366976517,21.0,0.0,0,7,MEDICAL,Everyone
Epocrates Plus,4.3,10.081215240319855,13.815511557963774,,0.0,0,30,MEDICAL,Everyone
MDLIVE: Talk to a Doctor 24/7,3.4,6.478509642208569,11.51293546492023,27.0,0.0,0,17,MEDICAL,Everyone
Super Ear,4.0,8.160232492367689,11.51293546492023,6.6,0.0,0,100,MEDICAL,Everyone
VitusVet: Pet Health Care App,4.8,8.023879992734878,11.51293546492023,12.0,0.0,0,9,MEDICAL,Everyone
Dexcom G6,3.0,3.828641396489095,8.517393171418904,20.0,0.0,0,24,MEDICAL,Everyone
Nurse Grid,4.5,7.430707082545968,11.51293546492023,15.0,0.0,0,10,MEDICAL,Everyone
Castlight Mobile,3.7,6.272877006546167,11.51293546492023,26.0,0.0,0,10,MEDICAL,Everyone
Sanford Guide:Antimicrobial Rx,4.5,7.236339342754344,11.51293546492023,3.3,0.0,0,37,MEDICAL,Everyone
Davis's Drug Guide for Nurses,4.5,6.35088571671474,10.819798284210286,44.0,0.0,0,27,MEDICAL,Everyone
Vargo Anesthesia Mega App,4.6,4.532599493153256,6.90875477931522,32.0,79.99,1,52,MEDICAL,Everyone
Monash Uni Low FODMAP Diet,4.2,7.035268599281097,11.51293546492023,12.0,9.0,1,24,MEDICAL,Everyone
live Point,3.6,4.007333185232471,8.517393171418904,17.0,0.0,0,37,MEDICAL,Mature 17+
Tarascon Pharmacopoeia,4.4,5.62040086571715,9.210440366976517,5.8,0.0,0,146,MEDICAL,Everyone 10+
Official NBSTSA CST Exam Prep,4.4,7.67786350067821,9.210440366976517,11.0,0.0,0,84,MEDICAL,Everyone
EMT-B Pocket Prep,4.5,7.990238185720363,10.819798284210286,16.0,0.0,0,29,MEDICAL,Everyone
5-Minute Clinical Consult,4.1,4.442651256490317,9.210440366976517,6.1,0.0,0,241,MEDICAL,Everyone
Diabetes:M,4.6,9.651558649790164,11.51293546492023,,0.0,0,8,MEDICAL,Everyone
"Pzizz - Sleep, Nap, Focus",4.3,8.6164953924901,11.51293546492023,22.0,0.0,0,39,MEDICAL,Everyone
HESI A2 Pocket Prep,4.3,7.653969180478774,10.819798284210286,28.0,0.0,0,99,MEDICAL,Everyone
Johns Hopkins Guides ABX...,4.7,4.30406509320417,9.210440366976517,6.3,0.0,0,244,MEDICAL,Everyone
ASCCP Mobile,4.5,4.1588830833596715,9.210440366976517,25.0,9.99,1,675,MEDICAL,Everyone
5 Minute Clinical Consult 2019 - #1 for 25 years,4.2,3.5263605246161616,9.210440366976517,8.0,0.0,0,99,MEDICAL,Everyone
Open Sesame - Touch Free Control,4.4,5.288267030694535,9.210440366976517,20.0,0.0,0,7,MEDICAL,Everyone
Davis's Drug Guide,3.9,5.60947179518496,10.819798284210286,6.4,0.0,0,241,MEDICAL,Everyone
Deep Sleep and Relax Hypnosis,4.2,8.487352349405215,11.51293546492023,34.0,0.0,0,1752,MEDICAL,Everyone
2017 EMRA Antibiotic Guide,4.4,2.5649493574615367,6.90875477931522,3.8,16.99,1,559,MEDICAL,Everyone
EMT PASS,3.4,3.9512437185814275,6.90875477931522,2.4,29.99,1,1387,MEDICAL,Everyone
Christella VoiceUp,4.1,3.6635616461296463,8.517393171418904,70.0,0.0,0,28,MEDICAL,Everyone
Block Buddy,4.0,2.772588722239781,6.90875477931522,5.0,14.99,1,8,MEDICAL,Everyone
Complete Anatomy for Android,4.1,4.51085950651685,6.90875477931522,21.0,0.0,0,29,MEDICAL,Everyone
GlassesOff,3.5,7.161622002939187,11.51293546492023,38.0,0.0,0,30,MEDICAL,Everyone
Free Hypnosis,4.2,8.36730010184162,11.51293546492023,,0.0,0,702,MEDICAL,Everyone
e-Anatomy,4.0,7.343426229147367,11.51293546492023,74.0,0.0,0,10,MEDICAL,Everyone
EMT Review Plus,4.5,5.298317366548036,9.210440366976517,1.8,11.99,1,43,MEDICAL,Everyone
Registered Dietitian Pocket Prep,4.3,5.648974238161206,8.517393171418904,12.0,0.0,0,28,MEDICAL,Everyone
Paramedic Pocket Prep,4.3,6.133398042996649,9.210440366976517,13.0,0.0,0,28,MEDICAL,Everyone
Journal Club: Medicine,4.8,5.37989735354046,9.210440366976517,,6.99,1,418,MEDICAL,Everyone
AnatomyMapp,4.1,4.394449154672439,8.517393171418904,48.0,14.99,1,1738,MEDICAL,Everyone
Diabetes & Diet Tracker,4.6,5.981414211254481,6.90875477931522,19.0,9.99,1,24,MEDICAL,Everyone
5 Minute Veterinary Consult: Canine & Feline,2.3,2.8903717578961645,6.90875477931522,6.8,0.0,0,133,MEDICAL,Everyone
Wide address pocket prep,4.5,6.2422232654551655,8.517393171418904,12.0,0.0,0,29,MEDICAL,Everyone
Nursing Central,4.3,5.1298987149230735,9.210440366976517,5.8,0.0,0,192,MEDICAL,Everyone
PTA Content Master,4.2,4.174387269895637,6.90875477931522,41.0,29.99,1,961,MEDICAL,Everyone
Tinnitus Alleviator,3.1,4.418840607796598,8.517393171418904,42.0,0.0,0,229,MEDICAL,Everyone
Dialysis of Drugs,2.9,4.532599493153256,9.210440366976517,1.5,0.0,0,55,MEDICAL,Everyone
abeoCoder,3.1,4.430816798843313,9.210440366976517,3.2,0.0,0,10,MEDICAL,Everyone
Saunders Comprehensive Review NCLEX-PN Examination,3.7,1.3862943611198906,8.517393171418904,7.7,0.0,0,24,MEDICAL,Everyone
LTC AS Legal,4.0,1.9459101490553132,4.61512051684126,1.3,39.99,1,127,MEDICAL,Everyone
Lippincott Nursing Advisor,3.8,5.840641657373398,10.819798284210286,26.0,0.0,0,100,MEDICAL,Everyone
Official NBSTSA CSFA Exam Prep,4.4,4.927253685157205,6.90875477931522,11.0,0.0,0,84,MEDICAL,Everyone
Dosecast - Medication Reminder,4.3,8.32069157104845,11.51293546492023,,0.0,0,114,MEDICAL,Everyone
JH Blood Pressure Monitor,3.7,2.302585092994046,6.2166061010848646,2.9,0.0,0,19,MEDICAL,Everyone
Sway Medical,5.0,1.3862943611198906,4.61512051684126,22.0,0.0,0,15,MEDICAL,Everyone
Exposure Ed,3.0,1.0986122886681098,6.2166061010848646,16.0,0.0,0,23,MEDICAL,Everyone
Nucleus Smart,3.7,3.044522437723423,6.90875477931522,19.0,0.0,0,43,MEDICAL,Everyone
Cochrane Library,3.7,1.3862943611198906,4.61512051684126,10.0,0.0,0,23,MEDICAL,Everyone
Labs on Demand,5.0,0.6931471805599453,2.3978952727983707,22.0,0.0,0,6,MEDICAL,Everyone
Dermatology Atlas (Colored & Illustrative),5.0,1.3862943611198906,4.61512051684126,20.0,0.0,0,21,MEDICAL,Everyone
Tablet Reminder,5.0,1.6094379124341003,1.791759469228055,2.5,0.0,0,6,MEDICAL,Everyone
Galaxies of Hope,5.0,1.0986122886681098,3.9318256327243257,24.0,0.0,0,13,MEDICAL,Everyone
KBA-EZ Health Guide,5.0,1.6094379124341003,0.6931471805599453,25.0,0.0,0,7,MEDICAL,Everyone
FoothillsVet,5.0,1.0986122886681098,3.9318256327243257,29.0,0.0,0,29,MEDICAL,Everyone
PrimeDelivery,5.0,1.3862943611198906,2.3978952727983707,53.0,0.0,0,27,MEDICAL,Everyone
You're an Anime,5.0,1.0986122886681098,2.3978952727983707,83.0,0.0,0,28,MEDICAL,Everyone
Anatomy & Physiology Vocabulary Exam Review App,5.0,0.6931471805599453,1.791759469228055,4.6,0.0,0,7,MEDICAL,Everyone
CT Scan Cross Sectional Anatomy,4.3,2.3978952727983707,4.61512051684126,46.0,0.0,0,21,MEDICAL,Everyone
VetCode,4.9,3.367295829986474,8.517393171418904,5.7,0.0,0,33,MEDICAL,Everyone
NCLEX Multi-topic Nursing Exam Review-Quiz & notes,5.0,0.6931471805599453,2.3978952727983707,4.2,0.0,0,16,MEDICAL,Everyone
Pediatric Nursing,4.9,2.70805020110221,4.61512051684126,7.0,0.0,0,27,MEDICAL,Everyone
Interpret Chest X-Ray With 100 Cases,4.6,1.791759469228055,4.61512051684126,11.0,0.0,0,6,MEDICAL,Everyone
Basics of Orthopaedics,5.0,0.6931471805599453,2.3978952727983707,5.6,0.0,0,13,MEDICAL,Everyone
Familyfirst Messenger,4.0,0.6931471805599453,2.3978952727983707,3.3,0.0,0,28,MEDICAL,Everyone
Clinic Doctor EHr,5.0,1.0986122886681098,1.791759469228055,7.1,0.0,0,6,MEDICAL,Everyone
Ovia Fertility Tracker & Ovulation Calculator,4.8,10.8920617359953,13.815511557963774,13.0,0.0,0,13,MEDICAL,Everyone
My Cancer Coach,4.3,3.8066624897703196,9.210440366976517,34.0,0.0,0,119,MEDICAL,Everyone
IHSS Help,4.7,2.3978952727983707,6.90875477931522,4.3,0.0,0,65,MEDICAL,Everyone
mobileRx Pharmacy,2.5,4.8283137373023015,9.210440366976517,43.0,0.0,0,573,MEDICAL,Everyone
Youper - AI Therapy,4.6,7.608374474380783,10.819798284210286,69.0,0.0,0,6,MEDICAL,Everyone
BURST Professionals,4.5,2.4849066497880004,6.90875477931522,25.0,0.0,0,204,MEDICAL,Everyone
LactMed,4.3,6.352629396319567,11.51293546492023,2.0,0.0,0,434,MEDICAL,Everyone
ScriptSave WellRx Rx Discounts,3.8,6.55250788703459,11.51293546492023,37.0,0.0,0,49,MEDICAL,Everyone
Blue CareOnDemand,4.4,5.099866427824199,9.210440366976517,40.0,0.0,0,41,MEDICAL,Everyone
PulsePoint AED,4.5,5.802118375377063,10.819798284210286,17.0,0.0,0,9,MEDICAL,Everyone
All Mental disorders,4.5,6.118097198041348,11.51293546492023,11.0,0.0,0,398,MEDICAL,Everyone
Deaf Interpreter,3.8,3.2188758248682006,6.90875477931522,4.4,0.0,0,317,MEDICAL,Everyone
High Blood Pressure Symptoms,4.0,6.2766434893416445,11.51293546492023,2.3,0.0,0,1299,MEDICAL,Everyone
MedStar eVisit,4.5,3.044522437723423,8.517393171418904,40.0,0.0,0,121,MEDICAL,Everyone
Blood Pressure(BP) Diary,3.7,8.187855443695623,13.815511557963774,8.4,0.0,0,22,MEDICAL,Everyone
REDCap Mobile App,4.3,4.04305126783455,9.210440366976517,11.0,0.0,0,9,MEDICAL,Everyone
VITAS Hospice Referral App for Healthcare Pros,4.4,3.332204510175204,8.517393171418904,15.0,0.0,0,20,MEDICAL,Everyone
AAFP,3.8,4.1588830833596715,9.210440366976517,24.0,0.0,0,48,MEDICAL,Everyone
Airway Ex - Intubate. Anesthetize. Train.,4.3,4.820281565605037,9.210440366976517,86.0,0.0,0,69,MEDICAL,Everyone
myvi by,3.8,4.812184355372417,9.210440366976517,,0.0,0,6,MEDICAL,Everyone
fred's Pharmacy,3.0,5.755742213586912,11.51293546492023,22.0,0.0,0,303,MEDICAL,Everyone
Fever Meter,3.6,3.295836866004329,8.517393171418904,0.9521484375,0.0,0,1187,MEDICAL,Everyone
Super Ear Super Hearing,4.0,4.812184355372417,9.210440366976517,0.95703125,0.0,0,27,MEDICAL,Everyone
BELONG Beating Cancer Together,4.7,6.436150368369428,10.819798284210286,20.0,0.0,0,11,MEDICAL,Teen
BP Journal - Blood Pressure Diary,5.0,1.9459101490553132,6.90875477931522,26.0,0.0,0,76,MEDICAL,Everyone
TelaDoc,4.7,1.9459101490553132,6.90875477931522,13.0,0.0,0,131,MEDICAL,Everyone
Blood Pressure - Stay Healthy,4.6,2.0794415416798357,6.90875477931522,2.7,0.0,0,115,MEDICAL,Everyone
ConnectLine,3.1,5.537334267018537,10.819798284210286,4.2,0.0,0,696,MEDICAL,Everyone
Club,4.4,8.239329427901795,10.819798284210286,28.0,0.0,0,24,MEDICAL,Everyone
Zen Leaf,5.0,0.6931471805599453,4.61512051684126,6.1,0.0,0,154,MEDICAL,Mature 17+
Homeopathic Medicine Finder,3.6,2.3978952727983707,6.90875477931522,15.0,0.0,0,262,MEDICAL,Everyone
Patient Portal,2.8,4.204692619390966,10.819798284210286,1.2,0.0,0,653,MEDICAL,Everyone
Nemours CareConnect,4.4,4.189654742026425,9.210440366976517,37.0,0.0,0,126,MEDICAL,Everyone
Banfield Pet Health Tracker,4.2,7.466227556215481,11.51293546492023,5.9,0.0,0,661,MEDICAL,Everyone
tökr,4.6,2.8903717578961645,6.90875477931522,14.0,0.0,0,29,MEDICAL,Everyone
Low Blood Pressure Symptoms,4.2,3.367295829986474,9.210440366976517,2.3,0.0,0,1297,MEDICAL,Everyone
Hypertension High blood pressure,3.8,5.680172609017068,11.51293546492023,2.7,0.0,0,115,MEDICAL,Everyone
Fever Care,3.5,2.995732273553991,8.517393171418904,2.2,0.0,0,89,MEDICAL,Everyone
Facebook,4.1,18.174246904768196,20.72326583794641,,0.0,0,6,SOCIAL,Teen
Facebook Lite,4.3,15.968000403404687,20.030118658386467,,0.0,0,8,SOCIAL,Teen
Tumblr,4.4,14.899119862598457,18.420680753952364,,0.0,0,8,SOCIAL,Mature 17+
Social network all in one 2018,4.3,7.247080584585756,11.51293546492023,3.7,0.0,0,191,SOCIAL,Everyone
TextNow - free text + calls,4.4,12.997230900646777,16.118095750958314,,0.0,0,6,SOCIAL,Everyone
Google+,4.2,15.39059012475304,20.72326583794641,,0.0,0,14,SOCIAL,Teen
The Messenger App,4.4,8.501063809486354,13.815511557963774,2.8,0.0,0,6,SOCIAL,Everyone
Messenger Pro,4.4,9.529739110979532,13.815511557963774,3.9,0.0,0,92,SOCIAL,Everyone
"Free Messages, Video, Chat,Text for Messenger Plus",4.3,8.713910628493924,13.815511557963774,3.1,0.0,0,56,SOCIAL,Teen
Telegram X,4.6,11.165026187696437,15.424948670398354,,0.0,0,13,SOCIAL,Teen
The Video Messenger App,4.4,7.0909098220799835,11.51293546492023,2.8,0.0,0,7,SOCIAL,Everyone
Jodel - The Hyperlocal App,4.5,11.244797622953609,13.815511557963774,20.0,0.0,0,3,SOCIAL,Mature 17+
"Hide Something - Photo, Video",4.6,12.324317796616995,15.424948670398354,5.3,0.0,0,57,SOCIAL,Everyone
Love Sticker,4.6,10.40964228465222,13.815511557963774,10.0,0.0,0,58,SOCIAL,Everyone
Web Browser & Fast Explorer,4.4,10.910879619440554,15.424948670398354,2.6,0.0,0,85,SOCIAL,Everyone
"LiveMe - Video chat, new friends, and make money",4.5,13.032871836440032,16.118095750958314,,0.0,0,6,SOCIAL,Teen
VidStatus app - Status Videos & Status Downloader,4.5,10.148901272496065,15.424948670398354,31.0,0.0,0,7,SOCIAL,Teen
Love Images,4.3,9.705341445395202,13.815511557963774,2.3,0.0,0,46,SOCIAL,Everyone
Web Browser ( Fast & Secure Web Explorer),4.4,7.827639546366422,13.122365377402328,6.0,0.0,0,262,SOCIAL,Everyone
SPARK - Live random video chat & meet new people,4.6,11.285510303305097,15.424948670398354,17.0,0.0,0,3,SOCIAL,Mature 17+
Golden telegram,4.3,5.926926025970411,10.819798284210286,20.0,0.0,0,10,SOCIAL,Everyone
Facebook Local,4.2,8.466320861042481,13.815511557963774,,0.0,0,40,SOCIAL,Teen
Meet – Talk to Strangers Using Random Video Chat,4.6,11.011439424532995,15.424948670398354,15.0,0.0,0,3,SOCIAL,Mature 17+
MobilePatrol Public Safety App,4.0,10.029943976488687,13.815511557963774,,0.0,0,49,SOCIAL,Everyone 10+
"💘 WhatsLov: Smileys of love, stickers and GIF",4.6,10.003287637613305,13.815511557963774,18.0,0.0,0,16,SOCIAL,Everyone
HTC Social Plugin - Facebook,3.6,9.48978863950086,16.118095750958314,2.8,0.0,0,792,SOCIAL,Mature 17+
Quora,4.5,12.65598197994889,16.118095750958314,,0.0,0,15,SOCIAL,Teen
Kate Mobile for VK,4.4,13.20104700810485,16.118095750958314,5.3,0.0,0,17,SOCIAL,Teen
Family GPS tracker KidControl + GPS by SMS Locator,4.5,10.953382174406809,13.815511557963774,,0.0,0,13,SOCIAL,Everyone
Moment,4.5,9.882468185312053,13.815511557963774,37.0,0.0,0,8,SOCIAL,Teen
"Text Me: Text Free, Call Free, Second Phone Number",4.3,12.751073583495467,16.118095750958314,,0.0,0,63,SOCIAL,Everyone
Text Free: WiFi Calling App,4.2,11.332470165633982,15.424948670398354,,0.0,0,16,SOCIAL,Everyone
Text free - Free Text + Call,4.3,12.661730108881397,16.118095750958314,,0.0,0,14,SOCIAL,Everyone
"ooVoo Video Calls, Messaging & Stories",4.3,13.961345327687651,17.72753358339242,34.0,0.0,0,297,SOCIAL,Everyone
Whisper,4.1,12.23467953853917,15.424948670398354,,0.0,0,22,SOCIAL,Teen
Blogger,3.7,11.835204597175863,15.424948670398354,2.7,0.0,0,892,SOCIAL,Mature 17+
Bloglovin',3.9,9.097955241381392,13.122365377402328,,0.0,0,448,SOCIAL,Everyone
Blogaway for Android (Blogger),3.7,8.355614995760183,11.51293546492023,4.1,0.0,0,70,SOCIAL,Teen
Instagram,4.5,18.013876444527668,20.72326583794641,,0.0,0,9,SOCIAL,Teen
TwitCasting Live,3.6,9.604811938609481,13.815511557963774,,0.0,0,7,SOCIAL,Teen
Stream - Live Video Community,4.1,8.762333040602343,13.122365377402328,,0.0,0,247,SOCIAL,Teen
YouNow: Live Stream Video Chat,4.1,12.643917815101254,16.118095750958314,85.0,0.0,0,6,SOCIAL,Teen
Mirrativ: Live Stream Any App,4.1,9.795679599901822,13.122365377402328,89.0,0.0,0,7,SOCIAL,Teen
Snapchat,4.0,16.649626612102175,20.030118658386467,,0.0,0,10,SOCIAL,Teen
Pinterest,4.6,15.275390361886057,18.420680753952364,,0.0,0,6,SOCIAL,Teen
Banjo,4.2,10.974077524630472,13.815511557963774,9.3,0.0,0,1111,SOCIAL,Everyone
We Heart It,4.5,13.365011472376517,16.118095750958314,,0.0,0,22,SOCIAL,Teen
MeetMe: Chat & Meet New People,4.2,14.046538942121913,17.72753358339242,76.0,0.0,0,6,SOCIAL,Mature 17+
Timehop,4.1,11.992947492059452,15.424948670398354,16.0,0.0,0,4,SOCIAL,Teen
Frontback - Social Photos,3.8,9.875448095504883,13.815511557963774,,0.0,0,251,SOCIAL,Mature 17+
LinkedIn,4.2,14.018751765010732,18.420680753952364,,0.0,0,7,SOCIAL,Everyone
Path,4.4,14.234852272407782,16.118095750958314,,0.0,0,92,SOCIAL,Teen
Tango - Live Video Broadcast,4.3,15.152265349180388,18.420680753952364,,0.0,0,8,SOCIAL,Mature 17+
"SayHi Chat, Meet New People",4.2,12.955456009250497,16.118095750958314,,0.0,0,31,SOCIAL,Mature 17+
"Tapatalk - 100,000+ Forums",4.1,12.563121019735144,16.118095750958314,,0.0,0,51,SOCIAL,Mature 17+
Badoo - Free Chat & Dating App,4.3,15.145702976393757,18.420680753952364,,0.0,0,7,SOCIAL,Mature 17+
Nextdoor - Local neighborhood news & classifieds,4.3,10.849434169317794,15.424948670398354,20.0,0.0,0,15,SOCIAL,Teen
"Jaumo Dating, Flirt & Live Video",4.4,13.710222261920771,16.118095750958314,13.0,0.0,0,9,SOCIAL,Mature 17+
Patook - make platonic friends,4.0,8.210124405164267,11.51293546492023,50.0,0.0,0,49,SOCIAL,Mature 17+
Zello PTT Walkie Talkie,4.4,13.452550187769218,17.72753358339242,,0.0,0,7,SOCIAL,Everyone
textPlus: Free Text & Calls,4.1,12.853495208328166,16.118095750958314,28.0,0.0,0,14,SOCIAL,Everyone
magicApp Calling & Messaging,4.1,12.243912598179948,16.118095750958314,,0.0,0,61,SOCIAL,Everyone
"Dating App, Flirt & Chat : W-Match",4.3,12.076664170559505,16.118095750958314,,0.0,0,17,SOCIAL,Mature 17+
uCiC- Videos and Photos on demand,4.0,7.627057417018934,11.51293546492023,7.0,0.0,0,316,SOCIAL,Teen
POF Free Dating App,4.2,13.977472932614129,17.72753358339242,,0.0,0,9,SOCIAL,Mature 17+
"Tagged - Meet, Chat & Dating",4.1,13.095672319251186,16.118095750958314,,0.0,0,49,SOCIAL,Mature 17+
LOVOO,4.0,13.65587687390459,16.118095750958314,68.0,0.0,0,6,SOCIAL,Mature 17+
"SKOUT - Meet, Chat, Go Live",4.3,13.87761831468631,17.72753358339242,,0.0,0,12,SOCIAL,Mature 17+
"Mico- Stranger Chat Random video Chat, Live, Meet",4.4,13.344799478534659,16.118095750958314,56.0,0.0,0,13,SOCIAL,Mature 17+
"Waplog - Free Chat, Dating App, Meet Singles",4.2,13.165459264669801,16.118095750958314,,0.0,0,7,SOCIAL,Mature 17+
Couple - Relationship App,4.0,10.411810046084,13.815511557963774,8.4,0.0,0,1253,SOCIAL,Everyone
Meetup,4.2,11.278859985955462,15.424948670398354,23.0,0.0,0,7,SOCIAL,Teen
Amazon for Tablets,4.0,11.86086032541093,16.118095750958314,22.0,0.0,0,9,SHOPPING,Teen
OfferUp - Buy. Sell. Offer Up,4.6,13.29010076702302,16.118095750958314,,0.0,0,6,SHOPPING,Everyone
Shopee - No. 1 Online Shopping,4.3,11.454183444946466,16.118095750958314,30.0,0.0,0,17,SHOPPING,Everyone
Shopee: No.1 Online Shopping,4.2,13.319169524199237,16.118095750958314,30.0,0.0,0,17,SHOPPING,Everyone
Kroger,4.3,10.57034209114115,15.424948670398354,27.0,0.0,0,7,SHOPPING,Everyone
Walmart,4.4,12.997874407144833,16.118095750958314,,0.0,0,10,SHOPPING,Everyone
"letgo: Buy & Sell Used Stuff, Cars & Real Estate",4.5,13.788417842429746,17.72753358339242,20.0,0.0,0,3,SHOPPING,Teen
Amazon Shopping,4.3,13.720350066956023,18.420680753952364,42.0,0.0,0,9,SHOPPING,Teen
Lazada - Online Shopping & Deals,4.2,14.268530146464117,17.72753358339242,,0.0,0,7,SHOPPING,Everyone
OLX - Buy and Sell,4.2,13.66227079645825,17.72753358339242,18.0,0.0,0,9,SHOPPING,Everyone
The wall,4.4,10.47908916924103,13.815511557963774,4.2,0.0,0,17,SHOPPING,Everyone
Flipp - Weekly Shopping,4.6,11.360461694843734,16.118095750958314,,0.0,0,10,SHOPPING,Everyone
"Shrimp skin shopping: spend less, buy better",4.2,11.578703842168515,15.424948670398354,30.0,0.0,0,17,SHOPPING,Everyone
Lotte Home Shopping LOTTE Homeshopping,3.6,9.084890521258767,15.424948670398354,33.0,0.0,0,15,SHOPPING,Everyone
"Horn, free country requirements",4.5,10.523714516819444,13.815511557963774,7.9,0.0,0,40,SHOPPING,Everyone
Jiji.ng,4.4,10.154829758209017,13.815511557963774,12.0,0.0,0,16,SHOPPING,Everyone
GS SHOP,3.8,10.697746234464486,16.118095750958314,15.0,0.0,0,6,SHOPPING,Everyone
The birth,4.7,13.897040774132897,17.72753358339242,,0.0,0,6,SHOPPING,Teen
Home & Shopping - Only in apps. 10% off + 10% off,4.2,10.663147865904188,16.118095750958314,9.9,0.0,0,5,SHOPPING,Everyone
EHS Dongsen Shopping,3.6,8.204398418149381,13.815511557963774,9.0,0.0,0,6,SHOPPING,Teen
bigbasket - online grocery,4.3,12.286462985080439,15.424948670398354,,0.0,0,3,SHOPPING,Everyone
Bukalapak - Buy and Sell Online,4.4,13.40345578563159,16.118095750958314,21.0,0.0,0,6,SHOPPING,Everyone
Life market,4.5,10.336405687425593,13.815511557963774,13.0,0.0,0,23,SHOPPING,Everyone
Jabong Online Shopping App,4.1,12.813909728376597,16.118095750958314,11.0,0.0,0,20,SHOPPING,Everyone
Family Dollar,4.3,7.859026979751538,13.815511557963774,21.0,0.0,0,17,SHOPPING,Everyone
Jumia online shopping,4.3,11.999392820246628,16.118095750958314,8.1,0.0,0,30,SHOPPING,Teen
Mercado Libre: Find your favorite brands,4.7,15.166236288949873,17.72753358339242,,0.0,0,6,SHOPPING,Everyone
Blibli.com Online Shopping,4.2,12.052834049627883,16.118095750958314,12.0,0.0,0,14,SHOPPING,Everyone
"Club Factory Everything, Unbeaten Price",4.2,12.405505302211207,16.118095750958314,7.3,0.0,0,3,SHOPPING,Everyone
"Real Estate, Car, Shopping and Others",4.3,13.250358975754729,16.118095750958314,,0.0,0,5,SHOPPING,Everyone
ZALORA Fashion Shopping,4.2,11.86718850259999,16.118095750958314,15.0,0.0,0,15,SHOPPING,Everyone
Magazine Luiza Online Shopping,4.3,11.600249293141903,16.118095750958314,22.0,0.0,0,7,SHOPPING,Everyone
ROMWE - Women's Fashion,4.6,11.813355930244176,16.118095750958314,11.0,0.0,0,10,SHOPPING,Everyone
Buscapé - Offers and discounts,4.4,11.595362227682633,16.118095750958314,8.3,0.0,0,16,SHOPPING,Everyone
Myntra Online Shopping App,4.3,14.089531997396795,17.72753358339242,,0.0,0,19,SHOPPING,Everyone
11st,3.8,10.794111697661032,16.118095750958314,20.0,0.0,0,9,SHOPPING,Everyone
Coupang,4.6,12.63861775804208,16.118095750958314,38.0,0.0,0,7,SHOPPING,Everyone
Wemep - Special price representative (special / shopping / shopping app / coupon / shipping),4.5,12.092332675657268,16.118095750958314,9.1,0.0,0,7,SHOPPING,Everyone
Flipkart Online Shopping App,4.4,15.60938778316333,18.420680753952364,,0.0,0,3,SHOPPING,Teen
Sam's Club: Wholesale Shopping & Instant Savings,4.3,10.72245207378078,15.424948670398354,,0.0,0,20,SHOPPING,Everyone
Chilindo,3.8,9.818201958253768,13.815511557963774,29.0,0.0,0,5,SHOPPING,Everyone
Rossmann PL,4.0,9.672059781634221,15.424948670398354,,0.0,0,3,SHOPPING,Everyone
"Jingdong - pick good things, go to Jingdong",3.3,9.125871215349733,13.815511557963774,98.0,0.0,0,8,SHOPPING,Teen
CheckPoints 🏆 Rewards App,4.1,10.051390182459624,13.815511557963774,25.0,0.0,0,49,SHOPPING,Everyone
SnipSnap Coupon App,4.2,9.207937487359873,13.815511557963774,18.0,0.0,0,199,SHOPPING,Everyone
Checkout 51: Grocery coupons,4.1,10.876101905463226,16.118095750958314,,0.0,0,52,SHOPPING,Everyone
Coupon Sherpa,4.4,8.961109485898655,13.122365377402328,6.1,0.0,0,184,SHOPPING,Everyone
Gyft - Mobile Gift Card Wallet,4.1,9.180087328805161,13.122365377402328,14.0,0.0,0,15,SHOPPING,Everyone
SavingStar - Grocery Coupons,4.2,10.358377543971816,13.815511557963774,21.0,0.0,0,58,SHOPPING,Everyone
Key Ring: Cards Coupon & Sales,4.1,10.665974211174687,13.815511557963774,23.0,0.0,0,13,SHOPPING,Everyone
"Kohl's: Scan, Shop, Pay & Save",4.5,11.280514099835102,15.424948670398354,57.0,0.0,0,6,SHOPPING,Everyone
Stocard - Rewards Cards Wallet,4.6,12.559282593297242,16.118095750958314,20.0,0.0,0,9,SHOPPING,Everyone
Nike,4.7,11.11352194824066,13.815511557963774,40.0,0.0,0,8,SHOPPING,Everyone
Mercari: The Selling App,4.4,11.531590190199383,16.118095750958314,13.0,0.0,0,6,SHOPPING,Everyone
Blidz - Hunt Free Deals On Trending Items!,4.4,7.414572881350589,10.819798284210286,33.0,0.0,0,41,SHOPPING,Everyone
Coupons.com – Grocery Coupons & Cash Back Savings,4.2,10.124789408970967,13.815511557963774,,0.0,0,49,SHOPPING,Everyone
"Ebates: Cash Back, Coupons, Rewards & Savings",4.5,10.525514600592947,13.815511557963774,31.0,0.0,0,6,SHOPPING,Everyone
"RetailMeNot - Coupons, Deals & Discount Shopping",4.4,12.25585755287376,16.118095750958314,,0.0,0,8,SHOPPING,Everyone
FidMe Loyalty Cards & Deals at Grocery Supermarket,4.2,10.427002327418107,13.815511557963774,,0.0,0,3,SHOPPING,Everyone
Ratings by Consumer Reports,4.3,8.137688184977605,11.51293546492023,13.0,0.0,0,163,SHOPPING,Everyone
HauteLook,4.1,8.881002624255569,13.122365377402328,7.3,0.0,0,27,SHOPPING,Everyone
Extreme Coupon Finder,4.1,9.375770061099919,13.815511557963774,,0.0,0,91,SHOPPING,Everyone
Nordstrom,4.6,7.731492029245684,13.122365377402328,12.0,0.0,0,25,SHOPPING,Everyone
Modcloth – Unique Indie Women's Fashion & Style,4.2,8.541300266759471,13.122365377402328,8.8,0.0,0,27,SHOPPING,Everyone
Fancy,4.2,10.590012856787187,15.424948670398354,18.0,0.0,0,15,SHOPPING,Teen
"Twice: Buy, Sell Clothing",4.2,7.351799869057777,11.51293546492023,21.0,0.0,0,1107,SHOPPING,Everyone
"Shopkick: Free Gift Cards, Shop Rewards & Deals",4.3,12.272496887577956,16.118095750958314,43.0,0.0,0,16,SHOPPING,Everyone
Slice: Package Tracker,4.2,9.73902556004294,13.815511557963774,34.0,0.0,0,28,SHOPPING,Everyone
The Coupons App,4.5,12.111712514286763,16.118095750958314,,0.0,0,104,SHOPPING,Everyone
"Shopular: Coupons, Weekly Ads & Shopping Deals",4.7,10.966835292103926,13.815511557963774,,0.0,0,70,SHOPPING,Everyone
"Carousell: Snap-Sell, Chat-Buy",4.3,11.742321429150111,16.118095750958314,,0.0,0,3,SHOPPING,Teen
LightInTheBox Online Shopping,4.0,10.6451153255436,15.424948670398354,26.0,0.0,0,3,SHOPPING,Teen
Best Buy,4.4,12.134130787195538,15.424948670398354,34.0,0.0,0,6,SHOPPING,Everyone
"Ibotta: Cash Back Savings, Rewards & Coupons App",4.5,12.663209476412833,16.118095750958314,52.0,0.0,0,8,SHOPPING,Everyone
LivingSocial - Local Deals,4.1,10.258501117148194,15.424948670398354,29.0,0.0,0,6,SHOPPING,Everyone
zulily - Shop Daily Deals in Fashion and Home,4.5,10.259797429846147,13.815511557963774,,0.0,0,17,SHOPPING,Everyone
MiniInTheBox Online Shopping,3.9,10.439161874271509,13.815511557963774,,0.0,0,16,SHOPPING,Everyone
Urban Outfitters,4.2,8.33302993974291,13.122365377402328,23.0,0.0,0,38,SHOPPING,Teen
Tophatter - 90 Second Auctions,4.3,11.569060021513799,16.118095750958314,,0.0,0,4,SHOPPING,Everyone
Shopfully - Weekly Ads & Deals,4.4,12.540503514262742,16.118095750958314,16.0,0.0,0,6,SHOPPING,Everyone
Poshmark - Buy & Sell Fashion,4.3,10.739738910064524,16.118095750958314,17.0,0.0,0,5,SHOPPING,Everyone
Target - now with Cartwheel,4.1,11.133230437555632,16.118095750958314,24.0,0.0,0,15,SHOPPING,Everyone
"Overstock – Home Decor, Furniture Shopping",4.4,10.155024178351555,13.815511557963774,,0.0,0,3,SHOPPING,Teen
Zappos – Shoe shopping made simple,4.5,10.705242470817005,15.424948670398354,20.0,0.0,0,28,SHOPPING,Everyone
Wanelo Shopping,4.6,11.453239152803576,13.815511557963774,6.5,0.0,0,57,SHOPPING,Everyone
Etsy: Handmade & Vintage Goods,4.3,11.467101397583354,16.118095750958314,15.0,0.0,0,6,SHOPPING,Teen
eBay: Buy & Sell this Summer - Discover Deals Now!,4.4,14.841166416327978,18.420680753952364,,0.0,0,10,SHOPPING,Teen
Find&Save - Local Shopping,4.0,8.434463543817241,13.122365377402328,6.2,0.0,0,230,SHOPPING,Everyone
Receipt Hog - Receipts to Cash,4.5,11.192678877645047,13.815511557963774,19.0,0.0,0,6,SHOPPING,Teen
ShopSavvy Barcode & QR Scanner,4.1,11.61210089234403,16.118095750958314,27.0,0.0,0,52,SHOPPING,Everyone
"Savory - Deals,Freebies,Sales",4.4,7.773173680482536,11.51293546492023,1.1,0.0,0,645,SHOPPING,Everyone
JackThreads: Men's Shopping,4.0,9.479298235429685,13.815511557963774,2.7,0.0,0,274,SHOPPING,Teen
"AliExpress - Smarter Shopping, Better Living",4.6,15.593422254503514,18.420680753952364,,0.0,0,3,SHOPPING,Teen
Newegg Mobile,4.5,10.477231635848291,13.815511557963774,16.0,0.0,0,29,SHOPPING,Everyone
REI – Shop Outdoor Gear,4.4,8.263332667439967,11.51293546492023,8.8,0.0,0,93,SHOPPING,Everyone
The Home Depot,4.3,10.693579939152553,15.424948670398354,56.0,0.0,0,21,SHOPPING,Everyone
Wish - Shopping Made Fun,4.5,15.642006663421158,18.420680753952364,15.0,0.0,0,6,SHOPPING,Everyone
Boxed Wholesale,3.8,8.761080103868347,13.815511557963774,,0.0,0,7,SHOPPING,Everyone
La La-Shop Designer Brands Street,4.5,8.541690663016626,13.122365377402328,14.0,0.0,0,12,SHOPPING,Everyone
ASOS,4.7,12.11079446521386,16.118095750958314,22.0,0.0,0,10,SHOPPING,Everyone
TouchNote: Cards & Gifts,4.1,9.864382832655368,13.815511557963774,28.0,0.0,0,3,PHOTOGRAPHY,Everyone
FreePrints – Free Photos Delivered,4.8,11.603688960617083,13.815511557963774,37.0,0.0,0,7,PHOTOGRAPHY,Everyone
Groovebook Photo Books & Gifts,4.0,9.959867885972235,13.122365377402328,36.0,0.0,0,190,PHOTOGRAPHY,Everyone
"Moony Lab - Print Photos, Books & Magnets ™",4.7,7.186144304522325,10.819798284210286,9.5,0.0,0,43,PHOTOGRAPHY,Everyone
"LALALAB prints your photos, photobooks and magnets",4.7,10.828242362822413,13.815511557963774,82.0,0.0,0,7,PHOTOGRAPHY,Everyone
Snapfish,4.1,10.38588283710658,13.815511557963774,28.0,0.0,0,8,PHOTOGRAPHY,Everyone
Motorola Camera,3.6,12.300227612878912,17.72753358339242,,0.0,0,927,PHOTOGRAPHY,Everyone
HD Camera - Best Cam with filters & panorama,4.5,10.570136741789845,15.424948670398354,9.7,0.0,0,14,PHOTOGRAPHY,Everyone
LightX Photo Editor & Photo Effects,4.7,12.466323139095646,16.118095750958314,17.0,0.0,0,77,PHOTOGRAPHY,Everyone
"Sweet Snap - live filter, Selfie photo edit",4.5,11.720183507054214,16.118095750958314,,0.0,0,7,PHOTOGRAPHY,Everyone
HD Camera - Quick Snap Photo & Video,4.5,9.991590000757673,13.815511557963774,7.7,0.0,0,16,PHOTOGRAPHY,Everyone
B612 - Beauty & Filter Camera,4.4,15.47992498340075,18.420680753952364,,0.0,0,10,PHOTOGRAPHY,Everyone
Waterfall Photo Frames,4.5,9.244741798693514,13.815511557963774,11.0,0.0,0,376,PHOTOGRAPHY,Everyone
Photo frame,4.5,6.756932389247553,11.51293546492023,21.0,0.0,0,22,PHOTOGRAPHY,Everyone
Huji Cam,4.4,10.603858578185394,15.424948670398354,19.0,0.0,0,29,PHOTOGRAPHY,Everyone
Unicorn Photo,3.7,8.12058871174027,13.815511557963774,,0.0,0,79,PHOTOGRAPHY,Everyone
HD Camera,4.3,10.813377845229255,15.424948670398354,8.7,0.0,0,29,PHOTOGRAPHY,Everyone
Makeup Editor -Beauty Photo Editor & Selfie Camera,4.5,8.12533508671429,13.815511557963774,30.0,0.0,0,15,PHOTOGRAPHY,Mature 17+
Makeup Photo Editor: Makeup Camera & Makeup Editor,4.4,9.261603665913725,13.815511557963774,25.0,0.0,0,13,PHOTOGRAPHY,Everyone
Moto Photo Editor,3.3,8.158516244806831,15.424948670398354,17.0,0.0,0,56,PHOTOGRAPHY,Everyone
InstaBeauty -Makeup Selfie Cam,4.3,13.391504626150844,17.72753358339242,,0.0,0,189,PHOTOGRAPHY,Everyone
Garden Photo Frames - Garden Photo Editor,4.4,7.5310163320779155,13.122365377402328,13.0,0.0,0,98,PHOTOGRAPHY,Everyone
Photo Frame,4.5,11.218245631870115,16.118095750958314,23.0,0.0,0,51,PHOTOGRAPHY,Everyone
Selfie Camera - Photo Editor & Filter & Sticker,4.2,12.903761994805576,17.72753358339242,,0.0,0,104,PHOTOGRAPHY,Everyone
"Sweet Snap Lite - live filter, Selfie photo editor",4.5,8.044626279767337,13.122365377402328,22.0,0.0,0,6,PHOTOGRAPHY,Everyone
"Selfie Camera: Beauty Camera, Photo Editor,Collage",4.7,10.373053586050816,13.815511557963774,9.1,0.0,0,3,PHOTOGRAPHY,Everyone
Night Photo Frame,4.5,8.38958706681109,13.815511557963774,8.3,0.0,0,12,PHOTOGRAPHY,Everyone
YouCam Makeup - Magic Selfie Makeovers,4.6,15.020869501155696,18.420680753952364,,0.0,0,3,PHOTOGRAPHY,Everyone
Selfie Photo Editor,4.6,9.365462008843483,13.815511557963774,19.0,0.0,0,35,PHOTOGRAPHY,Everyone
ASUS Gallery,4.3,11.738146856079403,17.72753358339242,,0.0,0,7,PHOTOGRAPHY,Everyone
Kids Photo Frames,4.6,9.661479683575521,13.815511557963774,10.0,0.0,0,33,PHOTOGRAPHY,Everyone
Pencil Photo Sketch-Sketching Drawing Photo Editor,4.4,9.712569148516655,13.815511557963774,,0.0,0,10,PHOTOGRAPHY,Everyone
"Pretty Makeup, Beauty Photo Editor & Snappy Camera",4.5,10.17967885827241,15.424948670398354,29.0,0.0,0,15,PHOTOGRAPHY,Everyone
Photo Collage - Layout Editor,4.5,12.563009055283741,16.118095750958314,46.0,0.0,0,248,PHOTOGRAPHY,Everyone
DSLR Camera Hd Ultra Professional,4.2,8.39185670010494,13.815511557963774,4.5,0.0,0,43,PHOTOGRAPHY,Everyone
Snap Cat Face Camera,4.0,8.675222055641148,13.815511557963774,4.9,0.0,0,28,PHOTOGRAPHY,Everyone
Silent Camera [High Quality],4.4,10.759837178943316,15.424948670398354,,0.0,0,12,PHOTOGRAPHY,Everyone
"Sweet Camera - Selfie Filters, Beauty Camera",4.7,12.358965391633316,16.118095750958314,24.0,0.0,0,12,PHOTOGRAPHY,Everyone
Photo Frames,4.3,10.260427461368563,16.118095750958314,23.0,0.0,0,12,PHOTOGRAPHY,Everyone
"Sweet Selfie - selfie camera, beauty cam, photo edit",4.6,13.963119026979633,18.420680753952364,25.0,0.0,0,6,PHOTOGRAPHY,Everyone
"Candy selfie - photo editor, live filter camera",4.4,10.885977925124486,16.118095750958314,26.0,0.0,0,3,PHOTOGRAPHY,Everyone
Open Camera,4.3,11.66891160217169,16.118095750958314,2.0,0.0,0,108,PHOTOGRAPHY,Everyone
Beauty Makeup – Photo Makeover,4.3,9.986495091519735,13.815511557963774,19.0,0.0,0,78,PHOTOGRAPHY,Everyone
Blur Image Background Editor (Blur Photo Editor),4.4,11.041673056323964,15.424948670398354,9.6,0.0,0,12,PHOTOGRAPHY,Everyone
Flickr,4.3,12.43699387216019,16.118095750958314,16.0,0.0,0,29,PHOTOGRAPHY,Mature 17+
Photo Mixer,3.9,10.922840160218605,16.118095750958314,6.6,0.0,0,867,PHOTOGRAPHY,Everyone
Wondershare PowerCam,4.2,12.704302271751247,16.118095750958314,27.0,0.0,0,72,PHOTOGRAPHY,Everyone
love,4.3,10.66143884396157,13.815511557963774,22.0,0.0,0,55,PHOTOGRAPHY,Everyone
"KVAD Camera +: Selfie, Photo Filter, Grids",4.1,10.062241904896988,13.815511557963774,30.0,0.0,0,29,PHOTOGRAPHY,Everyone
Camera51 - a smarter camera,4.0,10.299171648789187,13.815511557963774,18.0,0.0,0,1276,PHOTOGRAPHY,Everyone
InstaCam - Camera for Selfie,4.0,9.62238379544447,13.815511557963774,10.0,0.0,0,524,PHOTOGRAPHY,Everyone
Sweet Camera,4.4,11.183017635406577,15.424948670398354,23.0,0.0,0,303,PHOTOGRAPHY,Everyone
RetroSelfie - Selfie Editor,4.1,11.571958232222919,16.118095750958314,35.0,0.0,0,43,PHOTOGRAPHY,Everyone
Mega Photo,4.2,10.713128048531878,13.815511557963774,16.0,0.0,0,659,PHOTOGRAPHY,Everyone
Blur Image Background,3.9,11.769681726249368,16.118095750958314,11.0,0.0,0,10,PHOTOGRAPHY,Everyone
MIX by Camera360,4.4,11.617888901802692,15.424948670398354,74.0,0.0,0,6,PHOTOGRAPHY,Everyone
Google Photos,4.5,16.200509575842144,20.72326583794641,,0.0,0,3,PHOTOGRAPHY,Everyone
Muzy - Share photos & collages,4.4,11.158961129724467,15.424948670398354,13.0,0.0,0,1094,PHOTOGRAPHY,Teen
QuickPic - Photo Gallery with Google Drive Support,4.6,13.649644857801539,16.118095750958314,4.2,0.0,0,272,PHOTOGRAPHY,Everyone
SuperPhoto - Effects & Filters,4.1,10.675838627525664,15.424948670398354,,0.0,0,323,PHOTOGRAPHY,Everyone
Camera FV-5 Lite,4.0,11.775920299817193,16.118095750958314,5.6,0.0,0,272,PHOTOGRAPHY,Everyone
HD Camera Ultra,4.3,13.043651284070751,16.118095750958314,1.5,0.0,0,1027,PHOTOGRAPHY,Everyone
Cameringo Lite. Filters Camera,4.2,11.855933439904843,16.118095750958314,5.7,0.0,0,59,PHOTOGRAPHY,Everyone
Camera ZOOM FX - FREE,4.0,11.394828630084016,15.424948670398354,6.1,0.0,0,490,PHOTOGRAPHY,Everyone
HD Camera Pro for Android,4.1,10.80389277518006,13.815511557963774,1.9,0.0,0,567,PHOTOGRAPHY,Everyone
GoPro (formerly Capture),4.0,11.967225180704645,16.118095750958314,47.0,0.0,0,77,PHOTOGRAPHY,Everyone
Beauty Makeup Snappy Collage Photo Editor - Lidow,4.5,12.950326353037717,16.118095750958314,,0.0,0,7,PHOTOGRAPHY,Everyone
Samsung SMART CAMERA App,4.0,10.4560499522822,13.815511557963774,22.0,0.0,0,37,PHOTOGRAPHY,Everyone
Square InPic - Photo Editor & Collage Maker,4.4,13.362713247343873,17.72753358339242,14.0,0.0,0,78,PHOTOGRAPHY,Everyone
"High-Speed Camera (GIF,Burst)",4.1,11.266270166070045,15.424948670398354,10.0,0.0,0,179,PHOTOGRAPHY,Everyone
Camera MX - Free Photo & Video Camera,4.3,12.40644693343158,16.118095750958314,,0.0,0,35,PHOTOGRAPHY,Everyone
Lapse It • Time Lapse • Pro,4.3,9.462343451970945,11.51293546492023,6.9,2.99,1,1372,PHOTOGRAPHY,Everyone
EyeEm - Camera & Photo Filter,4.2,12.279992028473497,16.118095750958314,44.0,0.0,0,26,PHOTOGRAPHY,Everyone
Retrica,4.3,15.627232445642791,18.420680753952364,,0.0,0,42,PHOTOGRAPHY,Everyone
VSCO,4.4,13.531974545382283,17.72753358339242,,0.0,0,6,PHOTOGRAPHY,Everyone
Facetune - For Free,4.4,10.810818263038772,13.815511557963774,48.0,5.99,1,15,PHOTOGRAPHY,Everyone
Camera FV-5,3.8,9.700207901150696,11.51293546492023,,3.95,1,272,PHOTOGRAPHY,Everyone
PhotoWonder: Pro Beauty Photo Editor Collage Maker,4.4,13.656104425741061,17.72753358339242,43.0,0.0,0,44,PHOTOGRAPHY,Teen
Photo Effects Pro,4.4,14.217296907730946,17.72753358339242,21.0,0.0,0,506,PHOTOGRAPHY,Everyone
Photo Editor Selfie Camera Filter & Mirror Image,4.3,13.175428201705747,17.72753358339242,,0.0,0,189,PHOTOGRAPHY,Everyone
No Crop & Square for Instagram,4.6,13.616785191344643,16.118095750958314,25.0,0.0,0,44,PHOTOGRAPHY,Everyone
Picture Grid Builder,4.0,10.417508067198638,15.424948670398354,3.9,0.0,0,752,PHOTOGRAPHY,Everyone
HD Camera for Android,4.1,12.769270581334734,16.118095750958314,4.0,0.0,0,41,PHOTOGRAPHY,Everyone
Photo Studio,4.2,13.077014485260346,16.118095750958314,51.0,0.0,0,12,PHOTOGRAPHY,Everyone
Photo Editor Pro,4.3,14.44220912765952,18.420680753952364,,0.0,0,231,PHOTOGRAPHY,Everyone
Photo Editor-,4.3,11.128321247529394,15.424948670398354,,0.0,0,96,PHOTOGRAPHY,Everyone
Camera for Android,4.2,12.390375571448597,16.118095750958314,9.5,0.0,0,260,PHOTOGRAPHY,Everyone
Mirror Photo:Editor Collage (HD),4.1,12.830959721778,16.118095750958314,,0.0,0,135,PHOTOGRAPHY,Everyone
Pic Stitch - #1 Collage Maker,4.2,9.64387450001194,13.815511557963774,50.0,0.0,0,16,PHOTOGRAPHY,Everyone
PhotoDirector Photo Editor App,4.6,13.479115718347837,16.118095750958314,,0.0,0,12,PHOTOGRAPHY,Everyone
Pic Collage - Photo Editor,4.6,14.187764221045963,17.72753358339242,,0.0,0,21,PHOTOGRAPHY,Everyone
Photo Editor by Aviary,4.4,14.214778503264451,17.72753358339242,21.0,0.0,0,21,PHOTOGRAPHY,Everyone
"Video Editor Music,Cut,No Crop",4.7,14.587137533177549,17.72753358339242,,0.0,0,30,PHOTOGRAPHY,Everyone
Pixlr – Free Photo Editor,4.4,13.966713755372727,17.72753358339242,31.0,0.0,0,20,PHOTOGRAPHY,Everyone
Photo Editor,4.1,11.649909639875577,16.118095750958314,27.0,0.0,0,175,PHOTOGRAPHY,Everyone
Photo Collage Maker,4.3,13.530181714495983,16.118095750958314,,0.0,0,91,PHOTOGRAPHY,Everyone
Adobe Photoshop Express:Photo Editor Collage Maker,4.2,13.726589722755433,17.72753358339242,,0.0,0,18,PHOTOGRAPHY,Everyone
PicsArt Photo Studio: Collage Maker & Pic Editor,4.5,15.842942759483279,18.420680753952364,34.0,0.0,0,3,PHOTOGRAPHY,Teen
Photo Collage Editor,4.2,13.8437461550588,18.420680753952364,,0.0,0,231,PHOTOGRAPHY,Everyone
Color Touch Effects,3.8,12.029651646157177,16.118095750958314,12.0,0.0,0,108,PHOTOGRAPHY,Everyone
InstaSize Photo Filters & Collage Editor,4.3,13.606904572312411,17.72753358339242,50.0,0.0,0,7,PHOTOGRAPHY,Everyone
"Z Camera - Photo Editor, Beauty Selfie, Collage",4.4,13.888089790762644,18.420680753952364,47.0,0.0,0,6,PHOTOGRAPHY,Mature 17+
"PhotoGrid: Video & Pic Collage Maker, Photo Editor",4.6,15.834387804133007,18.420680753952364,,0.0,0,3,PHOTOGRAPHY,Everyone
"Candy Camera - selfie, beauty camera, photo editor",4.4,15.030039252329656,18.420680753952364,,0.0,0,24,PHOTOGRAPHY,Everyone
YouCam Perfect - Selfie Photo Editor,4.5,14.272520128914552,18.420680753952364,,0.0,0,15,PHOTOGRAPHY,Everyone
Pixgram- video photo slideshow,4.2,11.44814158040018,15.424948670398354,9.2,0.0,0,32,PHOTOGRAPHY,Everyone
Fotor Photo Editor - Photo Collage & Photo Effects,4.5,13.299787963585576,16.118095750958314,,0.0,0,31,PHOTOGRAPHY,Everyone
Snapseed,4.5,13.620845128079013,17.72753358339242,,0.0,0,41,PHOTOGRAPHY,Everyone
Camera360: Selfie Photo Editor with Funny Sticker,4.3,15.397604611358059,18.420680753952364,51.0,0.0,0,3,PHOTOGRAPHY,Everyone
Font Studio- Photo Texts Image,4.2,12.192460418110311,16.118095750958314,24.0,0.0,0,412,PHOTOGRAPHY,Everyone
Add Text To Photo,4.1,9.979475898535465,13.815511557963774,1.6,0.0,0,335,PHOTOGRAPHY,Everyone
Phonto - Text on Photos,4.3,12.636080761542551,16.118095750958314,17.0,0.0,0,287,PHOTOGRAPHY,Everyone
Collage&Add Stickers papelook,4.0,10.401136747185486,15.424948670398354,31.0,0.0,0,148,PHOTOGRAPHY,Everyone
"Shutterfly: Free Prints, Photo Books, Cards, Gifts",4.6,11.500022579614704,15.424948670398354,59.0,0.0,0,8,PHOTOGRAPHY,Everyone
Photo Collage - InstaMag,4.3,13.204057643580922,16.118095750958314,46.0,0.0,0,219,PHOTOGRAPHY,Everyone
BeautyPlus - Easy Photo Editor & Selfie Camera,4.4,14.965497604368373,18.420680753952364,53.0,0.0,0,9,PHOTOGRAPHY,Everyone
"Meitu – Beauty Cam, Easy Photo Editor",4.5,13.044840658556804,16.118095750958314,45.0,0.0,0,8,PHOTOGRAPHY,Everyone
Free Sports TV,4.3,7.497207223203318,11.51293546492023,9.8,0.0,0,49,SPORTS,Everyone
LiveScore: Live Sport Updates,4.4,12.555542192834412,16.118095750958314,,0.0,0,55,SPORTS,Everyone
Onefootball - Soccer Scores,4.7,13.723390883081938,16.118095750958314,20.0,0.0,0,8,SPORTS,Everyone
Cristiano Ronaldo Wallpaper,4.6,7.458186157340487,13.122365377402328,19.0,0.0,0,23,SPORTS,Everyone
Futbol24,4.3,10.370643380642726,13.815511557963774,,0.0,0,316,SPORTS,Everyone
kicker football news,4.3,10.93793458372845,15.424948670398354,15.0,0.0,0,6,SPORTS,Everyone
Football Live Scores,4.5,11.587336962484038,15.424948670398354,6.5,0.0,0,9,SPORTS,Everyone
Pro 2018 - Series A and B,4.6,11.527380485939814,15.424948670398354,6.2,0.0,0,6,SPORTS,Everyone
BeSoccer - Soccer Live Score,4.5,11.93676080243327,16.118095750958314,,0.0,0,22,SPORTS,Everyone
Sport.pl LIVE,4.4,9.986633133622798,13.815511557963774,,0.0,0,41,SPORTS,Mature 17+
"The Team - Live Sport: football, tennis, rugby ..",4.2,11.632715374396533,15.424948670398354,,0.0,0,9,SPORTS,Everyone
MARCA - Sports Leader Diary,3.9,11.243044017143955,15.424948670398354,14.0,0.0,0,15,SPORTS,Everyone
Sahadan Live Scores,3.9,11.065684782829349,15.424948670398354,,0.0,0,3,SPORTS,Everyone
"Foot Mercato: transfers, results, news, live",4.3,10.593605148535708,13.815511557963774,6.1,0.0,0,12,SPORTS,Everyone
All Football - Latest News & Videos,4.6,11.937330082897788,16.118095750958314,17.0,0.0,0,6,SPORTS,Everyone
Eurosport,4.0,11.703578881883718,16.118095750958314,,0.0,0,3,SPORTS,Everyone
beIN SPORTS TR,4.0,11.818673363233636,16.118095750958314,13.0,0.0,0,7,SPORTS,Everyone
"All Football GO- Live Score, Games",4.6,7.591861714889934,11.51293546492023,10.0,0.0,0,49,SPORTS,Everyone
Top Mercato: football news,4.3,9.681405937168297,13.815511557963774,6.9,0.0,0,945,SPORTS,Everyone
GollerCepte Live Score,4.2,9.209640126861789,13.815511557963774,31.0,0.0,0,78,SPORTS,Everyone
Championat,4.3,10.504820933823419,13.815511557963774,,0.0,0,15,SPORTS,Everyone
Hovercraft Racer,4.0,5.389071729816501,11.51293546492023,28.0,0.0,0,21,SPORTS,Everyone
World Cup 2018,4.6,8.297045149081827,13.122365377402328,2.6,0.0,0,39,SPORTS,Teen
GollerCepte 1903,4.7,10.13352727053818,13.122365377402328,30.0,0.0,0,78,SPORTS,Everyone
League18,4.3,9.555630757048277,13.122365377402328,13.0,0.0,0,8,SPORTS,Everyone
Speed Boat Racing,4.0,7.81923445385907,13.815511557963774,27.0,0.0,0,6,SPORTS,Everyone
La Liga - Spanish Soccer League Official,4.5,12.105915236870528,16.118095750958314,29.0,0.0,0,16,SPORTS,Everyone
Lionel Messi Wallpapers,4.7,6.85751406254539,11.51293546492023,18.0,0.0,0,23,SPORTS,Everyone
Goal Live Scores,4.4,12.356318568851643,15.424948670398354,35.0,0.0,0,59,SPORTS,Everyone
NUsport,3.3,7.238496840894365,11.51293546492023,,0.0,0,97,SPORTS,Everyone
U + professional baseball,4.3,7.818832443803404,13.122365377402328,18.0,0.0,0,10,SPORTS,Everyone
Mackolik Live Results,3.9,12.14862889686847,16.118095750958314,,0.0,0,16,SPORTS,Everyone
Mercato foot by Maxifoot,4.4,6.548219102762372,11.51293546492023,3.0,0.0,0,511,SPORTS,Everyone
MUTV - Manchester United TV,4.4,8.422882511944996,13.122365377402328,24.0,0.0,0,8,SPORTS,Everyone
"Hole19: Golf GPS App, Rangefinder & Scorecard",4.4,8.717190933223135,11.51293546492023,,0.0,0,8,SPORTS,Everyone
NBC Sports,3.1,11.270127525371894,15.424948670398354,25.0,0.0,0,48,SPORTS,Everyone
NBC Sports Gold,2.9,8.012349639327795,11.51293546492023,24.0,0.0,0,38,SPORTS,Everyone
UFC,4.0,10.336600252573104,13.815511557963774,,0.0,0,79,SPORTS,Teen
Telemundo Deportes - Live,4.5,10.498360163827734,13.815511557963774,25.0,0.0,0,8,SPORTS,Everyone
SwingAid - Level up Golf,4.3,6.6240652277998935,11.51293546492023,33.0,0.0,0,30,SPORTS,Everyone
Golf Channel,4.1,9.864278839310847,13.815511557963774,88.0,0.0,0,71,SPORTS,Everyone
The Rules of Golf,4.3,6.831953565565855,11.51293546492023,9.3,0.0,0,204,SPORTS,Everyone
"GolfNow: Tee Time Deals at Golf Courses, Golf GPS",4.5,10.169805529234134,13.815511557963774,,0.0,0,98,SPORTS,Everyone
Golf GPS by SwingxSwing,4.6,10.52320345501019,13.815511557963774,,0.0,0,10,SPORTS,Everyone
Zepp Golf Swing Analyzer,4.4,7.611347717403621,11.51293546492023,84.0,0.0,0,77,SPORTS,Everyone
Live Golf Scores - US & European Golf,4.2,6.683360945766275,10.819798284210286,4.7,0.0,0,8,SPORTS,Everyone 10+
Golfshot: Golf GPS + Tee Times,4.3,8.928507824313293,13.122365377402328,25.0,0.0,0,29,SPORTS,Everyone
PGA TOUR LIVE,3.4,7.520776415062797,11.51293546492023,12.0,0.0,0,428,SPORTS,Everyone
Golf GPS Rangefinder: Golf Pad,4.6,9.48029117039765,13.815511557963774,,0.0,0,12,SPORTS,Everyone
Mobitee GPS Golf Free,4.2,7.552237287560802,11.51293546492023,9.9,0.0,0,59,SPORTS,Everyone
GolfLogix GPS + Putt Breaks,4.0,9.31343832997975,13.815511557963774,61.0,0.0,0,49,SPORTS,Everyone
Golfshot Plus: Golf GPS,4.1,8.127995055771946,10.819798284210286,25.0,29.99,1,29,SPORTS,Everyone
PGA TOUR,4.0,9.319374133000306,13.815511557963774,52.0,0.0,0,43,SPORTS,Everyone
FanDuel: Daily Fantasy Sports,4.6,10.298026520510739,13.815511557963774,57.0,0.0,0,3,SPORTS,Mature 17+
DraftKings - Daily Fantasy Sports,4.5,10.82013821962583,13.815511557963774,41.0,0.0,0,16,SPORTS,Adults only 18+
Fantasy Football Manager (FPL),4.4,11.061170314781226,13.815511557963774,4.6,0.0,0,6,SPORTS,Everyone
CBS Sports Fantasy,4.0,10.683087620826273,13.815511557963774,27.0,0.0,0,43,SPORTS,Everyone
US Open Tennis Championships 2018,4.0,9.207536444643448,13.815511557963774,33.0,0.0,0,65,SPORTS,Everyone
Live Tennis Rankings / LTR,4.8,7.415175109613295,9.210440366976517,4.7,0.0,0,65,SPORTS,Everyone
Tennis Livescore Widget,4.1,5.8916442118257715,10.819798284210286,2.2,0.0,0,665,SPORTS,Everyone
Tennis Temple - Live Scores,4.6,8.576593534697684,11.51293546492023,,0.0,0,83,SPORTS,Everyone
"The Championships, Wimbledon 2018",4.3,10.089261476380335,13.815511557963774,95.0,0.0,0,36,SPORTS,Everyone
"theScore: Live Sports Scores, News, Stats & Videos",4.4,11.804355505008488,16.118095750958314,34.0,0.0,0,15,SPORTS,Everyone 10+
Tennis 24 - tennis live scores,4.6,6.898714534329988,11.51293546492023,9.4,0.0,0,22,SPORTS,Everyone
"Yahoo Sports - scores, stats, news, & highlights",4.5,10.385512386696393,13.815511557963774,19.0,0.0,0,8,SPORTS,Everyone
Tennis News and Scores,4.3,4.624972813284271,9.210440366976517,3.9,0.0,0,25,SPORTS,Everyone
ESPN,4.2,13.163775917518205,16.118095750958314,,0.0,0,21,SPORTS,Everyone 10+
MSN Sports - Scores & Schedule,4.5,10.47432584620829,13.122365377402328,21.0,0.0,0,35,SPORTS,Everyone
WatchESPN,4.1,12.573524311440123,16.118095750958314,6.6,0.0,0,316,SPORTS,Everyone
"FOX Sports: Live Streaming, Scores & News",4.0,10.271458456216711,15.424948670398354,82.0,0.0,0,7,SPORTS,Teen
FotMob - Live Soccer Scores,4.7,12.924877826202504,16.118095750958314,,0.0,0,9,SPORTS,Everyone
Sports Alerts - NFL edition,4.6,9.35444071594994,11.51293546492023,,0.0,0,33,SPORTS,Everyone
NCAA March Madness Live,4.1,10.437756228028585,15.424948670398354,19.0,0.0,0,132,SPORTS,Everyone
NFL,4.1,13.03854254158449,17.72753358339242,,0.0,0,7,SPORTS,Everyone
SportsManias Fantasy Team News,3.5,8.30844552038576,13.122365377402328,26.0,0.0,0,91,SPORTS,Everyone
Thuuz Sports,4.5,8.615770754777232,13.122365377402328,5.2,0.0,0,128,SPORTS,Everyone
NCAA Sports,3.9,8.360071435644025,13.122365377402328,16.0,0.0,0,108,SPORTS,Everyone
850 Sports News Digest,4.6,6.29156913955832,9.210440366976517,,0.0,0,716,SPORTS,Everyone
"Bleacher Report: sports news, scores, & highlights",4.4,11.714101487278715,15.424948670398354,,0.0,0,20,SPORTS,Everyone 10+
MLB At Bat,4.2,11.325197318876974,15.424948670398354,,0.0,0,10,SPORTS,Everyone
"FIFA - Tournaments, Soccer News & Live Scores",4.2,12.745232049660048,16.118095750958314,6.0,0.0,0,6,SPORTS,Everyone
365Scores - Live Scores,4.6,13.409828426308204,16.118095750958314,25.0,0.0,0,11,SPORTS,Everyone
Cricbuzz - Live Cricket Scores & News,4.5,13.639687043092046,17.72753358339242,,0.0,0,83,SPORTS,Everyone
Fantasy Football & NFL News,4.5,7.987524479848767,11.51293546492023,8.1,0.0,0,86,SPORTS,Everyone
NBA,4.4,11.592835856198022,16.118095750958314,35.0,0.0,0,31,SPORTS,Everyone
BBC Sport,4.2,9.835208711782833,13.815511557963774,,0.0,0,106,SPORTS,Everyone
NHL,4.0,11.140933816919603,15.424948670398354,48.0,0.0,0,43,SPORTS,Everyone
NASCAR MOBILE,4.2,11.300981463909618,13.815511557963774,21.0,0.0,0,15,SPORTS,Everyone
MLB Ballpark,3.9,8.614682812693495,13.815511557963774,32.0,0.0,0,24,SPORTS,Everyone
"Univision Deportes: Liga MX, MLS, Fútbol Live",4.2,11.232497021229756,15.424948670398354,,0.0,0,17,SPORTS,Everyone
Fantasy Football,3.5,10.823371819920414,13.815511557963774,23.0,0.0,0,7,SPORTS,Everyone
Real Basketball,4.5,14.288801278800094,16.118095750958314,,0.0,0,612,SPORTS,Everyone
Hopper - Watch & Book Flights,4.4,10.85957575428435,15.424948670398354,,0.0,0,41,TRAVEL_AND_LOCAL,Everyone
TripIt: Travel Organizer,4.4,10.803465958917979,13.815511557963774,25.0,0.0,0,55,TRAVEL_AND_LOCAL,Everyone
Trip by Skyscanner - City & Travel Guide,4.1,8.546946149565585,13.122365377402328,,0.0,0,72,TRAVEL_AND_LOCAL,Everyone
CityMaps2Go Plan Trips Travel Guide Offline Maps,4.3,11.077732840389075,13.815511557963774,58.0,0.0,0,61,TRAVEL_AND_LOCAL,Everyone
World Travel Guide by Triposo,4.4,8.70167907103957,13.122365377402328,81.0,0.0,0,157,TRAVEL_AND_LOCAL,Everyone
Hostelworld: Hostels & Cheap Hotels Travel App,4.4,9.79138211875182,13.815511557963774,28.0,0.0,0,24,TRAVEL_AND_LOCAL,Everyone
Google Trips - Travel Planner,4.1,10.198840131292128,15.424948670398354,,0.0,0,14,TRAVEL_AND_LOCAL,Everyone
trivago: Hotels & Travel,4.2,12.300696226042778,17.72753358339242,,0.0,0,7,TRAVEL_AND_LOCAL,Everyone
GPS Map Free,4.0,10.427712996365136,15.424948670398354,7.6,0.0,0,29,TRAVEL_AND_LOCAL,Everyone
GasBuddy: Find Cheap Gas,4.6,13.529895680724753,16.118095750958314,42.0,0.0,0,7,TRAVEL_AND_LOCAL,Mature 17+
Southwest Airlines,3.9,10.117872862176439,15.424948670398354,8.3,0.0,0,29,TRAVEL_AND_LOCAL,Everyone
"AT&T Navigator: Maps, Traffic",3.6,10.400102683833003,16.118095750958314,14.0,0.0,0,611,TRAVEL_AND_LOCAL,Everyone
VZ Navigator,4.0,9.686698766859926,17.72753358339242,,0.0,0,199,TRAVEL_AND_LOCAL,Everyone
KakaoMap - Map / Navigation,4.1,11.248699468554788,16.118095750958314,,0.0,0,10,TRAVEL_AND_LOCAL,Everyone
AirAsia,3.9,11.498684542679886,16.118095750958314,37.0,0.0,0,24,TRAVEL_AND_LOCAL,Everyone
"Expedia Hotels, Flights & Car Rental Travel Deals",4.1,11.825061097051254,16.118095750958314,14.0,0.0,0,3,TRAVEL_AND_LOCAL,Everyone
Goibibo - Flight Hotel Bus Car IRCTC Booking App,4.3,13.038659977565704,16.118095750958314,,0.0,0,8,TRAVEL_AND_LOCAL,Everyone
Allegiant,3.1,8.625688787569537,13.815511557963774,21.0,0.0,0,28,TRAVEL_AND_LOCAL,Everyone
Amtrak,3.7,9.730086093116732,13.815511557963774,28.0,0.0,0,25,TRAVEL_AND_LOCAL,Everyone
JAL (Domestic and international flights),3.4,7.731053144007127,13.815511557963774,27.0,0.0,0,94,TRAVEL_AND_LOCAL,Everyone
Flight & Hotel Booking App - ixigo,4.4,10.7268512626277,15.424948670398354,,0.0,0,10,TRAVEL_AND_LOCAL,Everyone
VZ Navigator for Tablets,3.6,5.655991810819852,13.122365377402328,39.0,0.0,0,199,TRAVEL_AND_LOCAL,Everyone
TripAdvisor Hotels Flights Restaurants Attractions,4.4,13.966374986836096,18.420680753952364,,0.0,0,5,TRAVEL_AND_LOCAL,Everyone
"HSL - Tickets, route planner and information",3.3,5.54907608489522,11.51293546492023,17.0,0.0,0,8,TRAVEL_AND_LOCAL,Everyone
Wisepilot for XPERIA™,3.7,9.973200164947428,15.424948670398354,,0.0,0,191,TRAVEL_AND_LOCAL,Everyone
VZ Navigator for Galaxy S4,3.0,7.919719760924575,15.424948670398354,39.0,0.0,0,199,TRAVEL_AND_LOCAL,Everyone
MAIN,3.6,8.86531163267185,13.815511557963774,51.0,0.0,0,3,TRAVEL_AND_LOCAL,Everyone
"Yoriza Pension - travel, lodging, pension, camping, caravan, pool villas accommodation discount",4.8,9.791605819888035,13.815511557963774,86.0,0.0,0,6,TRAVEL_AND_LOCAL,Everyone
Foursquare Swarm: Check In,3.9,12.952288917815846,16.118095750958314,,0.0,0,13,TRAVEL_AND_LOCAL,Teen
PagesJaunes - local search,3.8,10.690489308567697,16.118095750958314,,0.0,0,8,TRAVEL_AND_LOCAL,Everyone
Flightradar24 Flight Tracker,4.3,12.054610016322203,16.118095750958314,,0.0,0,22,TRAVEL_AND_LOCAL,Everyone
"Yatra - Flights, Hotels, Bus, Trains & Cabs",4.5,12.433359601077253,16.118095750958314,26.0,0.0,0,4,TRAVEL_AND_LOCAL,Everyone
SNCF,3.4,9.664659134301736,15.424948670398354,,0.0,0,7,TRAVEL_AND_LOCAL,Everyone
Fly Delta,3.7,10.224157008939576,15.424948670398354,46.0,0.0,0,9,TRAVEL_AND_LOCAL,Everyone
Despegar.com Hotels and Flights,4.4,11.924591308719997,16.118095750958314,27.0,0.0,0,10,TRAVEL_AND_LOCAL,Everyone
Navigation Plus,4.1,6.834108738813838,13.815511557963774,14.0,0.0,0,212,TRAVEL_AND_LOCAL,Everyone
2GIS: directory & navigator,4.5,13.552630360426203,17.72753358339242,,0.0,0,10,TRAVEL_AND_LOCAL,Everyone
Poynt,4.0,10.191144624675404,15.424948670398354,10.0,0.0,0,133,TRAVEL_AND_LOCAL,Everyone
Gaode Map,3.9,9.493713172839865,13.815511557963774,71.0,0.0,0,37,TRAVEL_AND_LOCAL,Everyone
TravelPirates,4.8,10.670233647130265,13.815511557963774,,0.0,0,3,TRAVEL_AND_LOCAL,Everyone
Free Radar Detector,4.3,9.660205067381032,13.815511557963774,11.0,0.0,0,34,TRAVEL_AND_LOCAL,Everyone
American Airlines,3.7,9.739850350946302,15.424948670398354,,0.0,0,22,TRAVEL_AND_LOCAL,Everyone
Where to travel - ticket. hotel. train ticket. car ticket. travel. tickets,4.2,8.53954159508,13.815511557963774,62.0,0.0,0,13,TRAVEL_AND_LOCAL,Everyone
NTES,4.3,12.015517283809116,16.118095750958314,5.4,0.0,0,10,TRAVEL_AND_LOCAL,Everyone
Where is my Train : Indian Railway & PNR Status,4.7,13.338337288160126,16.118095750958314,9.8,0.0,0,10,TRAVEL_AND_LOCAL,Everyone
MakeMyTrip-Flight Hotel Bus Cab IRCTC Rail Booking,4.3,13.304473245127067,16.118095750958314,,0.0,0,5,TRAVEL_AND_LOCAL,Everyone
Restaurant Finder,4.1,9.438670449977693,13.815511557963774,,0.0,0,35,TRAVEL_AND_LOCAL,Everyone
Zagat,3.1,7.835579246669965,11.51293546492023,,0.0,0,756,TRAVEL_AND_LOCAL,Everyone
Gormey: Find Best Restaurants,4.3,3.5553480614894135,6.90875477931522,7.6,0.0,0,345,TRAVEL_AND_LOCAL,Everyone
Find Dining Restaurant Finder,4.1,6.059123195581797,11.51293546492023,26.0,0.0,0,871,TRAVEL_AND_LOCAL,Everyone
Urbanspoon Restaurant Reviews,4.2,10.479004810717253,15.424948670398354,13.0,0.0,0,765,TRAVEL_AND_LOCAL,Everyone
"Yelp: Food, Shopping, Services Nearby",4.3,12.89275648362036,16.118095750958314,,0.0,0,6,TRAVEL_AND_LOCAL,Teen
Qatar Airways,4.3,9.322150047028188,13.815511557963774,62.0,0.0,0,10,TRAVEL_AND_LOCAL,Everyone
Hipmunk Hotels & Flights,4.3,9.725257613645427,13.815511557963774,10.0,0.0,0,9,TRAVEL_AND_LOCAL,Everyone
United Airlines,3.5,10.32377558953593,15.424948670398354,80.0,0.0,0,20,TRAVEL_AND_LOCAL,Everyone
Skiplagged — Exclusive Flights & Hotels,4.6,9.213933907486313,13.815511557963774,,0.0,0,97,TRAVEL_AND_LOCAL,Everyone
CWT To Go,4.4,9.919065582499446,11.51293546492023,57.0,0.0,0,4,TRAVEL_AND_LOCAL,Everyone
British Airways,4.2,10.155840330434325,13.815511557963774,51.0,0.0,0,16,TRAVEL_AND_LOCAL,Everyone
Cheap Flights & Hotels momondo,4.2,10.658364626228009,15.424948670398354,24.0,0.0,0,106,TRAVEL_AND_LOCAL,Everyone
"CheapTickets – Hotels, Flights & Travel Deals",4.4,8.843037724962366,13.815511557963774,,0.0,0,15,TRAVEL_AND_LOCAL,Everyone
JetBlue,4.4,10.09749061410392,13.815511557963774,29.0,0.0,0,15,TRAVEL_AND_LOCAL,Everyone
Flights,4.4,9.800346793616615,13.815511557963774,3.1,0.0,0,14,TRAVEL_AND_LOCAL,Everyone
Cheapflights – Flight Search,4.4,10.77438334991989,15.424948670398354,19.0,0.0,0,9,TRAVEL_AND_LOCAL,Everyone
KLM - Royal Dutch Airlines,3.7,8.949754525186103,13.815511557963774,40.0,0.0,0,3,TRAVEL_AND_LOCAL,Everyone
Lufthansa,3.6,9.585002570929301,13.815511557963774,43.0,0.0,0,13,TRAVEL_AND_LOCAL,Everyone
easyJet: Travel App,4.4,11.812259390162456,16.118095750958314,50.0,0.0,0,39,TRAVEL_AND_LOCAL,Everyone
IndiGo,4.0,10.780683963269196,15.424948670398354,,0.0,0,15,TRAVEL_AND_LOCAL,Everyone
LateRooms: Find Hotel Deals,4.1,7.791522819150732,13.815511557963774,13.0,0.0,0,72,TRAVEL_AND_LOCAL,Everyone
Choice Hotels,4.4,9.793449447327191,13.815511557963774,,0.0,0,22,TRAVEL_AND_LOCAL,Everyone
Couchsurfing Travel App,4.4,11.031286405889189,13.815511557963774,,0.0,0,30,TRAVEL_AND_LOCAL,Teen
Hotwire Hotel & Car Rental App,4.3,9.242226560838505,13.815511557963774,,0.0,0,21,TRAVEL_AND_LOCAL,Everyone
"Priceline Hotel Deals, Rental Cars & Flights",4.4,10.798166421433823,15.424948670398354,15.0,0.0,0,14,TRAVEL_AND_LOCAL,Everyone
HOTEL DEALS,4.2,7.383989457978509,11.51293546492023,4.0,0.0,0,105,TRAVEL_AND_LOCAL,Everyone
HomeAway Vacation Rentals,4.3,10.322329457685932,15.424948670398354,,0.0,0,8,TRAVEL_AND_LOCAL,Everyone
"KAYAK Flights, Hotels & Cars",4.5,12.284832992869509,16.118095750958314,19.0,0.0,0,9,TRAVEL_AND_LOCAL,Everyone
"Orbitz - Hotels, Flights & Package Deals",4.4,10.412020550242234,13.815511557963774,,0.0,0,9,TRAVEL_AND_LOCAL,Everyone
Skyscanner,4.5,13.084759117086934,16.118095750958314,29.0,0.0,0,3,TRAVEL_AND_LOCAL,Everyone
IHG®: Hotel Deals & Rewards,4.3,9.832152654931505,13.815511557963774,44.0,0.0,0,6,TRAVEL_AND_LOCAL,Everyone
SPG: Starwood Hotels & Resorts,4.2,9.019058793810718,13.815511557963774,22.0,0.0,0,37,TRAVEL_AND_LOCAL,Everyone
Hotels.com: Book Hotel Rooms & Find Vacation Deals,4.5,12.468952161848014,16.118095750958314,,0.0,0,36,TRAVEL_AND_LOCAL,Everyone
Booking.com Travel Deals,4.7,14.420039070534173,18.420680753952364,,0.0,0,3,TRAVEL_AND_LOCAL,Everyone
HotelTonight: Book amazing deals at great hotels,4.4,10.96082635588846,15.424948670398354,,0.0,0,9,TRAVEL_AND_LOCAL,Everyone
Airbnb,4.4,12.792639121860462,16.118095750958314,,0.0,0,7,TRAVEL_AND_LOCAL,Everyone
Hotels Combined - Cheap deals,4.1,9.752839066197039,15.424948670398354,12.0,0.0,0,269,TRAVEL_AND_LOCAL,Everyone
Agoda – Hotel Booking Deals,4.6,12.481907313822575,16.118095750958314,,0.0,0,5,TRAVEL_AND_LOCAL,Everyone
Turo - Better Than Car Rental,4.4,9.55499334068759,13.815511557963774,46.0,0.0,0,5,TRAVEL_AND_LOCAL,Everyone
Ascape VR: 360° Virtual Travel,4.1,6.792344427470809,11.51293546492023,7.6,0.0,0,365,TRAVEL_AND_LOCAL,Everyone
Cheap hotel deals and discounts — Hotellook,4.5,8.875426919818963,13.815511557963774,,0.0,0,10,TRAVEL_AND_LOCAL,Everyone
Maps - Navigate & Explore,4.3,16.038551668900485,20.72326583794641,,0.0,0,9,TRAVEL_AND_LOCAL,Everyone
GPS Status & Toolbox,4.5,11.916548878199022,16.118095750958314,4.1,0.0,0,57,TRAVEL_AND_LOCAL,Everyone
Airport + Flight Tracker Radar,4.2,8.81922185757494,13.815511557963774,8.5,0.0,0,1122,TRAVEL_AND_LOCAL,Everyone
Scout GPS Navigation & Meet Up,4.2,11.698358841693127,15.424948670398354,31.0,0.0,0,9,TRAVEL_AND_LOCAL,Everyone
Street Panorama View,4.2,10.602268831713166,13.815511557963774,4.1,0.0,0,22,TRAVEL_AND_LOCAL,Everyone
Geo Tracker - GPS tracker,4.5,10.665460924025925,13.815511557963774,,0.0,0,729,TRAVEL_AND_LOCAL,Everyone
DreamTrips,4.7,9.207536444643448,13.122365377402328,22.0,0.0,0,3,TRAVEL_AND_LOCAL,Teen
Navmii GPS USA (Navfree),4.0,8.692993531219926,13.122365377402328,,0.0,0,78,TRAVEL_AND_LOCAL,Everyone
Sygic Truck GPS Navigation,4.2,9.814383077453307,13.815511557963774,28.0,0.0,0,7,TRAVEL_AND_LOCAL,Everyone
Google Street View,4.2,14.571495439086146,20.72326583794641,,0.0,0,3,TRAVEL_AND_LOCAL,Everyone
Google,4.4,15.899130109592777,20.72326583794641,,0.0,0,6,TOOLS,Everyone
Google Translate,4.4,15.563856831185095,20.030118658386467,,0.0,0,5,TOOLS,Everyone
Moto Display,4.2,9.811372263628323,16.118095750958314,,0.0,0,3,TOOLS,Everyone
Motorola Alert,4.2,10.094107912144779,17.72753358339242,3.9,0.0,0,1357,TOOLS,Everyone
Motorola Assist,4.1,10.527659718592542,17.72753358339242,,0.0,0,935,TOOLS,Everyone
Moto Suggestions ™,4.6,5.733341276897746,13.815511557963774,4.3,0.0,0,62,TOOLS,Everyone
Moto Voice,4.1,10.41081707204541,16.118095750958314,,0.0,0,65,TOOLS,Everyone
Calculator,4.3,10.615726323351593,18.420680753952364,,0.0,0,261,TOOLS,Everyone
Device Help,4.2,10.270246481762213,18.420680753952364,,0.0,0,22,TOOLS,Everyone
Account Manager,4.1,11.246417627749853,18.420680753952364,,0.0,0,743,TOOLS,Everyone
myMetro,4.0,10.173132937501757,16.118095750958314,5.3,0.0,0,43,TOOLS,Everyone
File Manager,4.6,13.5134996496479,17.72753358339242,,0.0,0,114,TOOLS,Everyone
My Telcel,3.1,10.732890536141944,17.72753358339242,16.0,0.0,0,15,TOOLS,Everyone
"Calculator - free calculator, multi calculator app",4.6,10.150074155576805,16.118095750958314,7.5,0.0,0,9,TOOLS,Everyone
ASUS Sound Recorder,4.5,10.437844138828483,16.118095750958314,,0.0,0,27,TOOLS,Everyone
iWnn IME for Nexus,3.2,7.781138509845015,15.424948670398354,,0.0,0,1365,TOOLS,Everyone
Samsung Max - Data Savings & Privacy Protection,4.3,12.708268136597786,16.118095750958314,,0.0,0,72,TOOLS,Everyone
ZenUI Help,4.6,11.826823379552902,16.118095750958314,,0.0,0,45,TOOLS,Everyone
"Calculator - free calculator ,multi calculator app",4.4,7.1204443723924875,11.51293546492023,5.8,0.0,0,34,TOOLS,Everyone
SHAREit - Transfer & Share,4.6,15.868440502453875,20.030118658386467,17.0,0.0,0,10,TOOLS,Everyone
"ZenUI Keyboard – Emoji, Theme",4.5,13.194786359330445,16.118095750958314,,0.0,0,8,TOOLS,Everyone
Files Go by Google: Free up space on your phone,4.6,12.662186507020621,16.118095750958314,8.5,0.0,0,22,TOOLS,Everyone
Nokia mobile support,4.4,9.410501846898468,15.424948670398354,9.1,0.0,0,8,TOOLS,Everyone
File Manager -- Take Command of Your Files Easily,4.2,11.753704591335751,16.118095750958314,7.6,0.0,0,6,TOOLS,Everyone
Samsung Calculator,4.4,9.169830828637973,18.420680753952364,2.5,0.0,0,35,TOOLS,Everyone
Clear,3.1,10.092122471386675,16.118095750958314,15.0,0.0,0,3,TOOLS,Everyone
Phone,3.6,10.725115894744613,16.118095750958314,,0.0,0,10,TOOLS,Everyone
HTC Lock Screen,4.1,10.248884134178173,16.118095750958314,,0.0,0,506,TOOLS,Everyone
Gboard - the Google Keyboard,4.2,14.435611663896157,20.030118658386467,,0.0,0,9,TOOLS,Everyone
Google Korean Input,3.5,11.222840507902138,18.420680753952364,,0.0,0,45,TOOLS,Everyone
AT&T Smart Wi-Fi,3.9,9.826282481627157,16.118095750958314,6.1,0.0,0,105,TOOLS,Everyone
Google app for Android TV,3.0,4.204692619390966,16.118095750958314,,0.0,0,21,TOOLS,Everyone
Sound Recorder: Recorder & Voice Changer Free,3.9,9.585552436913327,16.118095750958314,17.0,0.0,0,9,TOOLS,Everyone
Remote Link (PC Remote),4.5,11.374306868725707,16.118095750958314,,0.0,0,583,TOOLS,Everyone
HTC Sense Input,3.4,9.742790491838836,16.118095750958314,,0.0,0,454,TOOLS,Everyone
Share Music & Transfer Files - Xender,4.4,14.062701831044631,18.420680753952364,,0.0,0,20,TOOLS,Everyone
App vault,3.4,10.130423902089033,16.118095750958314,,0.0,0,22,TOOLS,Everyone
TouchPal Keyboard for vivo,4.3,5.8805329864007,13.815511557963774,58.0,0.0,0,71,TOOLS,Everyone
Google Assistant Go,3.7,5.755742213586912,13.122365377402328,4.6,0.0,0,13,TOOLS,Everyone
My love,3.5,12.007609511610022,16.118095750958314,16.0,0.0,0,4,TOOLS,Everyone
DuraSpeed,3.8,8.600062669238532,16.118095750958314,1.3,0.0,0,269,TOOLS,Everyone
HTC Sense Input-LV,3.6,4.0943445622221,10.819798284210286,2.3,0.0,0,1570,TOOLS,Everyone
HTC Sense Input-CA,3.1,4.8283137373023015,11.51293546492023,1.9,0.0,0,1570,TOOLS,Everyone
HTC Sense Input-AR,3.8,7.259116128097101,11.51293546492023,2.7,0.0,0,1570,TOOLS,Everyone
Digital Alarm Clock,4.2,11.682161782215527,16.118095750958314,16.0,0.0,0,51,TOOLS,Everyone
Alarm Clock Free,4.0,11.001666413954883,16.118095750958314,11.0,0.0,0,146,TOOLS,Everyone
Puzzle Alarm Clock ⏰,4.3,10.376985071036119,13.815511557963774,5.3,0.0,0,6,TOOLS,Everyone
Alarm Clock,4.3,11.650850939461357,15.424948670398354,,0.0,0,199,TOOLS,Everyone
I Can't Wake Up! Alarm Clock,4.5,11.162019562351412,13.815511557963774,4.2,0.0,0,76,TOOLS,Everyone
High-Powered Flashlight,4.5,12.97056559401066,16.118095750958314,,0.0,0,146,TOOLS,Everyone
Brightest Flashlight - LED Light,4.5,13.684110606490046,17.72753358339242,9.1,0.0,0,13,TOOLS,Everyone
LED Flashlight,4.4,12.243883711751753,16.118095750958314,4.3,0.0,0,395,TOOLS,Everyone
Tiny Flashlight + LED,4.4,15.263577117476766,18.420680753952364,,0.0,0,32,TOOLS,Everyone
Flashlight & LED Torch,4.3,11.621851616187406,16.118095750958314,,0.0,0,223,TOOLS,Everyone
Color Flashlight,4.2,13.066649801635917,17.72753358339242,,0.0,0,238,TOOLS,Everyone
"CM Flashlight (Compass, SOS)",4.4,12.021957481183442,15.424948670398354,1.8,0.0,0,76,TOOLS,Everyone
Flashlight HD LED,4.3,13.335729686884601,17.72753358339242,,0.0,0,12,TOOLS,Everyone
Flashlight - Torch LED Light,4.4,12.168692637239774,16.118095750958314,8.5,0.0,0,33,TOOLS,Everyone
Super Flashlight + LED,4.3,10.900583778011725,15.424948670398354,4.4,0.0,0,394,TOOLS,Everyone
Brightest LED Flashlight,4.5,11.011588019076546,15.424948670398354,,0.0,0,38,TOOLS,Everyone
Brightest Flashlight Free ®,4.7,14.105040921273673,17.72753358339242,3.8,0.0,0,286,TOOLS,Everyone
Fraction Calculator Plus Free,4.5,11.908387374161066,15.424948670398354,11.0,0.0,0,25,TOOLS,Everyone
Calculator Plus Free,4.6,13.429720127790649,16.118095750958314,,0.0,0,13,TOOLS,Everyone
CALCU™ Stylish Calculator Free,4.7,11.936184648636651,15.424948670398354,11.0,0.0,0,33,TOOLS,Everyone
Mobi Calculator free & AD free!,4.6,11.255604461854432,15.424948670398354,,0.0,0,212,TOOLS,Everyone
Calculator with Percent (Free),4.8,10.783363231708234,13.815511557963774,7.4,0.0,0,264,TOOLS,Everyone
Graphing Calculator,3.9,9.424564261115739,13.815511557963774,5.3,0.0,0,860,TOOLS,Everyone
Unit Converter,4.5,11.35496085468099,13.815511557963774,5.4,0.0,0,37,TOOLS,Everyone
Calculator ++,4.6,10.419599180731357,13.815511557963774,3.6,0.0,0,89,TOOLS,Everyone
MyScript Calculator,4.5,12.743550910993404,16.118095750958314,,0.0,0,1095,TOOLS,Everyone
ConvertPad - Unit Converter,4.4,11.416766925410508,16.118095750958314,4.3,0.0,0,417,TOOLS,Everyone
Unit Converter Pro,4.5,9.450852217451484,13.815511557963774,,0.0,0,157,TOOLS,Everyone
Classic Calculator,4.0,11.358141251169362,15.424948670398354,27.0,0.0,0,165,TOOLS,Everyone
Scientific Calculator Free,4.3,9.704792681624228,13.815511557963774,,0.0,0,42,TOOLS,Everyone
weight conversion calculator,4.0,6.694562058521095,11.51293546492023,1.8,0.0,0,83,TOOLS,Everyone
Age Calculator,4.4,10.096831472611818,13.815511557963774,3.3,0.0,0,380,TOOLS,Everyone
EzCalculator,4.1,7.4133673356952405,11.51293546492023,2.0,0.0,0,326,TOOLS,Everyone
SuperVPN Free VPN Client,4.3,13.264652558402648,17.72753358339242,6.1,0.0,0,185,TOOLS,Everyone
Hideman VPN,4.1,11.392744556713843,15.424948670398354,9.6,0.0,0,16,TOOLS,Everyone
Fast Secure VPN,4.3,10.948153908874458,13.815511557963774,9.6,0.0,0,83,TOOLS,Everyone
Free & Premium VPN - FinchVPN,4.2,9.857286533635413,13.815511557963774,10.0,0.0,0,35,TOOLS,Everyone
Hotspot Shield Free VPN Proxy & Wi-Fi Security,4.2,13.925614406212091,17.72753358339242,8.2,0.0,0,3,TOOLS,Everyone
OpenVPN Connect – Fast & Safe SSL VPN Client,4.2,11.948460571497746,16.118095750958314,14.0,0.0,0,76,TOOLS,Everyone
"VPN - Fast, Secure & Unlimited WiFi with VyprVPN",4.2,10.613418101130419,13.815511557963774,25.0,0.0,0,35,TOOLS,Everyone
FREEDOME VPN Unlimited anonymous Wifi Security,4.3,10.592476097947214,13.815511557963774,9.9,0.0,0,31,TOOLS,Everyone
SurfEasy Secure Android VPN,4.5,12.518266826477564,15.424948670398354,22.0,0.0,0,29,TOOLS,Everyone
TunnelBear VPN,4.4,11.845683670250551,15.424948670398354,,0.0,0,112,TOOLS,Everyone
VPN Free - Betternet Hotspot VPN & Private Browser,4.5,13.593684887863008,16.118095750958314,8.9,0.0,0,8,TOOLS,Everyone
Smart Keyboard Trial,4.1,11.09130048666254,16.118095750958314,2.4,0.0,0,468,TOOLS,Everyone
"Emoji keyboard - Cute Emoticons, GIF, Stickers",4.4,13.917454142556487,17.72753358339242,25.0,0.0,0,2,TOOLS,Everyone
"GO Keyboard - Cute Emojis, Themes and GIFs",4.5,15.340304978663493,18.420680753952364,,0.0,0,9,TOOLS,Everyone
Google Handwriting Input,4.3,11.455592918322983,16.118095750958314,,0.0,0,7,TOOLS,Everyone
Wifi Analyzer,4.4,12.722232019526764,16.118095750958314,1.8,0.0,0,124,TOOLS,Everyone
Network Signal Info,4.1,10.431966436539437,13.815511557963774,17.0,0.0,0,6,TOOLS,Everyone
Speedtest by Ookla,4.4,13.843898772422579,18.420680753952364,,0.0,0,21,TOOLS,Everyone
WiFi Overview 360,4.1,9.661033752687418,13.815511557963774,18.0,0.0,0,6,TOOLS,Everyone
Speedcheck,4.6,10.799167330506158,13.815511557963774,14.0,0.0,0,5,TOOLS,Everyone
Internet Speed Meter Lite,4.5,12.92465362734693,16.118095750958314,,0.0,0,703,TOOLS,Everyone
Wifi Inspector,4.3,11.062143902371083,15.424948670398354,,0.0,0,819,TOOLS,Everyone
WiFi Automatic,4.1,9.26823185039196,13.815511557963774,,0.0,0,144,TOOLS,Everyone
NETGEAR WiFi Analytics,4.1,9.158731238242952,13.815511557963774,0.6796875,0.0,0,1567,TOOLS,Everyone
Keypad Lock Screen,4.2,12.96823736393952,16.118095750958314,4.7,0.0,0,23,TOOLS,Everyone
photo keypad lockscreen,4.1,12.326274974557132,16.118095750958314,8.1,0.0,0,23,TOOLS,Everyone
CM Locker - Security Lockscreen,4.6,14.943917219830412,18.420680753952364,,0.0,0,9,TOOLS,Everyone
Solo Locker (DIY Locker),4.5,13.069890440143212,16.118095750958314,7.9,0.0,0,44,TOOLS,Everyone
Lock Screen,4.0,10.624687547538109,13.815511557963774,4.6,0.0,0,267,TOOLS,Everyone
ZERO Lock Screen,3.5,11.229726660968215,13.815511557963774,0.53125,0.0,0,916,TOOLS,Everyone
AppLock - Fingerprint,4.4,13.521469644199513,16.118095750958314,3.5,0.0,0,118,TOOLS,Everyone
Applock,4.4,15.411687126185134,18.420680753952364,,0.0,0,59,TOOLS,Everyone
Smart AppLock (App Protect),4.4,11.831837272973706,16.118095750958314,,0.0,0,70,TOOLS,Everyone
Screen Off and Lock,4.1,12.06099484900528,16.118095750958314,0.5126953125,0.0,0,250,TOOLS,Everyone
Screen Lock,4.2,11.131811447725894,13.815511557963774,2.1,0.0,0,259,TOOLS,Everyone
Nova Launcher,4.6,13.930450444589049,17.72753358339242,,0.0,0,87,PERSONALIZATION,Everyone
Funny Ringtones,4.4,8.874447967219979,13.815511557963774,14.0,0.0,0,188,PERSONALIZATION,Everyone 10+
"XOS - Launcher,Theme,Wallpaper",4.6,10.81291478438888,15.424948670398354,8.7,0.0,0,3,PERSONALIZATION,Everyone
3D Live Neon Weed Launcher,4.5,7.45298232946546,11.51293546492023,21.0,0.0,0,44,PERSONALIZATION,Mature 17+
Evie Launcher,4.7,11.844090787657887,15.424948670398354,,0.0,0,6,PERSONALIZATION,Everyone
Golden Launcher,4.4,10.398031343727835,15.424948670398354,12.0,0.0,0,9,PERSONALIZATION,Everyone
Launcher,4.5,11.541746130778423,13.815511557963774,18.0,0.0,0,30,PERSONALIZATION,Everyone
"CM Launcher 3D - Theme, Wallpapers, Efficient",4.6,15.718032476101017,18.420680753952364,17.0,0.0,0,6,PERSONALIZATION,Teen
4K Wallpapers and Ultra HD Backgrounds,4.6,8.933796043934858,13.122365377402328,3.8,0.0,0,36,PERSONALIZATION,Everyone 10+
OnePlus Launcher,4.0,10.094768850701554,13.815511557963774,,0.0,0,6,PERSONALIZATION,Everyone
Birds Sounds Ringtones & Wallpapers,4.6,8.531884740159228,13.815511557963774,23.0,0.0,0,318,PERSONALIZATION,Everyone 10+
Funny Alarm Clock Ringtones,4.5,9.657203308780275,13.815511557963774,14.0,0.0,0,518,PERSONALIZATION,Everyone
ZenUI Launcher,4.7,13.947894041993752,17.72753358339242,15.0,0.0,0,9,PERSONALIZATION,Everyone
"Color Call - Caller Screen, LED Flash",4.7,10.291670853409766,13.815511557963774,9.9,0.0,0,20,PERSONALIZATION,Everyone
New Launcher 2018,4.4,11.866353142240856,16.118095750958314,12.0,0.0,0,9,PERSONALIZATION,Everyone
Diamond Zipper Lock Screen,4.3,11.180092597802776,16.118095750958314,12.0,0.0,0,59,PERSONALIZATION,Everyone
"Emoji Keyboard - Cute Emoji,GIF, Sticker, Emoticon",4.7,11.651399621983908,16.118095750958314,20.0,0.0,0,20,PERSONALIZATION,Everyone
3D Blue Glass Water Keyboard Theme,4.1,11.038271037509066,16.118095750958314,7.4,0.0,0,39,PERSONALIZATION,Everyone
Backgrounds (HD Wallpapers),4.7,12.21837170111719,16.118095750958314,3.0,0.0,0,365,PERSONALIZATION,Teen
New 2018 Keyboard,4.6,12.605928719040474,16.118095750958314,14.0,0.0,0,4,PERSONALIZATION,Everyone
"APUS Launcher - Theme, Wallpaper, Hide Apps",4.5,15.57050956513787,18.420680753952364,14.0,0.0,0,3,PERSONALIZATION,Everyone
ZenUI Themes – Stylish Themes,4.4,10.766250917392474,16.118095750958314,7.2,0.0,0,77,PERSONALIZATION,Everyone
"Keyboard - wallpapers , photos",4.4,10.9246066585059,16.118095750958314,22.0,0.0,0,164,PERSONALIZATION,Everyone
Lovely Cute Pink Kitty Cat Keyboard Theme,4.3,7.7266536648476425,13.122365377402328,7.2,0.0,0,31,PERSONALIZATION,Everyone
Microsoft Launcher,4.6,13.384064345016013,16.118095750958314,26.0,0.0,0,8,PERSONALIZATION,Everyone
Goku Wallpaper Art,4.7,8.755107121633896,13.815511557963774,38.0,0.0,0,27,PERSONALIZATION,Everyone
Door Lock Screen,4.3,8.596743470174246,13.815511557963774,3.9,0.0,0,12,PERSONALIZATION,Everyone
Yandex Browser with Protect,4.5,14.02830958874277,17.72753358339242,,0.0,0,22,PERSONALIZATION,Everyone
Cute wallpapers & kawaii backgrounds images,4.6,8.460622839927844,13.815511557963774,5.4,0.0,0,10,PERSONALIZATION,Everyone
ASUS Cover for ZenFone 2,4.4,10.691058156211511,16.118095750958314,9.8,0.0,0,251,PERSONALIZATION,Everyone
"Hola Launcher- Theme,Wallpaper",4.5,15.00250300863047,18.420680753952364,7.6,0.0,0,92,PERSONALIZATION,Everyone
OnePlus Icon Pack - Square,4.7,5.438079308923196,13.122365377402328,1.1,0.0,0,78,PERSONALIZATION,Everyone
Live 3D Neon Blue Love Heart Keyboard Theme,4.3,8.798907492088226,13.815511557963774,9.1,0.0,0,15,PERSONALIZATION,Everyone
Pink Diamond Princess Keyboard Theme,3.7,9.28702359674714,13.815511557963774,6.8,0.0,0,34,PERSONALIZATION,Everyone
"Wallpapers HD, 4K Backgrounds",4.7,12.520865137028524,16.118095750958314,12.0,0.0,0,17,PERSONALIZATION,Everyone
Photo Lock App - Hide Pictures & Videos,4.5,10.282060965175976,15.424948670398354,3.3,0.0,0,242,PERSONALIZATION,Everyone
Romantic Love Photo Frames,4.4,9.84792198708642,15.424948670398354,12.0,0.0,0,51,PERSONALIZATION,Everyone
Colorful Glitter Neon Butterfly Keyboard Theme,4.3,7.6290038896529575,13.122365377402328,9.8,0.0,0,15,PERSONALIZATION,Everyone
OnePlus Icon Pack,4.8,6.089044875446846,13.122365377402328,0.8984375,0.0,0,78,PERSONALIZATION,Everyone
Water Garden Live Wallpaper,4.6,11.104265257965523,15.424948670398354,14.0,0.0,0,121,PERSONALIZATION,Everyone
Water Droplets Keyboard Theme,4.1,5.988961416889864,11.51293546492023,6.8,0.0,0,41,PERSONALIZATION,Everyone
"FUN Keyboard – Emoji Keyboard, Sticker,Theme & GIF",4.7,9.400133943608838,13.122365377402328,27.0,0.0,0,37,PERSONALIZATION,Everyone
Freeme Launcher—Stylish Theme,4.1,7.947678571301568,11.51293546492023,7.4,0.0,0,564,PERSONALIZATION,Everyone
Ringtones & Wallpapers for Me,4.2,11.400238173925942,16.118095750958314,29.0,0.0,0,191,PERSONALIZATION,Everyone
Ringtone Maker,4.3,13.114141671617581,17.72753358339242,,0.0,0,11,PERSONALIZATION,Everyone
Retro Clock Widget,4.2,11.370716531152018,15.424948670398354,,0.0,0,646,PERSONALIZATION,Everyone
Zooper Widget,4.0,10.325449175172755,13.815511557963774,5.9,0.0,0,1247,PERSONALIZATION,Everyone
Beautiful Widgets Free,3.9,10.128149949819608,13.815511557963774,14.0,0.0,0,658,PERSONALIZATION,Everyone
HD Widgets,4.3,10.978797095634402,13.815511557963774,26.0,0.99,1,610,PERSONALIZATION,Everyone
DashClock Widget,4.1,11.039748806988994,13.815511557963774,1.9,0.0,0,820,PERSONALIZATION,Everyone
Fancy Widgets,4.2,10.525085024255997,15.424948670398354,3.9,0.0,0,1588,PERSONALIZATION,Everyone
Kairo XP (for HD Widgets),4.4,7.3727463664043285,9.210440366976517,0.7607421875,0.99,1,1310,PERSONALIZATION,Everyone
icon wallpaper dressup💞CocoPPa,4.3,13.29652002519719,16.118095750958314,,0.0,0,30,PERSONALIZATION,Everyone
The real aquarium - HD,4.3,11.514234607668856,15.424948670398354,,0.0,0,45,PERSONALIZATION,Everyone
Best Wallpapers QHD,4.4,12.593719955265364,16.118095750958314,5.1,0.0,0,145,PERSONALIZATION,Teen
Dog Licks Screen Wallpaper,4.3,11.060761753852823,15.424948670398354,10.0,0.0,0,262,PERSONALIZATION,Everyone
Waterfall Live Wallpaper,4.1,11.634948388474381,16.118095750958314,13.0,0.0,0,79,PERSONALIZATION,Everyone
Galaxy Live Wallpaper,4.2,10.969111665377257,15.424948670398354,4.0,0.0,0,329,PERSONALIZATION,Teen
Northern Lights FREE (Aurora),4.1,9.407632639699958,13.815511557963774,5.4,0.0,0,593,PERSONALIZATION,Everyone
Flowers Live Wallpaper,4.1,11.682330629830956,16.118095750958314,3.3,0.0,0,286,PERSONALIZATION,Everyone
Petals 3D live wallpaper,4.2,11.630530707044493,16.118095750958314,4.3,0.0,0,15,PERSONALIZATION,Everyone
Galactic Core Free Wallpaper,4.1,11.147901478859588,16.118095750958314,0.8330078125,0.0,0,1561,PERSONALIZATION,Everyone
LINE Launcher,4.4,13.506044937487744,16.118095750958314,21.0,0.0,0,41,PERSONALIZATION,Everyone
Asteroids 3D live wallpaper,4.1,11.967155340099923,16.118095750958314,6.4,0.0,0,16,PERSONALIZATION,Everyone
Sun Rise Free Live Wallpaper,4.3,11.367691578780176,16.118095750958314,8.6,0.0,0,190,PERSONALIZATION,Everyone
Wallpapers HD,4.6,13.091867055828839,16.118095750958314,2.1,0.0,0,619,PERSONALIZATION,Everyone
Tiger Live Wallpaper,4.1,11.260932234926955,15.424948670398354,7.1,0.0,0,70,PERSONALIZATION,Teen
ZEDGE™ Ringtones & Wallpapers,4.6,15.682167520925182,18.420680753952364,,0.0,0,21,PERSONALIZATION,Teen
Backgrounds HD (Wallpapers),4.6,14.686881745147325,18.420680753952364,,0.0,0,5,PERSONALIZATION,Teen
Pink Roses Live Wallpaper,4.2,10.406532988983157,13.815511557963774,3.3,0.0,0,97,PERSONALIZATION,Everyone
Butterfly Live Wallpaper,4.1,10.484920743466072,15.424948670398354,3.5,0.0,0,97,PERSONALIZATION,Everyone
Koi Free Live Wallpaper,4.2,12.578470336734119,17.72753358339242,4.1,0.0,0,1507,PERSONALIZATION,Everyone
Wallpaper,4.5,11.148923745645035,13.815511557963774,9.7,0.0,0,32,PERSONALIZATION,Everyone
Wolves Live Wallpaper,4.3,9.249753374333018,13.815511557963774,3.3,0.0,0,286,PERSONALIZATION,Everyone
Horses Live Wallpaper,4.2,10.268373692146376,13.815511557963774,7.1,0.0,0,79,PERSONALIZATION,Everyone
Tropical Beach Live Wallpaper,4.0,9.336444248771908,13.815511557963774,8.4,0.0,0,79,PERSONALIZATION,Everyone
Glowing Flowers Live Wallpaper,4.2,11.108424891548891,15.424948670398354,7.0,0.0,0,80,PERSONALIZATION,Everyone
Dolphins Live Wallpaper,4.2,10.15843980036499,13.815511557963774,5.5,0.0,0,284,PERSONALIZATION,Everyone
Smart Launcher 5,4.4,13.146288866562452,16.118095750958314,,0.0,0,24,PERSONALIZATION,Everyone
Buzz Launcher-Smart&Free Theme,4.4,12.435663369093405,16.118095750958314,13.0,0.0,0,269,PERSONALIZATION,Everyone
Yandex.Shell (Launcher+Dialer),4.4,11.377117196515812,13.815511557963774,,0.0,0,1241,PERSONALIZATION,Everyone
ADW Launcher 2,4.3,12.108459816663173,16.118095750958314,,0.0,0,244,PERSONALIZATION,Everyone
BIG Launcher,4.3,6.782192056006791,9.210440366976517,5.9,9.99,1,50,PERSONALIZATION,Everyone
Smart Launcher Pro 3,4.6,10.614106214008078,11.51293546492023,,4.49,1,146,PERSONALIZATION,Everyone
"iKeyboard - emoji, emoticons",4.5,13.345386921517962,16.118095750958314,24.0,0.0,0,8,PERSONALIZATION,Everyone
Simple Neon Blue Future Tech Keyboard Theme,4.1,10.842439566953361,16.118095750958314,6.2,0.0,0,42,PERSONALIZATION,Everyone
ai.type Free Emoji Keyboard,4.3,13.381406749191255,16.118095750958314,,0.0,0,16,PERSONALIZATION,Everyone
"GO Keyboard - Emoticon keyboard, Free Theme, GIF",4.4,14.767917959660734,18.420680753952364,,0.0,0,20,PERSONALIZATION,Everyone
TouchPal Purple Butterfly Theme,4.2,8.914088348841334,13.815511557963774,6.9,0.0,0,42,PERSONALIZATION,Everyone
2018Emoji Keyboard 😂 Emoticons Lite -sticker&gif,4.2,11.659395293868332,16.118095750958314,,0.0,0,79,PERSONALIZATION,Everyone
Lavender Emoji Keyboard Theme,4.1,9.393411647660683,13.815511557963774,6.1,0.0,0,804,PERSONALIZATION,Everyone
Microsoft Word,4.5,14.549860620497638,20.030118658386467,,0.0,0,29,PRODUCTIVITY,Everyone
"All-In-One Toolbox: Cleaner, Booster, App Manager",4.7,13.193617423840584,16.118095750958314,,0.0,0,4,PRODUCTIVITY,Everyone
"AVG Cleaner – Speed, Battery & Memory Booster",4.4,13.987912241774549,16.118095750958314,24.0,0.0,0,56,PRODUCTIVITY,Everyone
QR Scanner & Barcode Scanner 2018,3.8,9.01517670716893,16.118095750958314,4.1,0.0,0,20,PRODUCTIVITY,Everyone
Chrome Beta,4.4,12.340581685102142,16.118095750958314,,0.0,0,3,PRODUCTIVITY,Everyone
Microsoft Outlook,4.3,14.99505654187397,18.420680753952364,50.0,0.0,0,7,PRODUCTIVITY,Everyone
Google PDF Viewer,4.2,12.33031036040768,16.118095750958314,,0.0,0,304,PRODUCTIVITY,Everyone
My Claro Peru,3.2,9.32375833901174,15.424948670398354,11.0,0.0,0,17,PRODUCTIVITY,Everyone
Power Booster - Junk Cleaner & CPU Cooler & Boost,4.5,9.175127616220438,13.815511557963774,5.1,0.0,0,3,PRODUCTIVITY,Everyone
Google Assistant,4.2,10.979786063607653,16.118095750958314,1.3,0.0,0,153,PRODUCTIVITY,Everyone
Microsoft OneDrive,4.4,13.853102060058283,18.420680753952364,,0.0,0,8,PRODUCTIVITY,Everyone
Calculator - unit converter,4.7,12.56811167699302,17.72753358339242,,0.0,0,92,PRODUCTIVITY,Everyone
Microsoft OneNote,4.4,13.08288215032024,18.420680753952364,,0.0,0,18,PRODUCTIVITY,Everyone
Metro name iD,4.0,10.2328272702548,16.118095750958314,,0.0,0,364,PRODUCTIVITY,Everyone
Archos File Manager,4.0,7.664815785285735,15.424948670398354,2.3,0.0,0,839,PRODUCTIVITY,Everyone
ES File Explorer File Manager,4.6,15.498939550006144,18.420680753952364,16.0,0.0,0,6,PRODUCTIVITY,Everyone
ASUS SuperNote,4.5,10.18716160359037,16.118095750958314,,0.0,0,482,PRODUCTIVITY,Everyone
HTC File Manager,4.2,9.510519035757246,16.118095750958314,,0.0,0,241,PRODUCTIVITY,Everyone
MyMTN,4.0,9.053803514155955,13.815511557963774,15.0,0.0,0,15,PRODUCTIVITY,Everyone
Dropbox,4.4,14.436791636116917,20.030118658386467,61.0,0.0,0,8,PRODUCTIVITY,Everyone
ASUS Quick Memo,4.5,10.047154902348542,16.118095750958314,1.6,0.0,0,120,PRODUCTIVITY,Everyone
HTC Calendar,3.9,8.846496938558838,16.118095750958314,,0.0,0,225,PRODUCTIVITY,Everyone
Google Docs,4.3,13.612147574879415,18.420680753952364,,0.0,0,3,PRODUCTIVITY,Everyone
ASUS Calling Screen,4.2,11.53714967519441,16.118095750958314,,0.0,0,147,PRODUCTIVITY,Everyone
lifebox,4.2,10.94029535695712,15.424948670398354,49.0,0.0,0,13,PRODUCTIVITY,Everyone
Yandex.Disk,4.4,11.653321988564823,15.424948670398354,,0.0,0,9,PRODUCTIVITY,Everyone
Content Transfer,4.7,9.868015803227875,15.424948670398354,7.2,0.0,0,42,PRODUCTIVITY,Everyone
HTC Mail,3.1,8.790725628263576,16.118095750958314,,0.0,0,72,PRODUCTIVITY,Everyone
Advanced Task Killer,4.4,13.265701526219235,17.72753358339242,1.5,0.0,0,732,PRODUCTIVITY,Everyone
MyVodafone (India) - Online Recharge & Pay Bills,4.1,13.903858374853472,16.118095750958314,,0.0,0,5,PRODUCTIVITY,Everyone
Microsoft PowerPoint,4.5,13.335535781648714,18.420680753952364,,0.0,0,29,PRODUCTIVITY,Everyone
Microsoft Translator,4.6,12.253418910636032,15.424948670398354,49.0,0.0,0,52,PRODUCTIVITY,Everyone
"My Airtel-Online Recharge, Pay Bill, Wallet, UPI",4.3,14.219904425832777,17.72753358339242,14.0,0.0,0,7,PRODUCTIVITY,Everyone
Samsung Notes,3.9,9.640107772607312,18.420680753952364,,0.0,0,199,PRODUCTIVITY,Everyone
Do It Later: Tasks & To-Dos,4.5,11.723291733364956,17.72753358339242,,0.0,0,118,PRODUCTIVITY,Everyone
Verizon Cloud,4.3,12.131526885253521,17.72753358339242,,0.0,0,22,PRODUCTIVITY,Everyone
myAT&T,3.7,11.30032612753169,17.72753358339242,,0.0,0,22,PRODUCTIVITY,Everyone
SwiftKey Keyboard,4.5,14.832538534630608,18.420680753952364,,0.0,0,7,PRODUCTIVITY,Everyone
Hacker's Keyboard,4.4,10.631494991732007,13.815511557963774,1.2,0.0,0,606,PRODUCTIVITY,Everyone
MEGA,4.0,13.217626283363991,17.72753358339242,,0.0,0,36,PRODUCTIVITY,Everyone
Security & Privacy,4.0,5.3612921657094255,13.815511557963774,10.0,0.0,0,105,PRODUCTIVITY,Everyone
7 Weeks - Habit & Goal Tracker,4.4,8.701512750872865,13.122365377402328,4.3,0.0,0,964,PRODUCTIVITY,Everyone
Loop - Habit Tracker,4.7,9.795679599901822,13.815511557963774,3.8,0.0,0,78,PRODUCTIVITY,Everyone
"TickTick: To Do List with Reminder, Day Planner",4.6,10.141362068450333,13.815511557963774,,0.0,0,3,PRODUCTIVITY,Everyone
Keeper: Free Password Manager & Secure Vault,4.2,11.213804888217602,16.118095750958314,32.0,0.0,0,24,PRODUCTIVITY,Everyone
Pushbullet - SMS on PC,4.5,12.08319289365341,13.815511557963774,4.5,0.0,0,283,PRODUCTIVITY,Everyone
Wunderlist: To-Do List & Tasks,4.6,12.910698691109792,16.118095750958314,,0.0,0,125,PRODUCTIVITY,Everyone
Todoist: To-do lists for task management & errands,4.5,11.957611286231675,16.118095750958314,12.0,0.0,0,4,PRODUCTIVITY,Everyone
Cozi Family Organizer,4.4,10.94577637281795,13.815511557963774,25.0,0.0,0,35,PRODUCTIVITY,Everyone
IFTTT,4.3,11.672114857707136,13.815511557963774,,0.0,0,3,PRODUCTIVITY,Everyone
Trello,4.5,11.191534925648972,15.424948670398354,12.0,0.0,0,22,PRODUCTIVITY,Everyone
Easy Voice Recorder,4.4,12.231701405163989,16.118095750958314,7.1,0.0,0,50,PRODUCTIVITY,Everyone
Dashlane Free Password Manager,4.6,11.207703802620411,13.815511557963774,,0.0,0,3,PRODUCTIVITY,Everyone
CM FILE MANAGER HD,4.3,11.883661092557295,16.118095750958314,,0.0,0,928,PRODUCTIVITY,Everyone
Solid Explorer Classic,4.5,10.81566985636574,13.815511557963774,6.5,0.0,0,418,PRODUCTIVITY,Everyone
File Browser by Astro (File Manager),4.3,13.31987399416401,17.72753358339242,9.2,0.0,0,38,PRODUCTIVITY,Everyone
File Explorer,4.1,6.887552571664617,11.51293546492023,0.703125,0.0,0,1774,PRODUCTIVITY,Everyone
The Maner,4.2,10.878349033768062,15.424948670398354,2.2,0.0,0,270,PRODUCTIVITY,Everyone
AndroZip™ FREE File Manager,4.2,12.534638710580289,16.118095750958314,,0.0,0,610,PRODUCTIVITY,Everyone
Solid Explorer File Manager,4.6,11.12023836922128,13.815511557963774,,0.0,0,21,PRODUCTIVITY,Everyone
Smart File Manager,4.2,9.765144602914383,13.815511557963774,4.1,0.0,0,35,PRODUCTIVITY,Everyone
Adobe Acrobat Reader,4.3,14.91954346184932,18.420680753952364,,0.0,0,114,PRODUCTIVITY,Everyone
Google Sheets,4.3,13.115137332312589,18.420680753952364,,0.0,0,3,PRODUCTIVITY,Everyone
Microsoft Excel,4.5,13.892116906574815,18.420680753952364,,0.0,0,26,PRODUCTIVITY,Everyone
"WPS Office - Word, Docs, PDF, Note, Slide & Sheet",4.5,14.226386335299416,18.420680753952364,37.0,0.0,0,10,PRODUCTIVITY,Everyone
Google Slides,4.2,12.40724866783866,18.420680753952364,,0.0,0,3,PRODUCTIVITY,Everyone
ColorNote Notepad Notes,4.6,14.69140337205159,18.420680753952364,,0.0,0,43,PRODUCTIVITY,Everyone
Note Everything,4.4,10.951402860214577,15.424948670398354,,0.0,0,660,PRODUCTIVITY,Everyone
Simple Notepad,4.3,9.419141561574516,13.815511557963774,0.6962890625,0.0,0,592,PRODUCTIVITY,Everyone
Keep My Notes - Notepad & Memo,4.6,11.715253876570518,15.424948670398354,4.7,0.0,0,146,PRODUCTIVITY,Everyone
Sticky Note + : Sync Notes,4.2,9.976180237929569,13.815511557963774,6.6,0.0,0,343,PRODUCTIVITY,Everyone
Notepad,4.2,11.29703057849193,16.118095750958314,2.5,0.0,0,662,PRODUCTIVITY,Everyone
Squid - Take Notes & Markup PDFs,4.2,10.52419843983136,13.815511557963774,19.0,0.0,0,19,PRODUCTIVITY,Everyone
Ultimate Notepad,4.0,9.27275163209758,15.424948670398354,,0.0,0,82,PRODUCTIVITY,Everyone
"JotterPad - Writer, Screenplay, Novel",4.6,10.966559015618477,13.815511557963774,11.0,0.0,0,39,PRODUCTIVITY,Everyone
"Evernote – Organizer, Planner for Notes & Memos",4.6,14.213210931728897,18.420680753952364,,0.0,0,6,PRODUCTIVITY,Everyone
Planning Center Services,4.3,8.54830418644129,13.122365377402328,,0.0,0,9,PRODUCTIVITY,Everyone
Calendar+ Schedule Planner App,4.0,9.103423089630105,13.815511557963774,5.7,0.0,0,570,PRODUCTIVITY,Everyone
Today Calendar 2017,4.2,9.701983176325399,13.815511557963774,9.0,0.0,0,836,PRODUCTIVITY,Everyone
New Calendar,4.5,10.165313210442681,13.815511557963774,6.9,0.0,0,20,PRODUCTIVITY,Everyone
Planner Pro-Personal Organizer,4.0,9.237079669165805,13.815511557963774,8.4,0.0,0,139,PRODUCTIVITY,Everyone
Calendar Widget Month + Agenda,4.2,11.016019182793048,15.424948670398354,1.9,0.0,0,70,PRODUCTIVITY,Everyone
DigiCal Calendar Agenda,4.4,11.802410910367104,15.424948670398354,,0.0,0,37,PRODUCTIVITY,Everyone
Time Recording - Timesheet App,4.6,10.060234858210652,13.815511557963774,,0.0,0,28,PRODUCTIVITY,Everyone
Jorte Calendar & Organizer,4.3,12.196284901459059,16.118095750958314,,0.0,0,10,PRODUCTIVITY,Everyone
Business Calendar 2,4.6,11.538544477587848,15.424948670398354,15.0,0.0,0,17,PRODUCTIVITY,Everyone
Google Calendar,4.2,13.66262857300323,20.030118658386467,,0.0,0,3,PRODUCTIVITY,Everyone
aCalendar - Android Phone,4.4,11.291280789779755,16.118095750958314,,0.0,0,45,PRODUCTIVITY,Everyone
aCalendar+ Calendar & Tasks,4.6,10.200624783758665,11.51293546492023,,5.99,1,45,PRODUCTIVITY,Everyone
Google Drive,4.4,14.820256024685772,20.72326583794641,,0.0,0,3,PRODUCTIVITY,Everyone
G Cloud Backup,4.6,12.49571529479459,15.424948670398354,,0.0,0,102,PRODUCTIVITY,Everyone
Unclouded - Cloud Manager,4.1,8.832149906002899,11.51293546492023,11.0,0.0,0,731,PRODUCTIVITY,Everyone
Amazon Drive,4.4,9.834673236535767,13.815511557963774,4.1,0.0,0,213,PRODUCTIVITY,Everyone
SugarSync,4.1,9.706316282491837,13.815511557963774,3.8,0.0,0,85,PRODUCTIVITY,Everyone
pCloud: Free Cloud Storage,4.3,9.689675328650802,13.815511557963774,,0.0,0,16,PRODUCTIVITY,Everyone
MediaFire,4.1,11.176515226427094,15.424948670398354,3.8,0.0,0,281,PRODUCTIVITY,Everyone
Cloud Print,4.1,12.551295766941081,20.030118658386467,,0.0,0,78,PRODUCTIVITY,Everyone
Baby Names,4.5,4.465908118654584,9.210440366976517,2.8,0.0,0,6,PARENTING,Everyone
My baby Piano,3.9,9.794899612119229,15.424948670398354,,0.0,0,74,PARENTING,Everyone
My baby Game (Balloon POP!),3.8,8.192847134592865,13.815511557963774,3.3,0.0,0,73,PARENTING,Everyone
Development of the child up to a year,4.6,7.254177846456518,11.51293546492023,14.0,0.0,0,20,PARENTING,Mature 17+
Favorite children's songs,4.7,3.6888794541139363,9.210440366976517,95.0,0.0,0,34,PARENTING,Everyone
Baby Panda Learns Shapes,4.0,8.240121298076472,13.815511557963774,42.0,0.0,0,49,PARENTING,Everyone
Mozart Baby Sleep,4.7,4.68213122712422,10.819798284210286,98.0,0.0,0,31,PARENTING,Teen
Kids Videos,4.1,6.327936783729195,11.51293546492023,6.4,0.0,0,81,PARENTING,Everyone
My baby firework,3.7,8.512582578858554,13.815511557963774,2.8,0.0,0,73,PARENTING,Everyone
Baby Food - Homemade Recipes,4.1,3.8066624897703196,9.210440366976517,3.6,0.0,0,2,PARENTING,Everyone
My baby Phone,3.7,9.137124309644923,13.815511557963774,2.4,0.0,0,73,PARENTING,Everyone
Baby Sleep: White noise lullabies for newborns,4.6,11.041112199319782,13.815511557963774,3.4,0.0,0,58,PARENTING,Everyone
Arabic Chat - Chat,4.4,5.093750200806762,9.210440366976517,1.5,0.0,0,100,PARENTING,Everyone
BookBaby - Baby Development,4.6,6.910750787961936,10.819798284210286,5.0,0.0,0,721,PARENTING,Everyone
Kids Craft Ideas,4.1,4.605170185988092,9.210440366976517,6.6,0.0,0,133,PARENTING,Everyone
Child Growth Tracking,4.4,6.212606095751519,10.819798284210286,,0.0,0,15,PARENTING,Everyone
Family Album Mitene: Private Photo & Video Sharing,4.7,10.44397876895787,13.815511557963774,,0.0,0,9,PARENTING,Everyone
Family GPS Tracker and Chat + Baby Monitor Online,4.4,9.113168460223909,13.122365377402328,,0.0,0,7,PARENTING,Everyone
How do I take care of my child?,4.8,5.25227342804663,11.51293546492023,6.8,0.0,0,46,PARENTING,Everyone
Baby Name Together,4.0,6.142037405587356,11.51293546492023,24.0,0.0,0,3,PARENTING,Everyone
White Noise for Baby,4.9,6.576469569048224,11.51293546492023,6.6,0.0,0,222,PARENTING,Everyone
The first year of a baby's life,4.8,8.923457979694966,11.51293546492023,9.1,0.0,0,579,PARENTING,Everyone
Safe365 – Cell Phone GPS Locator For Your Family,4.4,9.3502762122737,13.815511557963774,11.0,0.0,0,10,PARENTING,Everyone
Listen to the story~The Story of the Fairy Tales,4.7,4.248495242049359,8.517393171418904,5.8,0.0,0,30,PARENTING,Everyone
"Amazon FreeTime – Kids’ Videos, Books, & TV shows",4.2,7.906915488678587,13.122365377402328,24.0,0.0,0,16,PARENTING,Everyone
"Kids Fang - Infant Videos, Children's Songs, Fairy Tales, Lullaby Collections",4.6,5.857933154483459,11.51293546492023,4.4,0.0,0,141,PARENTING,Everyone
PPS Online,4.6,3.6375861597263857,9.210440366976517,16.0,0.0,0,31,PARENTING,Everyone
Johny Johny Yes Papa Nursery Rhyme - offline Video,4.5,6.693323668269949,13.122365377402328,11.0,0.0,0,5,PARENTING,Everyone
Latest Emmanuella Comedy Video,4.6,4.110873864173311,9.210440366976517,4.9,0.0,0,130,PARENTING,Everyone
Baby Care & Tracker,4.1,5.768320995793772,11.51293546492023,11.0,0.0,0,28,PARENTING,Everyone
Urban Limo Taxi Simulator,3.8,6.715383386334681,13.815511557963774,53.0,0.0,0,7,PARENTING,Everyone
Rainbow - Journal & Activities,4.8,8.805225202632306,11.51293546492023,20.0,0.0,0,134,PARENTING,Everyone
Classical music for baby,4.8,7.57095858316901,11.51293546492023,38.0,0.0,0,22,PARENTING,Everyone
My Child from eDziecko.pl,4.5,6.933423025730715,11.51293546492023,17.0,0.0,0,41,PARENTING,Everyone
Baby Panda Musical Genius,4.0,8.115819701211327,13.815511557963774,37.0,0.0,0,55,PARENTING,Everyone
Baby Monitor,4.4,8.583729715216482,13.815511557963774,5.2,0.0,0,132,PARENTING,Everyone
Daniel Tiger for Parents,4.7,5.5134287461649825,11.51293546492023,28.0,0.0,0,143,PARENTING,Everyone
Vegetable Fun,3.9,8.065579427282092,13.815511557963774,46.0,0.0,0,55,PARENTING,Everyone
It's open.,4.4,7.332369205929062,11.51293546492023,16.0,0.0,0,16,PARENTING,Everyone
Children's Stories 2018 - The Lion Come Lion,4.4,3.6888794541139363,9.210440366976517,18.0,0.0,0,282,PARENTING,Everyone
Feed Baby - Baby Tracker,4.5,11.248907834446046,13.815511557963774,18.0,0.0,0,8,PARENTING,Everyone
The Weather Channel: Rain Forecast & Storm Alerts,4.4,14.259194595556696,17.72753358339242,,0.0,0,8,WEATHER,Everyone
Weather forecast,4.8,11.979523301081132,13.815511557963774,10.0,0.0,0,93,WEATHER,Everyone
AccuWeather: Daily Forecast & Live Weather Reports,4.4,14.535009948829915,17.72753358339242,,0.0,0,3,WEATHER,Everyone
Live Weather Pro,4.8,6.794586580876499,9.210440366976517,17.0,0.0,0,23,WEATHER,Everyone
"Weather by WeatherBug: Forecast, Radar & Alerts",4.5,13.797342514008552,16.118095750958314,,0.0,0,63,WEATHER,Everyone
weather - weather forecast,4.7,9.31641063570325,13.815511557963774,9.7,0.0,0,105,WEATHER,Everyone
MyRadar NOAA Weather Radar,4.5,12.094777890384156,16.118095750958314,,0.0,0,5,WEATHER,Everyone
SMHI Weather,3.5,9.332380997885208,13.815511557963774,,0.0,0,44,WEATHER,Everyone
Free live weather on screen,4.4,9.640237896224932,13.815511557963774,21.0,0.0,0,7,WEATHER,Everyone
Weather Radar Widget,4.3,9.80890211004626,13.815511557963774,3.2,0.0,0,407,WEATHER,Everyone
Weather –Simple weather forecast,4.4,10.611695744521377,16.118095750958314,15.0,0.0,0,4,WEATHER,Everyone
Weather Crave,4.2,11.80065003651891,15.424948670398354,44.0,0.0,0,44,WEATHER,Everyone
Klara weather,4.6,10.515993929932415,13.122365377402328,4.8,0.0,0,12,WEATHER,Everyone
Yahoo Weather,4.4,14.087092211481375,16.118095750958314,,0.0,0,8,WEATHER,Everyone
Real time Weather Forecast,4.4,8.339261982923576,13.815511557963774,10.0,0.0,0,136,WEATHER,Everyone
METEO FRANCE,3.9,11.52282628964749,15.424948670398354,54.0,0.0,0,27,WEATHER,Everyone
APE Weather ( Live Forecast),4.3,9.903937451316493,15.424948670398354,9.1,0.0,0,37,WEATHER,Everyone
Live Weather & Daily Local Weather Forecast,4.5,9.505022884072709,13.815511557963774,19.0,0.0,0,23,WEATHER,Everyone
Weather,4.2,9.840228212896937,16.118095750958314,12.0,0.0,0,77,WEATHER,Everyone
Rainfall radar - weather,3.7,10.201441686258514,15.424948670398354,,0.0,0,27,WEATHER,Everyone
Yahoo! Weather for SH Forecast for understanding the approach of rain clouds Free,4.2,8.917042560738766,13.815511557963774,,0.0,0,7,WEATHER,Everyone
The Weather Network,3.9,11.815530632079865,15.424948670398354,,0.0,0,3,WEATHER,Everyone
Klart.se - Sweden's best weather,3.6,8.939056445334039,13.815511557963774,19.0,0.0,0,29,WEATHER,Everyone
"GO Weather - Widget, Theme, Wallpaper, Efficient",4.5,14.1681787857255,17.72753358339242,,0.0,0,6,WEATHER,Everyone
Info BMKG,4.3,9.971379818579047,13.815511557963774,7.6,0.0,0,420,WEATHER,Everyone
Weather From DMI/YR,4.3,7.670428522190693,11.51293546492023,,0.0,0,9,WEATHER,Everyone
wetter.com - Weather and Radar,4.2,12.151162291145267,16.118095750958314,38.0,0.0,0,3,WEATHER,Everyone
Storm Radar: Tornado Tracker & Hurricane Alerts,4.6,11.406108333406802,13.815511557963774,,0.0,0,58,WEATHER,Everyone
Yandex.Weather,4.5,12.643094558542556,16.118095750958314,,0.0,0,17,WEATHER,Everyone
Local Weather Forecast & Visual Widget,4.5,8.154500175151941,13.122365377402328,6.1,0.0,0,7,WEATHER,Everyone
Wetter by t-online.de,4.2,10.100287128510736,13.815511557963774,9.2,0.0,0,87,WEATHER,Everyone
HTC Weather,3.9,10.00581848363359,16.118095750958314,,0.0,0,364,WEATHER,Everyone
Weather Live Pro,4.8,9.7696132439798,11.51293546492023,11.0,4.49,1,111,WEATHER,Everyone
AEMET's time,3.8,9.678279371339702,13.815511557963774,9.2,0.0,0,388,WEATHER,Everyone
New 2018 Weather App & Widget,4.5,7.75491027202143,13.122365377402328,20.0,0.0,0,6,WEATHER,Teen
Météociel,4.5,10.286877452992435,13.122365377402328,22.0,0.0,0,15,WEATHER,Everyone
Climatempo Lite - 15 day weather forecast,4.0,6.453624998892692,11.51293546492023,,0.0,0,55,WEATHER,Everyone
ForecaWeather,4.2,9.821517989668877,13.815511557963774,5.3,0.0,0,376,WEATHER,Everyone
YouTube,4.3,17.060260969786583,20.72326583794641,,0.0,0,7,VIDEO_PLAYERS,Teen
All Video Downloader 2018,4.3,8.930361883909434,13.815511557963774,5.6,0.0,0,15,VIDEO_PLAYERS,Everyone
Video Downloader,4.2,10.98681698433972,16.118095750958314,5.4,0.0,0,6,VIDEO_PLAYERS,Everyone
HD Video Player,4.3,7.347299700743164,13.815511557963774,2.9,0.0,0,15,VIDEO_PLAYERS,Everyone
Iqiyi (for tablet),3.6,9.454462329675584,13.815511557963774,25.0,0.0,0,29,VIDEO_PLAYERS,Teen
Video Player All Format,4.8,12.464598784577861,16.118095750958314,,0.0,0,6,VIDEO_PLAYERS,Everyone
Motorola Gallery,3.9,11.71109576431852,18.420680753952364,23.0,0.0,0,927,VIDEO_PLAYERS,Everyone
Free TV series,3.7,5.993961427306569,11.51293546492023,7.2,0.0,0,73,VIDEO_PLAYERS,Teen
Video Player All Format for Android,4.6,8.27664912542186,13.122365377402328,3.3,0.0,0,14,VIDEO_PLAYERS,Everyone
VLC for Android,4.4,13.84708383464338,18.420680753952364,,0.0,0,10,VIDEO_PLAYERS,Everyone
Code,4.4,12.38523505078895,16.118095750958314,,0.0,0,263,VIDEO_PLAYERS,Everyone
Vote for,4.2,12.172422786315218,17.72753358339242,17.0,0.0,0,6,VIDEO_PLAYERS,Teen
XX HD Video downloader-Free Video Downloader,4.1,8.939187601475613,13.815511557963774,6.0,0.0,0,111,VIDEO_PLAYERS,Everyone
OBJECTIVE,3.8,9.890351653142988,13.815511557963774,33.0,0.0,0,2,VIDEO_PLAYERS,Teen
Music - Mp3 Player,4.4,12.466920376025723,16.118095750958314,3.1,0.0,0,6,VIDEO_PLAYERS,Everyone
HD Movie Video Player,4.5,9.836278802842678,13.815511557963774,4.1,0.0,0,135,VIDEO_PLAYERS,Everyone
"YouCut - Video Editor & Video Maker, No Watermark",4.6,11.501055292399741,15.424948670398354,27.0,0.0,0,3,VIDEO_PLAYERS,Everyone
"Video Editor,Crop Video,Movie Video,Music,Effects",4.7,10.87817925928476,13.815511557963774,44.0,0.0,0,6,VIDEO_PLAYERS,Everyone
YouTube Studio,4.3,12.987509968444026,16.118095750958314,,0.0,0,42,VIDEO_PLAYERS,Teen
video player for android,4.5,12.769022868054469,16.118095750958314,13.0,0.0,0,660,VIDEO_PLAYERS,Everyone
Vigo Video,4.3,14.2952151057744,17.72753358339242,,0.0,0,6,VIDEO_PLAYERS,Teen
Google Play Movies & TV,3.7,13.717219439574002,20.72326583794641,,0.0,0,3,VIDEO_PLAYERS,Teen
HTC Service － DLNA,3.9,8.156223323194624,16.118095750958314,3.0,0.0,0,980,VIDEO_PLAYERS,Everyone
VPlayer,3.6,8.637639344492104,13.815511557963774,,0.0,0,119,VIDEO_PLAYERS,Everyone
MiniMovie - Free Video and Slideshow Editor,4.5,13.131965132660596,17.72753358339242,,0.0,0,239,VIDEO_PLAYERS,Everyone
Samsung Video Library,4.4,10.162885884509508,17.72753358339242,6.1,0.0,0,92,VIDEO_PLAYERS,Everyone
OnePlus Gallery,3.8,8.622633703874234,13.815511557963774,64.0,0.0,0,28,VIDEO_PLAYERS,Everyone
LIKE – Magic Video Maker & Community,4.6,13.734158410014565,17.72753358339242,47.0,0.0,0,5,VIDEO_PLAYERS,Teen
HTC Service—Video Player,4.2,8.771835409789817,15.424948670398354,,0.0,0,1273,VIDEO_PLAYERS,Everyone
Play Tube,4.3,9.672500823760892,13.815511557963774,5.4,0.0,0,35,VIDEO_PLAYERS,Everyone
Droid Zap by Motorola,3.8,7.646831391430482,15.424948670398354,,0.0,0,1283,VIDEO_PLAYERS,Everyone
video player,4.4,10.181952275438299,13.815511557963774,,0.0,0,71,VIDEO_PLAYERS,Everyone
G Guide Program Guide (SOFTBANK EMOBILE WILLCOM version),3.1,7.897296472595885,13.815511557963774,,0.0,0,22,VIDEO_PLAYERS,Everyone
Video.Guru - Video Maker,4.6,10.517862051930678,13.815511557963774,27.0,0.0,0,3,VIDEO_PLAYERS,Everyone
HTC Gallery,4.1,10.730837775113635,16.118095750958314,,0.0,0,797,VIDEO_PLAYERS,Everyone
"PowerDirector Video Editor App: 4K, Slow Mo & More",4.5,13.479570579668463,16.118095750958314,50.0,0.0,0,16,VIDEO_PLAYERS,Everyone
Cartoon Network App,4.0,11.688583201081919,16.118095750958314,,0.0,0,49,VIDEO_PLAYERS,Everyone 10+
Video Status,4.3,8.807771066980044,13.815511557963774,4.0,0.0,0,7,VIDEO_PLAYERS,Everyone
SVT Play,3.7,9.35444071594994,13.815511557963774,,0.0,0,27,VIDEO_PLAYERS,Teen
BluTV,3.9,10.269379885524469,13.815511557963774,,0.0,0,14,VIDEO_PLAYERS,Teen
Tencent Video - Supporting the whole network,3.5,9.488426550754516,13.815511557963774,44.0,0.0,0,9,VIDEO_PLAYERS,Teen
Casper Ssinema,3.3,7.140453043101158,9.210440366976517,2.5,0.0,0,1379,VIDEO_PLAYERS,Everyone
amazer - Global Kpop Video Community,4.3,7.103322062526113,11.51293546492023,23.0,0.0,0,20,VIDEO_PLAYERS,Everyone 10+
MX Player,4.5,15.683408662344108,20.030118658386467,,0.0,0,3,VIDEO_PLAYERS,Everyone
Video Editor,4.1,11.980570063890646,15.424948670398354,23.0,0.0,0,23,VIDEO_PLAYERS,Everyone
"Omlet Arcade - Stream, Meet, Play",4.4,12.043353696029731,16.118095750958314,14.0,0.0,0,7,VIDEO_PLAYERS,Teen
VUE: video editor & camcorder,4.4,10.561810341941893,13.815511557963774,89.0,0.0,0,4,VIDEO_PLAYERS,Everyone
"Fox News – Breaking News, Live Video & News Alerts",4.5,12.428896145633459,16.118095750958314,,0.0,0,10,NEWS_AND_MAGAZINES,Everyone 10+
"NEW - Read Newspaper, News 24h",4.4,11.971596370798336,16.118095750958314,,0.0,0,13,NEWS_AND_MAGAZINES,Everyone
BaBe + - Indonesian News,4.3,10.660196214585818,13.815511557963774,16.0,0.0,0,8,NEWS_AND_MAGAZINES,Everyone 10+
daily News,4.5,10.181573731314462,13.815511557963774,26.0,0.0,0,136,NEWS_AND_MAGAZINES,Everyone
"Free TV Shows App:News, TV Series, Episode, Movies",4.6,10.299137987255902,13.815511557963774,11.0,0.0,0,7,NEWS_AND_MAGAZINES,Teen
News24,4.1,10.33182247473504,13.815511557963774,,0.0,0,8,NEWS_AND_MAGAZINES,Everyone 10+
"Le Monde, the continuous news",4.2,11.333308248150352,15.424948670398354,,0.0,0,22,NEWS_AND_MAGAZINES,Everyone
Wireless news,3.5,8.710619527942297,13.815511557963774,56.0,0.0,0,115,NEWS_AND_MAGAZINES,Everyone
CNN Breaking US & World News,4.0,12.588204300305748,16.118095750958314,25.0,0.0,0,3,NEWS_AND_MAGAZINES,Everyone 10+
Gnoche entertainment news · sports news is also free,3.8,10.901487295336825,15.424948670398354,,0.0,0,17,NEWS_AND_MAGAZINES,Everyone
BaBe - Read News,4.3,12.782466884704414,16.118095750958314,17.0,0.0,0,8,NEWS_AND_MAGAZINES,Teen
Nigeria News NAIJ.com,4.3,10.542257741629742,13.815511557963774,9.1,0.0,0,69,NEWS_AND_MAGAZINES,Teen
detikcom - Latest & Most Complete News,4.1,12.159447386262126,16.118095750958314,11.0,0.0,0,27,NEWS_AND_MAGAZINES,Teen
"Dailyhunt (Newshunt) - Latest News, Viral Videos",4.3,13.762319674819773,17.72753358339242,,0.0,0,21,NEWS_AND_MAGAZINES,Teen
BaBe Lite - Read Quota Saving News,4.5,9.164191715950203,13.815511557963774,15.0,0.0,0,8,NEWS_AND_MAGAZINES,Everyone
ARY NEWS URDU,4.4,6.977281341630747,13.122365377402328,9.7,0.0,0,15,NEWS_AND_MAGAZINES,Everyone
Bengali Newspaper - The first L.,4.0,9.385049695767997,13.815511557963774,5.5,0.0,0,39,NEWS_AND_MAGAZINES,Everyone
"Read- Latest News, Information, Gossip and Politics",4.1,12.128429972135551,16.118095750958314,6.7,0.0,0,8,NEWS_AND_MAGAZINES,Teen
"Reddit: Social News, Trending Memes & Funny Videos",4.6,13.45484623846679,16.118095750958314,,0.0,0,7,NEWS_AND_MAGAZINES,Mature 17+
BBC Persian | BBC Farsi News,4.3,6.88653164253051,11.51293546492023,2.9,0.0,0,89,NEWS_AND_MAGAZINES,Everyone
Opera News - Trending news and videos,4.5,10.852922883002584,16.118095750958314,8.5,0.0,0,9,NEWS_AND_MAGAZINES,Teen
"Topbuzz: Breaking News, Videos & Funny GIFs",4.7,12.073175337545774,16.118095750958314,25.0,0.0,0,3,NEWS_AND_MAGAZINES,Mature 17+
Twitter,4.3,16.272309528788544,20.030118658386467,,0.0,0,3,NEWS_AND_MAGAZINES,Mature 17+
"Pulse Nabd - World News, Urgent",4.5,12.788134622295427,16.118095750958314,12.0,0.0,0,28,NEWS_AND_MAGAZINES,Everyone
Asahi Shimbun Digital,3.1,6.601230118728877,13.122365377402328,6.3,0.0,0,15,NEWS_AND_MAGAZINES,Everyone
"Breaking News, Local news, Attacks and Alerts Free",4.7,7.841492924460013,13.122365377402328,6.3,0.0,0,21,NEWS_AND_MAGAZINES,Everyone
WE,3.8,9.842622276764853,13.815511557963774,,0.0,0,44,NEWS_AND_MAGAZINES,Everyone 10+
Sky News,4.0,10.318506873449104,13.815511557963774,19.0,0.0,0,6,NEWS_AND_MAGAZINES,Everyone 10+
Microsoft News,4.2,10.357901542376156,13.815511557963774,31.0,0.0,0,10,NEWS_AND_MAGAZINES,Everyone 10+
"Onet - news, weather, sport",4.0,9.543306469268108,13.815511557963774,,0.0,0,3,NEWS_AND_MAGAZINES,Mature 17+
"Vietnam Today - Read online newspapers, the hottest news 24h",4.2,9.959300617355341,15.424948670398354,9.0,0.0,0,3,NEWS_AND_MAGAZINES,Teen
Apple Daily Apple News,3.4,10.63323181522976,15.424948670398354,25.0,0.0,0,16,NEWS_AND_MAGAZINES,Teen
"The Report, Fox, Breitbart - Conservative News",4.6,7.645397699428633,10.819798284210286,4.6,0.0,0,4,NEWS_AND_MAGAZINES,Everyone
РИА Новости,4.5,10.698175462651035,13.815511557963774,8.0,0.0,0,3,NEWS_AND_MAGAZINES,Everyone
Tencent News,4.0,8.854664928370534,13.815511557963774,23.0,0.0,0,9,NEWS_AND_MAGAZINES,Everyone
ARY NEWS,4.4,7.992944547318106,13.815511557963774,9.8,0.0,0,5,NEWS_AND_MAGAZINES,Everyone
Kurio - Read the Latest News,4.2,10.600825937714541,13.815511557963774,8.7,0.0,0,10,NEWS_AND_MAGAZINES,Everyone
Daily Mail Online,4.1,10.94743243986193,15.424948670398354,,0.0,0,10,NEWS_AND_MAGAZINES,Everyone 10+
Loop - Caribbean Local News,4.0,8.374015421739909,13.815511557963774,12.0,0.0,0,146,NEWS_AND_MAGAZINES,Everyone
"AD - News, Sports, Region & Entertainment",3.7,9.247925132303454,13.815511557963774,,0.0,0,12,NEWS_AND_MAGAZINES,Everyone
Podcast Addict,4.6,12.933621252807452,15.424948670398354,10.0,0.0,0,6,NEWS_AND_MAGAZINES,Teen
Podcast Republic - Podcast Player & Radio Player,4.5,11.112134416406944,13.815511557963774,,0.0,0,3,NEWS_AND_MAGAZINES,Teen
Spreaker Podcast Radio,4.5,9.781545881730885,13.122365377402328,6.6,0.0,0,63,NEWS_AND_MAGAZINES,Teen
BeyondPod Podcast Manager,3.9,10.377296432622842,13.815511557963774,,0.0,0,118,NEWS_AND_MAGAZINES,Everyone
Dezeen Magazine RSS Reader,4.3,5.860786223465865,9.210440366976517,14.0,0.0,0,18,NEWS_AND_MAGAZINES,Everyone
"issuu - Read Magazines, Catalogs, Newspapers.",4.4,11.217560622139024,13.815511557963774,8.6,0.0,0,22,NEWS_AND_MAGAZINES,Everyone
"BuzzFeed: News, Tasty, Quizzes",4.3,11.783173951729472,15.424948670398354,13.0,0.0,0,10,NEWS_AND_MAGAZINES,Teen
Fast News,4.4,11.349912295709041,13.815511557963774,,0.0,0,208,NEWS_AND_MAGAZINES,Everyone 10+
LA Times: Your California News,3.6,8.10530751550515,11.51293546492023,10.0,0.0,0,107,NEWS_AND_MAGAZINES,Everyone
The Washington Post Classic,4.5,10.050138752861821,13.815511557963774,,0.0,0,23,NEWS_AND_MAGAZINES,Everyone 10+
Chicago Tribune,3.6,7.2305631534092925,11.51293546492023,,0.0,0,14,NEWS_AND_MAGAZINES,Everyone
World Newspapers,4.4,12.132883481911813,13.815511557963774,7.5,0.0,0,326,NEWS_AND_MAGAZINES,Mature 17+
The Wall Street Journal: Business & Market News,4.1,10.620741808439307,13.815511557963774,36.0,0.0,0,7,NEWS_AND_MAGAZINES,Everyone 10+
Financial Times,4.2,10.207473491694438,13.815511557963774,8.2,0.0,0,6,NEWS_AND_MAGAZINES,Everyone 10+
The Guardian,4.7,12.421155798942312,15.424948670398354,22.0,0.0,0,15,NEWS_AND_MAGAZINES,Teen
Digg,3.9,8.717027173294824,11.51293546492023,,0.0,0,881,NEWS_AND_MAGAZINES,Teen
News360: Personalized News,4.4,10.332766838743547,13.815511557963774,,0.0,0,7,NEWS_AND_MAGAZINES,Teen
BBC News,4.3,12.600753141535995,16.118095750958314,,0.0,0,16,NEWS_AND_MAGAZINES,Everyone 10+
RT News (Russia Today),4.6,10.94243829714617,13.815511557963774,14.0,0.0,0,3,NEWS_AND_MAGAZINES,Teen
Reuters News,4.3,9.485696794737327,13.815511557963774,25.0,0.0,0,64,NEWS_AND_MAGAZINES,Everyone 10+
Bloomberg: Market & Financial News,4.2,11.029925751269287,16.118095750958314,27.0,0.0,0,15,NEWS_AND_MAGAZINES,Everyone
Sync for reddit,4.6,11.046770420412676,13.122365377402328,8.6,0.0,0,54,NEWS_AND_MAGAZINES,Mature 17+
AP Mobile - Breaking News,4.5,11.24737011439898,13.815511557963774,4.6,0.0,0,441,NEWS_AND_MAGAZINES,Everyone 10+
HuffPost - News,4.2,11.266449313329572,13.815511557963774,12.0,0.0,0,6,NEWS_AND_MAGAZINES,Everyone 10+
News Republic,4.3,13.08069727672669,16.118095750958314,18.0,0.0,0,12,NEWS_AND_MAGAZINES,Teen
Newsroom: News Worth Sharing,4.2,12.214725104809313,16.118095750958314,,0.0,0,37,NEWS_AND_MAGAZINES,Everyone 10+
SmartNews: Breaking News Headlines,4.2,12.36010617563853,16.118095750958314,3.1,0.0,0,6,NEWS_AND_MAGAZINES,Everyone
Updates for Samsung - Android Update Versions,4.0,11.294383808675704,16.118095750958314,,0.0,0,84,NEWS_AND_MAGAZINES,Everyone
AC - Tips & News for Android™,4.2,10.055908165231354,13.815511557963774,14.0,0.0,0,77,NEWS_AND_MAGAZINES,Everyone 10+
NPR News,4.0,10.118235963061956,13.815511557963774,,0.0,0,20,NEWS_AND_MAGAZINES,Everyone
CBS News,4.3,10.070780070310322,13.815511557963774,23.0,0.0,0,41,NEWS_AND_MAGAZINES,Everyone 10+
Haystack TV: Local & World News - Free,4.3,8.212025804623437,11.51293546492023,,0.0,0,7,NEWS_AND_MAGAZINES,Everyone 10+
NPR One,3.9,9.489334816030398,13.815511557963774,8.8,0.0,0,6,NEWS_AND_MAGAZINES,Teen
ABC News - US & World News,4.0,9.85098299855398,13.815511557963774,35.0,0.0,0,64,NEWS_AND_MAGAZINES,Everyone 10+
USA TODAY,4.1,10.804867671674529,15.424948670398354,,0.0,0,7,NEWS_AND_MAGAZINES,Everyone 10+
NBC News,4.1,11.05122328316379,15.424948670398354,,0.0,0,177,NEWS_AND_MAGAZINES,Everyone 10+
JailBase - Arrests + Mugshots,4.0,9.75504554717585,13.815511557963774,,0.0,0,6,NEWS_AND_MAGAZINES,Everyone 10+
Pocket,4.5,12.455589347758375,16.118095750958314,12.0,0.0,0,16,NEWS_AND_MAGAZINES,Everyone
"AOL - News, Mail & Video",4.1,11.042377687702809,15.424948670398354,,0.0,0,7,NEWS_AND_MAGAZINES,Everyone 10+
NYTimes - Latest News,3.9,11.061123181653699,16.118095750958314,23.0,0.0,0,8,NEWS_AND_MAGAZINES,Everyone 10+
BaconReader for Reddit,4.5,11.5432121575751,13.815511557963774,,0.0,0,38,NEWS_AND_MAGAZINES,Mature 17+
Flipboard: News For Our Time,4.4,14.06550556063035,20.030118658386467,,0.0,0,6,NEWS_AND_MAGAZINES,Everyone 10+
"Waze - GPS, Maps, Traffic Alerts & Live Navigation",4.6,15.794113290091905,18.420680753952364,,0.0,0,11,MAPS_AND_NAVIGATION,Everyone
"T map (te map, T map, navigation)",4.2,9.660268836790868,15.424948670398354,,0.0,0,7,MAPS_AND_NAVIGATION,Everyone
"MapQuest: Directions, Maps, GPS & Navigation",4.1,10.88710042767444,16.118095750958314,,0.0,0,79,MAPS_AND_NAVIGATION,Everyone
"Yahoo! transit guide free timetable, operation information, transfer search",4.4,11.559818592808288,16.118095750958314,22.0,0.0,0,14,MAPS_AND_NAVIGATION,Everyone
乗換NAVITIME　Timetable & Route Search in Japan Tokyo,4.4,10.828936222195049,15.424948670398354,,0.0,0,14,MAPS_AND_NAVIGATION,Everyone
Transit: Real-Time Transit App,4.2,10.67521483321893,15.424948670398354,,0.0,0,22,MAPS_AND_NAVIGATION,Everyone
Mapy.cz - Cycling & Hiking offline maps,4.5,10.94100427517765,13.815511557963774,43.0,0.0,0,44,MAPS_AND_NAVIGATION,Everyone
Uber,4.2,15.410529210741347,18.420680753952364,,0.0,0,3,MAPS_AND_NAVIGATION,Everyone
GPS Navigation & Offline Maps Sygic,4.4,14.167494014063754,17.72753358339242,33.0,0.0,0,14,MAPS_AND_NAVIGATION,Everyone
Map and Router Badge,4.4,8.203304026795282,13.122365377402328,32.0,0.0,0,15,MAPS_AND_NAVIGATION,Everyone
Yandex.Transport,4.0,11.746280699120815,16.118095750958314,,0.0,0,10,MAPS_AND_NAVIGATION,Everyone
Air Traffic,4.3,9.55470991405776,13.815511557963774,6.8,0.0,0,16,MAPS_AND_NAVIGATION,Everyone
Speed Cameras Radar,4.4,9.836866865194231,13.815511557963774,4.0,0.0,0,6,MAPS_AND_NAVIGATION,Everyone
Atlan3D Navigation: Korea navigator,4.2,10.001702600033083,13.815511557963774,,0.0,0,9,MAPS_AND_NAVIGATION,Everyone
Compass,4.3,12.565336734737624,16.118095750958314,3.7,0.0,0,730,MAPS_AND_NAVIGATION,Everyone
"Mappy - Plan, route comparison, GPS",4.1,9.675519883856426,13.815511557963774,,0.0,0,14,MAPS_AND_NAVIGATION,Everyone
Gps Route Finder,4.4,6.481577129276431,11.51293546492023,3.4,0.0,0,75,MAPS_AND_NAVIGATION,Everyone
"My Location: GPS Maps, Share & Save Places",4.3,10.301222862582351,15.424948670398354,,0.0,0,5,MAPS_AND_NAVIGATION,Everyone
"Yanosik: ""antyradar"", traffic jams, navigation, camera",4.4,11.535166293906125,15.424948670398354,,0.0,0,8,MAPS_AND_NAVIGATION,Everyone
NAVITIME - Map & Transfer Navi,4.2,10.62682440425913,15.424948670398354,,0.0,0,6,MAPS_AND_NAVIGATION,Everyone
Sygic Car Navigation,4.7,11.995660208569694,15.424948670398354,48.0,0.0,0,2,MAPS_AND_NAVIGATION,Everyone
Czech Public Transport IDOS,4.3,10.166428573724405,13.815511557963774,7.7,0.0,0,276,MAPS_AND_NAVIGATION,Everyone
Karta GPS - Offline Navigation,4.5,10.888613810185714,13.815511557963774,60.0,0.0,0,97,MAPS_AND_NAVIGATION,Everyone
Circle ratio,3.7,9.265112607823163,13.815511557963774,60.0,0.0,0,6,MAPS_AND_NAVIGATION,Everyone
Soviet Military Maps Free,4.3,9.979985523508853,13.815511557963774,5.6,0.0,0,8,MAPS_AND_NAVIGATION,Everyone
"Truck Car Navi by Navitime Large size car, traffic jam, traffic closure, live camera, typhoon / precipitation map",4.2,8.211482916445066,11.51293546492023,,0.0,0,7,MAPS_AND_NAVIGATION,Everyone
Sentin Information Map,4.1,7.975908360165538,11.51293546492023,5.2,0.0,0,44,MAPS_AND_NAVIGATION,Everyone
Snapp,4.5,10.543708527286668,13.815511557963774,25.0,0.0,0,8,MAPS_AND_NAVIGATION,Everyone
GPS Speedometer and Odometer,4.8,9.671933733861948,13.815511557963774,3.3,0.0,0,6,MAPS_AND_NAVIGATION,Everyone
GPS Traffic Speedcam Route Planner by ViaMichelin,4.3,11.065403224873476,15.424948670398354,29.0,0.0,0,12,MAPS_AND_NAVIGATION,Everyone
Trucker Path – Truck Stops & Weigh Stations,4.7,10.5551875431819,13.815511557963774,49.0,0.0,0,14,MAPS_AND_NAVIGATION,Everyone
Map Coordinates,4.3,9.720645860495285,13.815511557963774,3.6,0.0,0,23,MAPS_AND_NAVIGATION,Everyone
Grab Driver,4.2,12.616240013996233,15.424948670398354,48.0,0.0,0,8,MAPS_AND_NAVIGATION,Everyone
SBB Mobile,3.7,9.933337574505014,13.815511557963774,,0.0,0,3,MAPS_AND_NAVIGATION,Everyone
"GPS Speedometer, Distance Meter",4.6,9.686263943732909,13.815511557963774,5.4,0.0,0,9,MAPS_AND_NAVIGATION,Everyone
Blitzer.de,4.5,11.091193770398117,15.424948670398354,18.0,0.0,0,31,MAPS_AND_NAVIGATION,Everyone
GPS Speedometer - Trip Meter - Altimeter,4.3,10.380528859133515,13.815511557963774,3.2,0.0,0,14,MAPS_AND_NAVIGATION,Everyone
Radarbot Free: Speed Camera Detector & Speedometer,4.5,10.6998454395692,15.424948670398354,11.0,0.0,0,34,MAPS_AND_NAVIGATION,Everyone
FindShip,4.2,10.055349901845375,13.815511557963774,8.5,0.0,0,105,MAPS_AND_NAVIGATION,Everyone
ÖBB Scotty,4.2,9.439306936593182,13.815511557963774,24.0,0.0,0,171,MAPS_AND_NAVIGATION,Everyone
Subway Terminator: Smarter Subway,4.3,11.164176172769997,16.118095750958314,26.0,0.0,0,23,MAPS_AND_NAVIGATION,Everyone
Alopec - Online Shipping System,4.3,7.123672785204607,11.51293546492023,14.0,0.0,0,280,MAPS_AND_NAVIGATION,Everyone
Yandex.Trains,4.4,10.941500219075309,15.424948670398354,,0.0,0,9,MAPS_AND_NAVIGATION,Everyone
NAVITIME Bus Transit JAPAN,3.7,8.84505705350085,13.815511557963774,,0.0,0,17,MAPS_AND_NAVIGATION,Everyone
hum app,4.4,9.23200401161221,13.815511557963774,78.0,0.0,0,9,MAPS_AND_NAVIGATION,Everyone
Moovit: Bus Time & Train Time Live Info,4.4,13.333398719319229,16.118095750958314,,0.0,0,4,MAPS_AND_NAVIGATION,Everyone
"Dynavix - Navigation, Maps, Traffic data & Cameras",4.2,7.4318919168078,10.819798284210286,,0.0,0,6,MAPS_AND_NAVIGATION,Everyone
National Rail Enquiries,3.5,9.844692506025623,13.815511557963774,7.0,0.0,0,77,MAPS_AND_NAVIGATION,Everyone
ixigo Cabs-Compare & Book Taxi,4.2,9.379154445411636,13.815511557963774,9.2,0.0,0,122,MAPS_AND_NAVIGATION,Everyone
Maps & GPS Navigation — OsmAnd,4.2,11.01598630968325,15.424948670398354,,0.0,0,3,MAPS_AND_NAVIGATION,Everyone
Flashlight,4.5,11.997423540366416,16.118095750958314,4.9,0.0,0,34,TOOLS,Everyone
aa,4.2,13.69494502976348,17.72753358339242,6.5,0.0,0,40,FAMILY,Everyone
A Call From Santa Claus!,3.9,8.221747728346623,13.815511557963774,11.0,0.0,0,613,FAMILY,Everyone
Rope Hero Return of a Legend,4.3,9.20552881497896,13.815511557963774,96.0,0.0,0,713,GAME,Mature 17+
A Word A Day,3.7,7.782807262839695,13.122365377402328,2.9,0.0,0,581,FAMILY,Everyone
Draw a Stickman: EPIC 2 Free,4.3,12.270647103522009,16.118095750958314,24.0,0.0,0,56,GAME,Everyone
Akinator,4.3,14.406292177952164,17.72753358339242,55.0,0.0,0,59,FAMILY,Teen
Dog Sim Online: Raise a Family,4.6,11.461526901884229,15.424948670398354,74.0,0.0,0,109,FAMILY,Teen
Color by Number - Draw Sandbox Pixel Art,4.6,9.234837843576571,13.815511557963774,15.0,0.0,0,13,FAMILY,Everyone
A+ Mobile,3.9,6.594413459749778,9.210440366976517,6.3,0.0,0,44,FINANCE,Everyone
Build a Bridge!,4.6,12.481637854390717,16.118095750958314,74.0,0.0,0,7,FAMILY,Everyone
UNO ™ & Friends,4.1,14.36279809288644,17.72753358339242,,0.0,0,323,GAME,Everyone
Find a Way: Addictive Puzzle,4.8,10.583574822507286,13.122365377402328,14.0,0.0,0,419,FAMILY,Everyone
CompTIA A+ Pocket Prep,4.3,7.179307969504034,9.210440366976517,14.0,0.0,0,29,FAMILY,Everyone
Comptia A+ 220-901 & 220-902,4.4,5.1647859739235145,9.210440366976517,5.7,0.0,0,112,FAMILY,Everyone
Create A Superhero HD,3.3,9.064505023752638,13.122365377402328,19.0,0.0,0,222,FAMILY,Teen
Azar,4.2,13.9038309112039,17.72753358339242,,0.0,0,16,COMMUNICATION,Mature 17+
4 in a Row,3.8,8.356554845453426,13.122365377402328,,0.0,0,88,GAME,Everyone
Super Mario Run,3.7,14.015915127108867,18.420680753952364,70.0,0.0,0,28,GAME,Everyone
STARDOM: THE A-LIST,4.5,11.935961954826618,13.815511557963774,29.0,0.0,0,1427,GAME,Teen
LokLok: Draw on a Lock Screen,4.1,9.600150240473774,13.122365377402328,16.0,0.0,0,323,COMMUNICATION,Teen
The Tribez: Build a Village,4.4,14.43198455595284,16.118095750958314,,0.0,0,27,FAMILY,Everyone
Photo Warp,3.7,12.77519453553647,17.72753358339242,13.0,0.0,0,258,FAMILY,Everyone
CompTIA Exam Training,4.8,8.024207485778577,10.819798284210286,17.0,0.0,0,37,FAMILY,Everyone
Magisto Video Editor & Maker,4.3,13.775445568510035,16.118095750958314,,0.0,0,7,VIDEO_PLAYERS,Everyone
Glow Hockey,4.1,14.348183775480043,18.420680753952364,,0.0,0,18,GAME,Everyone
Asphalt 8: Airborne,4.5,15.942517108855702,18.420680753952364,92.0,0.0,0,36,GAME,Teen
Basketball Stars,4.4,13.673855975675593,16.118095750958314,45.0,0.0,0,26,SPORTS,Everyone
Lep's World 2 🍀🍀,4.3,13.59051905022989,18.420680753952364,57.0,0.0,0,63,GAME,Everyone 10+
Wolfify - Be a Werewolf,3.8,8.818926087090677,13.122365377402328,26.0,0.0,0,1155,FAMILY,Everyone
Law of Creation: A Playable Manga,4.5,9.48181684008103,13.122365377402328,47.0,0.0,0,45,GAME,Teen
Real City Car Driver,3.7,12.932678779833784,16.118095750958314,22.0,0.0,0,8,GAME,Mature 17+
Rolling Sky,4.5,13.926347749218898,17.72753358339242,50.0,0.0,0,6,GAME,Everyone
Gymnastics Superstar - Spin your way to gold!,4.6,12.630575382515476,16.118095750958314,34.0,0.0,0,9,FAMILY,Everyone
Fake Call - Fake Caller ID,4.3,11.949042628633384,16.118095750958314,,0.0,0,7,PRODUCTIVITY,Everyone
SuperCity: Build a Story,4.4,11.496033597300011,13.815511557963774,70.0,0.0,0,12,FAMILY,Everyone
4 in a row,4.3,10.77266571229609,15.424948670398354,4.1,0.0,0,849,GAME,Everyone
Four In A Line Free,4.3,11.799577006607485,15.424948670398354,11.0,0.0,0,59,GAME,Everyone
Like A Boss,4.4,9.745077815788486,13.122365377402328,94.0,0.0,0,8,FAMILY,Everyone 10+
AutoCAD - DWG Viewer & Editor,4.2,11.885102626212218,16.118095750958314,24.0,0.0,0,17,PRODUCTIVITY,Everyone
Hungry Hearts Diner: A Tale of Star-Crossed Souls,4.9,10.741903225687317,13.122365377402328,56.0,0.0,0,183,FAMILY,Everyone 10+
Dragon Sim Online: Be A Dragon,4.6,11.623947921546355,15.424948670398354,66.0,0.0,0,163,FAMILY,Teen
Fortune City - A Finance App,4.6,10.805192426081865,13.122365377402328,91.0,0.0,0,23,FINANCE,Everyone
Draw A Stickman,3.4,10.284181711652371,13.815511557963774,17.0,0.0,0,447,GAME,Everyone
Be A Legend: Soccer,3.8,11.359354617007979,13.815511557963774,21.0,0.0,0,1081,SPORTS,Everyone
Bible,4.7,14.707793802496147,18.420680753952364,,0.0,0,7,BOOKS_AND_REFERENCE,Teen
Cat Sim Online: Play with Cats,4.6,11.829187705617622,15.424948670398354,81.0,0.0,0,109,FAMILY,Everyone 10+
Four In A Line,3.8,10.007487142554613,13.815511557963774,3.0,0.0,0,1193,GAME,Everyone
Tik Tok - including musical.ly,4.4,15.544942748344406,18.420680753952364,59.0,0.0,0,6,SOCIAL,Teen
Disney Magic Timer by Oral-B,3.9,10.343740486129956,13.815511557963774,83.0,0.0,0,54,FAMILY,Everyone
B-Messenger Video Chat,4.1,9.433163872079467,13.815511557963774,19.0,0.0,0,355,SOCIAL,Mature 17+
Bestie - Camera360 Selfie,4.5,13.14802527618259,16.118095750958314,23.0,0.0,0,7,PHOTOGRAPHY,Everyone
B,3.7,6.68586094706836,10.819798284210286,32.0,0.0,0,49,FINANCE,Everyone
BIGO LIVE - Live Stream,4.4,14.66967989842104,18.420680753952364,39.0,0.0,0,13,SOCIAL,Teen
B-BLE(BLE4.0 Scan),3.8,5.075173815233827,9.210440366976517,7.5,0.0,0,111,TOOLS,Everyone
Cardi B Piano Game,3.1,3.9318256327243257,9.210440366976517,7.4,0.0,0,267,GAME,Everyone
ADS-B Driver,5.0,1.0986122886681098,4.61512051684126,6.3,1.99,1,86,TOOLS,Everyone
MORTAL KOMBAT X,4.4,14.927331888517214,16.118095750958314,18.0,0.0,0,43,GAME,Mature 17+
► MultiCraft ― Free Miner! 👍,4.3,14.08175267843508,17.72753358339242,,0.0,0,11,GAME,Everyone 10+
B.GOOD,2.9,5.049856007249537,9.210440366976517,20.0,0.0,0,127,FOOD_AND_DRINK,Everyone
B-Dubs®,3.1,8.02059914989697,13.122365377402328,,0.0,0,35,LIFESTYLE,Everyone
Oral-B App,3.3,9.561771591591862,13.815511557963774,96.0,0.0,0,21,HEALTH_AND_FITNESS,Everyone
Smart Launcher theme b. gold,4.1,5.676753802268282,8.517393171418904,35.0,1.99,1,656,PERSONALIZATION,Everyone
EMT Tutor NREMT-B Study Guide,4.6,6.439350371100098,9.210440366976517,8.4,3.99,1,578,MEDICAL,Everyone
Next Launcher 3D Theme Hit-B,4.4,4.430816798843313,6.90875477931522,8.6,1.7,1,1089,PERSONALIZATION,Everyone
Pixel Gun 3D: Survival shooter & Battle Royale,4.5,15.316735668614978,17.72753358339242,55.0,0.0,0,36,GAME,Teen
B-52 Spirits of Glory Deluxe,4.3,2.5649493574615367,4.61512051684126,29.0,0.99,1,341,GAME,Everyone
Servers Ultimate Pack B,4.3,6.505784060128229,10.819798284210286,13.0,0.0,0,861,TOOLS,Everyone
Air Transat CinePlus B,2.2,4.430816798843313,10.819798284210286,6.7,0.0,0,35,TRAVEL_AND_LOCAL,Everyone
Perfect Piano,4.2,13.627360045769876,17.72753358339242,,0.0,0,5,GAME,Everyone
Hay Day,4.5,16.123400256627068,18.420680753952364,94.0,0.0,0,42,FAMILY,Everyone
B-Grade Renegade,3.9,3.2188758248682006,6.90875477931522,64.0,1.99,1,296,GAME,Teen
CARDI B WALLPAPERS,4.1,2.1972245773362196,6.90875477931522,4.5,0.0,0,80,PERSONALIZATION,Everyone
Plan B,3.3,2.995732273553991,8.517393171418904,6.0,0.0,0,393,MAPS_AND_NAVIGATION,Everyone
Block! Hexa Puzzle™,4.5,13.065259550309792,17.72753358339242,,0.0,0,9,FAMILY,Everyone
B Tiff Viewer,4.1,5.648974238161206,11.51293546492023,7.4,0.0,0,89,PHOTOGRAPHY,Everyone
Cardi B Wallpaper,4.8,5.537334267018537,10.819798284210286,3.7,0.0,0,281,ART_AND_DESIGN,Everyone
A & B Taxi,4.1,3.7376696182833684,6.90875477931522,25.0,0.0,0,36,MAPS_AND_NAVIGATION,Everyone
Cardi B HD Wallpapers Lock Screen,4.5,1.0986122886681098,6.2166061010848646,10.0,0.0,0,60,PERSONALIZATION,Mature 17+
Learn C [NEW],4.5,5.857933154483459,10.819798284210286,11.0,0.0,0,146,FAMILY,Everyone
Mobile C [ C/C++ Compiler ],4.3,8.439231649946526,11.51293546492023,78.0,0.0,0,33,FAMILY,Everyone
Critical Ops,4.4,14.150513859084954,16.118095750958314,50.0,0.0,0,9,GAME,Teen
C4droid - C/C++ compiler & IDE,4.7,7.969357742016346,10.819798284210286,,2.99,1,348,FAMILY,Everyone
CL Mobile - Classifieds for Craigslist,4.4,10.213762473640543,13.815511557963774,8.3,0.0,0,10,SHOPPING,Teen
C Locker Pro,4.2,7.3343293503005365,9.210440366976517,7.7,2.99,1,247,PERSONALIZATION,Everyone
C Programs and Reference,4.2,6.773080375655535,10.819798284210286,2.5,0.0,0,1470,BOOKS_AND_REFERENCE,Everyone
"C Launcher: Themes, Wallpapers, DIY, Smart, Clean",4.5,13.711383725450807,16.118095750958314,,0.0,0,30,PERSONALIZATION,Everyone 10+
C Programming Zone,4.6,7.105786129481271,10.819798284210286,4.0,0.0,0,453,FAMILY,Everyone
C Offline Tutorial,4.7,4.48863636973214,6.90875477931522,4.2,0.0,0,244,BOOKS_AND_REFERENCE,Everyone
Neon Glow C - Icon Pack,4.8,6.324358962381311,9.210440366976517,74.0,0.99,1,13,PERSONALIZATION,Everyone
All C Programs,4.7,7.778211474512493,11.51293546492023,6.9,0.0,0,61,FAMILY,Everyone
Clean Master- Space Cleaner & Antivirus,4.7,17.574767554465783,20.030118658386467,,0.0,0,6,TOOLS,Everyone
C by GE,1.7,6.532334292222349,9.210440366976517,6.6,0.0,0,29,LIFESTYLE,Everyone
CPlus for Craigslist - Officially Licensed,4.5,8.999248901686114,13.815511557963774,16.0,0.0,0,6,LIFESTYLE,Mature 17+
Alt-C,4.0,6.214608098422191,9.210440366976517,4.7,0.0,0,559,PRODUCTIVITY,Everyone
C-SPAN Radio,3.6,6.411818267709897,11.51293546492023,5.4,0.0,0,84,FAMILY,Everyone
Bridge-C - Get More Storage,2.0,3.2188758248682006,6.90875477931522,35.0,0.0,0,223,TOOLS,Everyone
Community by C Space,4.7,6.56244409369372,8.517393171418904,26.0,0.0,0,23,LIFESTYLE,Everyone
My C Spire,4.1,5.932245187448011,10.819798284210286,32.0,0.0,0,17,PRODUCTIVITY,Everyone
learn c in hindi,4.3,4.700480365792417,8.517393171418904,2.7,0.0,0,411,FAMILY,Everyone
Learn C Programming (Examples) (OFFLINE),4.3,3.784189633918261,9.210440366976517,3.7,0.0,0,236,FAMILY,Everyone
"C Programming - Learn Code, Theory & Discuss",4.5,7.920083199053234,11.51293546492023,7.0,0.0,0,55,FAMILY,Everyone
Expert C Programming - Learn C Coding Easily,4.4,4.356708826689592,8.517393171418904,6.9,0.0,0,216,FAMILY,Everyone
codeEazy - C/C++/JAVA,4.6,4.875197323201151,9.210440366976517,2.2,0.0,0,857,FAMILY,Everyone
Batmobile™ R/C Controller,3.7,6.115892125483034,11.51293546492023,30.0,0.0,0,188,FAMILY,Everyone
C Pattern Programs Free,4.5,8.32263709695394,11.51293546492023,5.8,0.0,0,32,FAMILY,Everyone
C Programs Handbook,4.0,6.131226489483141,10.819798284210286,3.1,0.0,0,266,BOOKS_AND_REFERENCE,Everyone
C Functions,4.8,4.02535169073515,6.90875477931522,1.5,0.0,0,1048,FAMILY,Everyone
Learn C# - .Net - C Sharp Programming Tutorial App,4.0,7.186144304522325,11.51293546492023,8.6,0.0,0,67,FAMILY,Everyone
Learn Basic C - For Beginners,4.7,3.332204510175204,8.517393171418904,0.75390625,0.0,0,932,FAMILY,Everyone
C Prowess,4.8,5.726847747587197,8.517393171418904,3.3,0.0,0,432,FAMILY,Everyone
101 C Programming Problems,4.6,6.212606095751519,10.819798284210286,5.0,0.0,0,298,FAMILY,Everyone
Let us C - Example Programs,4.3,3.6109179126442243,8.517393171418904,1.1,0.0,0,344,FAMILY,Everyone
C Examples,4.2,6.910750787961936,9.210440366976517,4.4,0.0,0,708,FAMILY,Everyone
C BOOK-C PROGRAMS,4.8,4.9344739331306915,9.210440366976517,2.1,0.0,0,321,FAMILY,Everyone
100+ C Programs,4.2,3.044522437723423,8.517393171418904,1.6,0.0,0,583,FAMILY,Everyone
Dubsmash,4.2,14.494446231742648,18.420680753952364,29.0,0.0,0,90,VIDEO_PLAYERS,Teen
Discord - Chat for Gamers,4.5,12.629207388769014,16.118095750958314,39.0,0.0,0,13,COMMUNICATION,Teen
Hitman Sniper,4.6,12.919740332904029,16.118095750958314,29.0,0.99,1,28,GAME,Mature 17+
FRONTLINE COMMANDO: D-DAY,4.5,14.367155232246187,16.118095750958314,14.0,0.0,0,1546,GAME,Mature 17+
Fruit Ninja®,4.3,15.443073023849198,18.420680753952364,41.0,0.0,0,28,GAME,Everyone
"DU Recorder – Screen Recorder, Video Editor, Live",4.8,14.766678352215456,17.72753358339242,9.7,0.0,0,10,VIDEO_PLAYERS,Everyone
Google Duo - High Quality Video Calls,4.6,14.549433971997454,20.030118658386467,,0.0,0,9,COMMUNICATION,Everyone
Beach Buggy Blitz,4.2,13.370745733582163,17.72753358339242,47.0,0.0,0,65,GAME,Everyone
Vector,4.4,14.933496623815563,18.420680753952364,89.0,0.0,0,752,GAME,Everyone 10+
Dr. Driving,4.5,15.419379190710488,18.420680753952364,9.9,0.0,0,160,GAME,Everyone
D Day World War II Commando Survival Shooting,4.2,6.858565034791365,11.51293546492023,64.0,0.0,0,76,GAME,Teen
Geometry Dash Meltdown,4.6,14.27995501359847,17.72753358339242,48.0,0.0,0,230,GAME,Everyone
Koi Live Wallpaper,4.6,9.54873932271967,11.51293546492023,12.0,0.99,1,1507,PERSONALIZATION,Everyone
KineMaster – Pro Video Editor,4.5,13.829283277144645,17.72753358339242,32.0,0.0,0,6,VIDEO_PLAYERS,Everyone
Block City Wars + skins export,4.5,13.544629226030759,16.118095750958314,28.0,0.0,0,132,FAMILY,Teen
Bike Race Free - Top Motorcycle Racing Games,4.5,14.765724147953794,18.420680753952364,,0.0,0,9,GAME,Everyone
Dance School Stories - Dance Dreams Come True,4.4,11.420503111379029,13.815511557963774,36.0,0.0,0,6,FAMILY,Everyone
3D Bowling,4.1,13.888987759795645,18.420680753952364,13.0,0.0,0,203,SPORTS,Everyone
Mind Games Pro,4.6,9.635738817791797,11.51293546492023,18.0,2.99,1,22,FAMILY,Everyone
Z Ringtones PREMIUM 2018,4.5,9.226115291091546,13.122365377402328,3.6,0.0,0,161,PERSONALIZATION,Everyone
Smash Hit,4.5,15.238069102546023,18.420680753952364,79.0,0.0,0,987,GAME,Everyone
Bad Piggies,4.3,13.971625022589055,17.72753358339242,66.0,0.0,0,463,FAMILY,Everyone
Temple Run,4.3,15.201913413198465,18.420680753952364,42.0,0.0,0,7,GAME,Everyone
Broken Screen Prank,3.3,10.072512770162733,13.815511557963774,9.8,0.0,0,56,FAMILY,Teen
Screen Lock - with Fingerprint Simulator,3.7,12.732131649936754,16.118095750958314,2.8,0.0,0,51,TOOLS,Everyone
Tuner - gStrings Free,4.5,12.274973512784866,16.118095750958314,,0.0,0,66,TOOLS,Everyone
Car Parking Game 3D - Real City Driving Challenge,4.4,12.14362793084918,15.424948670398354,40.0,0.0,0,91,FAMILY,Everyone
E!,3.1,6.608000625296087,11.51293546492023,20.0,0.0,0,77,FAMILY,Teen
E! News,4.0,9.644975857384127,13.815511557963774,25.0,0.0,0,51,NEWS_AND_MAGAZINES,Teen
Chuck E.'s Skate Universe,3.9,11.460694889366577,16.118095750958314,44.0,0.0,0,576,FAMILY,Everyone
Eventbrite - Discover popular events & nearby fun,4.4,11.063100862761637,15.424948670398354,8.8,0.0,0,10,FAMILY,Everyone
Eternium,4.8,14.225488136214313,16.118095750958314,89.0,0.0,0,22,FAMILY,Teen
E-cigarette for free,3.6,7.2115567333138015,13.122365377402328,4.8,0.0,0,290,FAMILY,Mature 17+
Moto LED for Moto X & E [Root],3.4,8.314587291319576,13.122365377402328,0.310546875,0.0,0,1393,LIFESTYLE,Everyone
Mobile Security & Antivirus,4.7,13.244156141123462,16.118095750958314,,0.0,0,13,PRODUCTIVITY,Everyone
Lookout Security & Antivirus,4.4,13.765704578028663,18.420680753952364,13.0,0.0,0,9,TOOLS,Everyone
World History Quick e-Book,4.4,7.4133673356952405,11.51293546492023,4.9,0.0,0,23,FAMILY,Everyone
Greeting Cards & Wishes,4.5,9.761405420601672,13.122365377402328,12.0,0.0,0,22,SOCIAL,Everyone
Amazon Kindle,4.2,13.609902359739126,18.420680753952364,,0.0,0,13,BOOKS_AND_REFERENCE,Teen
Maps & GPS Navigation OsmAnd+,4.3,9.62970838525334,11.51293546492023,,8.99,1,8,TRAVEL_AND_LOCAL,Everyone
theScore esports,4.5,9.696340374306518,13.122365377402328,14.0,0.0,0,552,SPORTS,Everyone 10+
EX File Explorer File Manager,4.0,8.446985296372741,13.815511557963774,5.9,0.0,0,672,PRODUCTIVITY,Everyone
Aab e Hayat Full Novel,4.3,7.29776828253138,11.51293546492023,41.0,0.0,0,534,BOOKS_AND_REFERENCE,Everyone
EBookDroid - PDF & DJVU Reader,4.5,11.2378568407911,15.424948670398354,,0.0,0,32,PRODUCTIVITY,Everyone
Ebook Reader,4.1,11.360275325435733,15.424948670398354,37.0,0.0,0,45,BOOKS_AND_REFERENCE,Everyone
E-NUM,4.0,9.247154345098899,13.122365377402328,,0.0,0,654,FINANCE,Everyone
Aldiko Book Reader,4.2,12.257407189066967,16.118095750958314,22.0,0.0,0,57,BOOKS_AND_REFERENCE,Everyone
Synd e-Passbook,4.3,9.148571345578551,13.815511557963774,6.1,0.0,0,819,FINANCE,Everyone
Messenger Lite: Free Calls & Messages,4.4,14.172512748352046,18.420680753952364,,0.0,0,15,COMMUNICATION,Everyone
Video Downloader for Facebook,4.6,13.703948631020172,17.72753358339242,3.1,0.0,0,39,TOOLS,Teen
F-Stop Gallery Pro,4.4,7.172424577124845,9.210440366976517,0.056640625,4.99,1,1100,PHOTOGRAPHY,Everyone
Offroad Pickup Truck F,4.3,8.423321975806166,13.122365377402328,79.0,0.0,0,226,FAMILY,Everyone
F-Stop Gallery,4.2,9.451480999992047,13.815511557963774,15.0,0.0,0,19,PHOTOGRAPHY,Everyone
Talking Tom Cat 2,4.3,14.982886491849001,18.420680753952364,55.0,0.0,0,15,FAMILY,Everyone 10+
FlashLight F.Light,4.3,8.279950715722526,11.51293546492023,11.0,0.0,0,78,TOOLS,Everyone
F-Secure SENSE,4.6,4.060443010546419,8.517393171418904,13.0,0.0,0,36,TOOLS,Everyone
Super Car F. Mod for MCPE,3.6,5.3706380281276624,10.819798284210286,4.9,0.0,0,21,GAME,Everyone
F-Secure KEY Password manager,4.2,7.859026979751538,11.51293546492023,7.6,0.0,0,43,TOOLS,Everyone
Inputting Plus: Ctrl + Z/F/C/V,4.2,7.0192966537150445,10.819798284210286,3.0,0.0,0,295,PRODUCTIVITY,Everyone
CTRL-F - Search the real world,4.4,6.410174881966167,10.819798284210286,37.0,0.0,0,746,PRODUCTIVITY,Everyone
F-Secure SAFE,4.3,9.152075463844207,13.122365377402328,9.3,0.0,0,10,TOOLS,Everyone
MHD F-Series,4.9,4.30406509320417,6.90875477931522,23.0,0.0,0,65,AUTO_AND_VEHICLES,Everyone
F-Secure AV Test,4.5,7.1316985104669115,10.819798284210286,0.2353515625,0.0,0,156,TOOLS,Everyone
imo beta free calls and text,4.3,13.399079543480653,18.420680753952364,11.0,0.0,0,63,COMMUNICATION,Everyone
F-Secure Mobile Security,4.2,9.480138475329403,13.122365377402328,9.2,0.0,0,10,TOOLS,Everyone
f'east,3.8,3.6635616461296463,8.517393171418904,4.8,0.0,0,114,LIFESTYLE,Everyone
Dumb Ways to Die 2: The Games,4.2,14.32932710445827,17.72753358339242,,0.0,0,28,FAMILY,Teen
Speech Therapy: F,1.0,0.6931471805599453,2.3978952727983707,16.0,2.99,1,671,FAMILY,Everyone
HumorCast - Authentic Weather,4.4,8.778941881841513,11.51293546492023,40.0,0.0,0,28,WEATHER,Teen
F & M Mobile Banking,4.0,3.784189633918261,8.517393171418904,13.0,0.0,0,170,FINANCE,Everyone
RPG End of Aspiration F,4.4,9.92176941621414,13.122365377402328,31.0,0.0,0,602,FAMILY,Teen
F-Sim Space Shuttle,4.4,8.59932602095476,11.51293546492023,,4.99,1,1654,FAMILY,Everyone
Weather Live,4.5,11.246274023679085,13.122365377402328,,5.99,1,261,WEATHER,Everyone
R+F PULSE,3.4,4.07753744390572,9.210440366976517,3.0,0.0,0,475,BUSINESS,Everyone
F-Secure Freedome for Business,3.8,5.214935757608986,10.819798284210286,9.9,0.0,0,24,BUSINESS,Everyone
"f.lux (preview, root-only)",3.7,8.623353387244627,13.122365377402328,3.7,0.0,0,877,HEALTH_AND_FITNESS,Everyone
Arto: f.infrared photo,4.1,3.7376696182833684,6.2166061010848646,11.0,1.49,1,751,PHOTOGRAPHY,Everyone
Convert degree Celsius to Fahrenheit or °F to °C,4.4,3.9512437185814275,8.517393171418904,2.1,0.0,0,80,TOOLS,Everyone
F-Gas Solutions,4.2,4.852030263919617,9.210440366976517,1.4,0.0,0,671,BUSINESS,Everyone
Gangstar Vegas - mafia game,4.5,15.390441494110883,17.72753358339242,32.0,0.0,0,76,GAME,Mature 17+
Offroad Car G,4.3,11.08037175117133,15.424948670398354,37.0,0.0,0,758,FAMILY,Everyone
Google Now Launcher,4.2,13.661445207829667,18.420680753952364,7.9,0.0,0,245,TOOLS,Everyone
Rolling G Sky,3.6,7.633369649679584,11.51293546492023,25.0,0.0,0,561,GAME,Everyone
G-Switch 2,4.4,9.448096635658239,13.815511557963774,19.0,0.0,0,185,GAME,Everyone
G-Switch 3,4.6,8.204398418149381,11.51293546492023,39.0,0.0,0,147,GAME,Everyone
G Cloud Apps Backup Key * root,4.5,6.942156705699469,8.517393171418904,0.19140625,4.99,1,1796,TOOLS,Everyone
Share G - Images Sharing - Wallpapers App,4.4,4.795790545596741,9.210440366976517,2.3,0.0,0,308,SOCIAL,Teen
Next Launcher 3D Theme Hit-G,4.2,4.0943445622221,6.90875477931522,8.1,1.7,1,1089,PERSONALIZATION,Everyone
Wrestling Revolution 3D,4.3,13.804798386984599,17.72753358339242,51.0,0.0,0,17,SPORTS,Teen
G-Playlists,1.8,3.9889840465642745,6.90875477931522,3.4,1.49,1,82,TOOLS,Everyone
G-Switch,3.8,8.322880021769905,11.51293546492023,8.8,0.0,0,1073,GAME,Everyone
Offroad G-Class 2018,4.4,8.951051374025619,13.122365377402328,28.0,0.0,0,41,FAMILY,Everyone
G-SHOCK+,3.0,8.45765547870004,11.51293546492023,,0.0,0,281,LIFESTYLE,Everyone
Ramfer - CNC Lathe G-code Tool,3.4,1.791759469228055,4.61512051684126,11.0,2.99,1,682,PRODUCTIVITY,Everyone
G-Force Driving Assistant,4.6,2.3978952727983707,4.61512051684126,6.1,3.88,1,1947,SPORTS,Everyone
My G:,3.7,4.574710978503383,9.210440366976517,14.0,0.0,0,268,MAPS_AND_NAVIGATION,Everyone
G-SHOCK Connected,3.0,6.298949246855942,10.819798284210286,94.0,0.0,0,38,LIFESTYLE,Everyone
Go,4.6,4.499809670330265,8.517393171418904,11.0,0.99,1,292,PERSONALIZATION,Everyone
G-Homa,3.1,6.656726524178391,10.819798284210286,14.0,0.0,0,97,LIFESTYLE,Everyone
G-NetTrack Pro,4.3,5.545177444479562,8.517393171418904,1.6,14.99,1,15,TOOLS,Everyone
"G Theme 2 for LG V30, LG G6",4.3,3.258096538021482,6.2166061010848646,15.0,1.49,1,239,PERSONALIZATION,Everyone
Speedometer with G-FORCE meter,3.8,6.030685260261263,10.819798284210286,2.7,0.0,0,434,TOOLS,Everyone
A41 WatchFace for Android Wear Smart Watch,4.5,5.44673737166631,8.517393171418904,5.7,0.99,1,228,LIFESTYLE,Everyone
Radial-G : Infinity,3.6,6.249975242259483,10.819798284210286,47.0,0.0,0,976,GAME,Everyone
Dialer theme G Black Gold,4.2,3.5263605246161616,6.2166061010848646,0.8369140625,1.49,1,951,PERSONALIZATION,Everyone
G-REMOTE,4.5,3.4339872044851463,6.90875477931522,25.0,0.0,0,8,HOUSE_AND_HOME,Everyone
Car G-Force Meter,4.2,5.220355825078324,9.210440366976517,1.3,0.0,0,376,TOOLS,Everyone
G-NetWiFi Pro,3.3,1.9459101490553132,4.61512051684126,1.5,5.99,1,52,TOOLS,Everyone
HSPA+ Tweaker (3G booster),4.3,11.505810211484627,15.424948670398354,3.9,0.0,0,247,TOOLS,Everyone
Offroad Car H,4.2,7.581209826196346,11.51293546492023,87.0,0.0,0,307,FAMILY,Everyone
Guns - Shot Sounds,3.8,10.293669803779775,16.118095750958314,10.0,0.0,0,15,FAMILY,Everyone
HPlus,2.9,7.488293515159428,11.51293546492023,5.9,0.0,0,58,HEALTH_AND_FITNESS,Everyone
Geometry Dash Lite,4.5,15.637094328166548,18.420680753952364,58.0,0.0,0,230,GAME,Everyone
DNS Changer - BEST (Gprs/Edge/3G/H/H+/4G),4.3,4.820281565605037,8.517393171418904,1.9,0.0,0,313,TOOLS,Everyone
H*nest Meditation,4.9,4.983606621708336,8.517393171418904,48.0,1.99,1,854,LIFESTYLE,Mature 17+
Car Driving Simulator Drift,4.4,9.894295434167212,13.815511557963774,57.0,0.0,0,279,GAME,Everyone
Deaf - Hearing chat device H,4.4,2.302585092994046,6.2166061010848646,0.0498046875,3.99,1,547,COMMUNICATION,Everyone
صور حرف H,4.4,2.6390573296152584,6.90875477931522,4.5,0.0,0,135,ART_AND_DESIGN,Everyone
H Band 2.0,2.9,8.302017809751204,13.122365377402328,8.9,0.0,0,55,HEALTH_AND_FITNESS,Everyone
H!LooK - Dating,4.2,3.8501476017100584,9.210440366976517,26.0,0.0,0,11,DATING,Mature 17+
H-Connect,4.0,3.9318256327243257,8.517393171418904,15.0,0.0,0,37,HEALTH_AND_FITNESS,Everyone
most expensive app (H),4.3,1.9459101490553132,4.61512051684126,1.5,399.99,1,24,FAMILY,Everyone
AntennaPict β,4.3,9.644716823578767,13.815511557963774,2.2,0.0,0,640,COMMUNICATION,Everyone
Elkhart County 4-H Fair,3.9,3.6635616461296463,8.517393171418904,42.0,0.0,0,125,FAMILY,Everyone
H Band,4.0,5.3706380281276624,9.210440366976517,8.9,0.0,0,57,HEALTH_AND_FITNESS,Everyone
The World Ends With You,4.6,8.32093496888341,9.210440366976517,13.0,17.99,1,969,GAME,Everyone 10+
MJX H,3.7,4.844187086458591,9.210440366976517,13.0,0.0,0,352,FAMILY,Everyone
tinyCam Monitor FREE,4.0,11.09612131219207,16.118095750958314,,0.0,0,41,HOUSE_AND_HOME,Everyone
H-Kakashi - theme Xperia™,4.6,6.432940092739179,10.819798284210286,5.4,0.0,0,251,PERSONALIZATION,Everyone
RC City Police Heavy Traffic Racer,4.4,8.086717920303906,13.815511557963774,27.0,0.0,0,21,GAME,Everyone
"Alphabet ""H"" Passcode Lock Screen",4.5,1.0986122886681098,4.61512051684126,3.0,0.0,0,231,PERSONALIZATION,Everyone
Ohio State Fair 4-H,3.0,1.6094379124341003,6.90875477931522,19.0,0.0,0,183,FAMILY,Everyone
Larry H Miller Automotive,3.1,4.219507705176107,9.210440366976517,8.3,0.0,0,22,PRODUCTIVITY,Everyone
Add-On: Alcatel (h),4.5,4.68213122712422,10.819798284210286,1.2,0.0,0,1178,PRODUCTIVITY,Everyone
My Android Device S/W & H/W,4.5,6.525029657843462,10.819798284210286,2.8,0.0,0,993,FAMILY,Everyone
ADMIRALTY H-Note,4.5,5.176149732573829,9.210440366976517,19.0,0.0,0,653,BUSINESS,Everyone
Force LTE Only,4.1,9.252153874789594,13.815511557963774,7.2,0.0,0,186,TOOLS,Everyone
Ulysse Speedometer Pro,4.6,8.328692583545568,10.819798284210286,,1.99,1,88,AUTO_AND_VEHICLES,Everyone
Talking Ginger,4.2,14.3762788243983,18.420680753952364,52.0,0.0,0,35,FAMILY,Everyone
Motorbike Driving Simulator 3D,3.9,12.093597995431262,16.118095750958314,65.0,0.0,0,592,GAME,Everyone
Helix,3.9,7.805882040228621,13.122365377402328,37.0,0.0,0,333,GAME,Everyone
Mobile Number Tracker,3.9,9.891364362733817,15.424948670398354,2.9,0.0,0,207,TOOLS,Everyone
I am Nose Doctor -Save my Nose,4.2,8.050065422915965,13.122365377402328,34.0,0.0,0,948,FAMILY,Everyone
What was I in my Past Life,3.7,8.916506080039204,13.815511557963774,6.5,0.0,0,233,FAMILY,Everyone
How Old am I?,2.8,8.441607204459642,13.815511557963774,3.9,0.0,0,220,FAMILY,Everyone
I Screen Dialer,4.1,9.004299728561636,13.815511557963774,3.9,0.0,0,165,TOOLS,Everyone
Where's My Water? Free,4.4,14.13179029129754,18.420680753952364,57.0,0.0,0,261,FAMILY,Everyone
How Do I Look,2.7,8.017307507688582,13.122365377402328,2.8,0.0,0,244,PHOTOGRAPHY,Everyone
Solitaire!,4.7,12.908952311434499,16.118095750958314,23.0,0.0,0,46,GAME,Everyone
iGun Pro -The Original Gun App,4.2,12.426448369943053,16.118095750958314,55.0,0.0,0,336,GAME,Everyone
I'm Ping Pong King :),4.4,10.304442505166406,13.815511557963774,40.0,0.0,0,14,SPORTS,Everyone
LINE I Love Coffee,4.0,12.430247664698468,15.424948670398354,50.0,0.0,0,631,FAMILY,Everyone
"Talkatone: Free Texts, Calls & Phone Number",4.1,11.790678406344124,16.118095750958314,25.0,0.0,0,22,COMMUNICATION,Everyone
Instachat 😜,4.0,11.302056274531406,15.424948670398354,25.0,0.0,0,10,SOCIAL,Teen
Textgram - write on photos,4.4,12.5955370897112,16.118095750958314,,0.0,0,10,ART_AND_DESIGN,Everyone
"Fame Boom for Real Followers, Likes",4.7,13.705828495638269,15.424948670398354,6.6,0.0,0,304,SOCIAL,Everyone
NinJump,4.3,12.95039048795861,16.118095750958314,36.0,0.0,0,57,GAME,Everyone
FollowMeter for Instagram,4.4,11.408486746548979,13.815511557963774,8.8,0.0,0,79,SOCIAL,Everyone
I LOVE PASTA,4.0,11.337094796706635,13.815511557963774,43.0,0.0,0,335,FAMILY,Everyone
Talking Tom Cat,4.3,14.424238091009496,18.420680753952364,,0.0,0,13,FAMILY,Everyone 10+
Fidget Spinner,4.2,12.635901856990905,16.118095750958314,9.9,0.0,0,252,GAME,Everyone
J Touch,4.6,7.685703061234547,11.51293546492023,0.9306640625,0.0,0,8,TOOLS,Everyone
J-Novel Club,3.3,5.093750200806762,9.210440366976517,9.0,0.0,0,291,FAMILY,Teen
J - Style Pro,2.3,4.31748811353631,9.210440366976517,2.6,0.0,0,932,HEALTH_AND_FITNESS,Everyone
Cook Baked Lasagna,4.2,10.937739082043848,16.118095750958314,23.0,0.0,0,148,FAMILY,Everyone
Tom's Love Letters,4.1,13.467095691178956,17.72753358339242,35.0,0.0,0,101,FAMILY,Everyone
Mali J,3.2,5.225746673713202,9.210440366976517,4.7,0.0,0,293,SOCIAL,Teen
J-UFO,3.5,5.8289456176102075,11.51293546492023,,0.0,0,240,FAMILY,Everyone
Cut the Rope GOLD,4.6,11.022963996383547,13.815511557963774,43.0,0.99,1,51,FAMILY,Everyone
"The Voice, sing and connect",4.1,12.913677311179045,16.118095750958314,,0.0,0,5,FAMILY,Everyone
J. Cole Rapper Wallpaper HD,4.1,2.1972245773362196,6.90875477931522,3.1,0.0,0,210,PERSONALIZATION,Everyone
Keyboard for Sony Xperia J,4.1,6.682108597449809,10.819798284210286,6.7,0.0,0,11,PERSONALIZATION,Everyone
Harris J Lyrics,4.7,3.6109179126442243,6.90875477931522,7.1,0.0,0,150,FAMILY,Everyone
Smart TV Remote,3.5,11.311396623628427,16.118095750958314,9.1,0.0,0,75,TOOLS,Everyone
J.ME Fly,3.9,3.367295829986474,6.90875477931522,98.0,0.0,0,70,FAMILY,Everyone
J-Stars Victory VS Guide,4.1,6.413458957167357,9.210440366976517,13.0,0.0,0,1548,GAME,Everyone
2048 BTS J Hope KPop Puzzle Game,4.7,2.8903717578961645,6.90875477931522,2.4,0.0,0,317,FAMILY,Everyone
J. Cole Albums (2007-2017),4.6,2.0794415416798357,6.90875477931522,7.3,0.0,0,120,FAMILY,Mature 17+
J Dark Ice Substratum Theme,4.5,5.10594547390058,9.210440366976517,33.0,0.0,0,21,PERSONALIZATION,Everyone
BTS J-Hope Wallpaper KPOP Fans HD,4.7,4.59511985013459,9.210440366976517,3.4,0.0,0,82,PERSONALIZATION,Everyone
BTS j-hope LINE Launcher theme,4.9,6.840546529288687,9.210440366976517,3.8,0.0,0,1392,PERSONALIZATION,Everyone
Kik,4.3,14.712062556500987,18.420680753952364,,0.0,0,6,COMMUNICATION,Teen
K Health,4.1,5.673323267171493,10.819798284210286,40.0,0.0,0,18,HEALTH_AND_FITNESS,Teen
CIRCLE K,4.4,9.12052506765382,13.122365377402328,14.0,0.0,0,9,SHOPPING,Everyone
K-@ Mail Pro - Email App,4.2,7.38025578842646,9.210440366976517,,4.99,1,747,COMMUNICATION,Everyone
K-@ Mail - Email App,4.1,7.473637108496206,11.51293546492023,,0.0,0,747,COMMUNICATION,Everyone
Keepsafe Photo Vault: Hide Private Photos & Videos,4.6,14.320404021207136,17.72753358339242,,0.0,0,9,PHOTOGRAPHY,Everyone
KIM KARDASHIAN: HOLLYWOOD,4.3,13.832769757409913,16.118095750958314,34.0,0.0,0,24,GAME,Teen
Sight Words Pre-K to Grade-3,4.4,7.078341579557671,11.51293546492023,40.0,0.0,0,53,FAMILY,Everyone
[Substratum] K-Manager for K-Klock,4.5,2.70805020110221,6.90875477931522,11.0,0.0,0,9,PERSONALIZATION,Everyone
KDRAMA Amino for K-Drama Fans,4.6,8.305731144875866,11.51293546492023,63.0,0.0,0,27,SOCIAL,Teen
K keyboard - Myanmar,4.8,7.578656850594762,11.51293546492023,14.0,0.0,0,145,TOOLS,Everyone
Zapzapmath: K-6 Math Games,4.3,6.97166860472579,11.51293546492023,61.0,0.0,0,88,FAMILY,Everyone
KPOP Amino for K-Pop Entertainment,4.8,9.854717388166698,11.51293546492023,63.0,0.0,0,27,SOCIAL,Teen
K.MOJI,4.8,2.833213344056216,6.2166061010848646,8.9,1.99,1,457,FAMILY,Everyone
K-Chiing VPN (Free),3.7,3.784189633918261,8.517393171418904,10.0,0.0,0,16,TOOLS,Mature 17+
Preschool All-In-One,4.1,9.10719961305667,13.815511557963774,44.0,0.0,0,134,FAMILY,Everyone
OST),3.7,8.399535147948004,13.122365377402328,10.0,0.0,0,34,FAMILY,Everyone
Kpop Music Quiz (K-pop Game),4.2,8.767017621311778,11.51293546492023,59.0,0.0,0,458,FAMILY,Everyone
Radio K - KUOM,4.5,3.6888794541139363,6.90875477931522,7.4,0.0,0,153,FAMILY,Everyone
Math Games for Pre-K - Grade 4,4.6,3.367295829986474,6.90875477931522,23.0,1.99,1,1669,FAMILY,Everyone
Fuzzy Numbers: Pre-K Number Foundation,4.7,3.091042453358316,6.90875477931522,44.0,5.99,1,384,FAMILY,Everyone
KakaoTalk: Free Calls & Text,4.3,14.75025005990689,18.420680753952364,,0.0,0,6,COMMUNICATION,Everyone
K-Otic Universe,4.9,4.02535169073515,6.90875477931522,40.0,0.0,0,6,FAMILY,Everyone
Magic Tiles - TWICE Edition (K-Pop),4.4,7.763021309018518,11.51293546492023,62.0,0.0,0,15,GAME,Everyone
CASE K-12 Math English Science,4.6,4.110873864173311,9.210440366976517,2.1,0.0,0,830,FAMILY,Everyone
"Niche: College, K-12, and Neighborhood Search",4.0,3.7612001156935624,8.517393171418904,26.0,0.0,0,34,LIFESTYLE,Everyone
"K-Spapp, the K-Space app",4.8,3.6888794541139363,6.90875477931522,3.6,0.0,0,546,FAMILY,Everyone
"Math Quiz Free: Grades K,1,2,3",4.3,5.075173815233827,9.210440366976517,13.0,0.0,0,1283,FAMILY,Everyone
K-9 Material (unofficial),4.4,4.174387269895637,8.517393171418904,4.5,0.0,0,500,COMMUNICATION,Teen
Discovery K!ds Play! Español,4.2,9.329367078397823,13.815511557963774,35.0,0.0,0,98,FAMILY,Everyone
Magic Tiles - Blackpink Edition (K-Pop),4.6,8.367532416861831,11.51293546492023,71.0,0.0,0,50,GAME,Everyone
Anna.K Tarot,4.8,2.8903717578961645,4.61512051684126,23.0,3.99,1,570,FAMILY,Mature 17+
K-pop Music,4.0,5.91350300563827,9.210440366976517,3.5,0.0,0,575,FAMILY,Everyone
Daily K-Talk,4.3,5.579729825986222,9.210440366976517,60.0,0.0,0,9,FAMILY,Everyone
Korean Dungeon: K-Word 1000,4.7,6.556778356158042,9.210440366976517,40.0,0.0,0,265,GAME,Everyone 10+
Lep's World 🍀,4.3,13.45313367453588,17.72753358339242,,0.0,0,75,GAME,Everyone 10+
"L.POINT - 엘포인트 [ 포인트, 멤버십, 적립, 사용, 모바일 카드, 쿠폰, 롯데]",4.0,10.719405310263497,15.424948670398354,49.0,0.0,0,8,LIFESTYLE,Everyone
SpongeBob Diner Dash,4.0,13.264229192043887,17.72753358339242,48.0,0.0,0,1813,FAMILY,Everyone
"Messenger L SMS, MMS",4.0,8.74257423767064,13.122365377402328,20.0,0.0,0,28,PERSONALIZATION,Everyone
Tom Loves Angela,4.1,13.921595211371063,18.420680753952364,50.0,0.0,0,101,FAMILY,Everyone
EXO-L,4.6,11.118563488331727,13.815511557963774,0.8447265625,0.0,0,280,FAMILY,Everyone
Lie Detector,3.1,5.726847747587197,10.819798284210286,2.9,0.0,0,492,FAMILY,Everyone
EXO-L Amino for EXO Fans,4.9,8.644354337032917,10.819798284210286,67.0,0.0,0,27,SOCIAL,Teen
Calculator L,4.5,7.994969522697877,11.51293546492023,2.4,0.0,0,1187,PRODUCTIVITY,Everyone
My Teacher - Classroom Play,4.0,11.952965897718084,16.118095750958314,61.0,0.0,0,52,FAMILY,Everyone
Emoji Android L Keyboard,4.0,9.353227859524731,13.815511557963774,6.8,0.0,0,245,PRODUCTIVITY,Everyone
Lollipop Keyboard L Pro,3.6,8.617219505483362,13.122365377402328,2.6,0.0,0,794,PERSONALIZATION,Everyone
French to English Speaking - Apprendre l' Anglais,4.5,8.355144739461839,13.815511557963774,13.0,0.0,0,104,FAMILY,Everyone
Ant Smasher by Best Cool & Fun Games,4.2,13.985379063043583,18.420680753952364,29.0,0.0,0,8,GAME,Everyone
Cheating Tom 3 - Genius School,4.3,11.412176521869625,16.118095750958314,84.0,0.0,0,16,GAME,Everyone
Clock L,3.9,7.9561263512135,11.51293546492023,5.4,0.0,0,1067,PERSONALIZATION,Everyone
Dialer theme Droid L,4.3,7.45876269238096,11.51293546492023,2.8,0.0,0,859,PERSONALIZATION,Mature 17+
SPEED L,4.3,4.454347296253507,10.819798284210286,2.9,0.0,0,44,SHOPPING,Everyone
Lie Detector Test Prank,4.4,12.311823584962719,16.118095750958314,6.9,0.0,0,9,FAMILY,Everyone
Xbox,4.3,13.229709919605211,16.118095750958314,46.0,0.0,0,50,FAMILY,Everyone
Je Parle ANGLAIS - Apprendre l’anglais Audio cours,4.4,6.214608098422191,11.51293546492023,27.0,0.0,0,149,FAMILY,Everyone
"Mobizen Screen Recorder - Record, Capture, Edit",4.3,14.418302413129553,17.72753358339242,,0.0,0,9,PRODUCTIVITY,Everyone
Mobizen Screen Recorder for SAMSUNG,4.4,13.768308881479976,16.118095750958314,37.0,0.0,0,105,VIDEO_PLAYERS,Everyone
MapleStory M,3.5,10.358980154243941,13.815511557963774,82.0,0.0,0,16,FAMILY,Everyone 10+
M-Files,4.4,5.4680601411351315,9.210440366976517,44.0,0.0,0,44,BUSINESS,Everyone
M Launcher -Marshmallow 6.0,4.4,10.525004458144746,13.815511557963774,7.3,0.0,0,140,PERSONALIZATION,Everyone
"Mobizen Screen Recorder for LG - Record, Capture",4.5,10.982254212983532,13.815511557963774,37.0,0.0,0,105,VIDEO_PLAYERS,Everyone
MakeupPlus - Your Own Virtual Makeup Artist,4.4,13.539468477193392,17.72753358339242,53.0,0.0,0,6,PHOTOGRAPHY,Everyone
M3-X5-X6-M-İ3-İ8 RACİNG 2018,4.4,6.391917113392602,11.51293546492023,44.0,0.0,0,543,GAME,Everyone
360-M Flight,3.9,4.442651256490317,9.210440366976517,24.0,0.0,0,238,TOOLS,Everyone
M-acceleration 3D Car Racing,3.9,7.0925737159746784,11.51293546492023,34.0,0.0,0,42,GAME,Everyone
m>notes notepad,4.3,5.220355825078324,6.90875477931522,,2.99,1,979,PRODUCTIVITY,Everyone
M+,4.9,5.293304824724492,9.210440366976517,9.1,0.0,0,72,NEWS_AND_MAGAZINES,Everyone
Super Hero M Craft Run,3.7,5.717027701406222,11.51293546492023,38.0,0.0,0,393,GAME,Everyone
M-Sight Pro,3.3,3.4339872044851463,8.517393171418904,15.0,0.0,0,15,VIDEO_PLAYERS,Everyone
💎 I'm rich,3.8,6.577861357721047,9.210440366976517,26.0,399.99,1,151,LIFESTYLE,Everyone
Don't Hug Me I'm So Scared,3.5,6.804614520062624,10.819798284210286,63.0,0.0,0,62,GAME,Everyone
GTS-M,4.2,3.6635616461296463,8.517393171418904,0.2451171875,0.0,0,560,TOOLS,Everyone
M star Dialer,3.5,5.993961427306569,11.51293546492023,4.2,0.0,0,507,COMMUNICATION,Everyone
I'm Rich - Trump Edition,3.6,5.62040086571715,9.210440366976517,7.3,400.0,1,98,LIFESTYLE,Everyone
Free WiFi Connect,3.9,12.027125389375168,16.118095750958314,9.7,0.0,0,131,COMMUNICATION,Everyone
M Notifier for M Launcher,4.2,7.938802248154481,11.51293546492023,1.4,0.0,0,540,TOOLS,Everyone
M Theme - Dark Green Icon Pack,4.2,5.313205979041787,9.210440366976517,4.9,0.0,0,631,PERSONALIZATION,Everyone
m-Faisaa,4.0,4.962844630259907,9.210440366976517,6.2,0.0,0,27,FINANCE,Everyone
m:go BiH,3.2,6.327936783729195,9.210440366976517,6.0,0.0,0,15,COMMUNICATION,Everyone
Libre Scan (Diabetes:M addon),2.4,4.634728988229636,9.210440366976517,1.2,0.0,0,396,MEDICAL,Everyone
m.ride - your motorcycle app,4.5,5.247024072160486,9.210440366976517,16.0,0.0,0,37,AUTO_AND_VEHICLES,Everyone
Rope'n'Fly 4,4.1,12.365667052778532,16.118095750958314,59.0,0.0,0,192,GAME,Everyone
N Launcher: Nougat Theme,4.2,4.859812404361672,9.210440366976517,7.7,0.0,0,422,PERSONALIZATION,Everyone
Dino in City-Dinosaur N Police,3.7,9.213933907486313,13.815511557963774,30.0,0.0,0,78,FAMILY,Teen
N Launcher Pro - Nougat 7.0,4.3,7.839525581704678,11.51293546492023,6.4,2.99,1,139,PERSONALIZATION,Everyone
Cops N Robbers - FPS Mini Game,4.2,11.963128091918463,15.424948670398354,64.0,0.0,0,9,GAME,Everyone 10+
Cops N Robbers 2,4.1,11.061641523912554,13.815511557963774,46.0,0.0,0,68,GAME,Everyone 10+
Hands 'n Guns Simulator,3.9,9.889794225404126,13.815511557963774,76.0,0.0,0,37,FAMILY,Teen
Hide N Seek : Mini Game,3.8,8.459564078579602,13.122365377402328,54.0,0.0,0,32,GAME,Everyone
N Launcher - Nougat 7.0,4.4,10.392006215779578,13.815511557963774,8.4,0.0,0,77,PERSONALIZATION,Everyone
Cook'n Recipe App,3.4,6.315358001522335,9.210440366976517,22.0,0.0,0,7,LIFESTYLE,Everyone
Rope'n'Fly 3 - Dusk Till Dawn,4.0,12.019947865643184,16.118095750958314,23.0,0.0,0,190,GAME,Everyone 10+
Tap N Pay,4.4,5.537334267018537,9.210440366976517,8.2,0.0,0,9,PRODUCTIVITY,Everyone
N-Com Wizard,3.3,6.8679744089702925,10.819798284210286,3.8,0.0,0,322,COMMUNICATION,Everyone
Drag'n'Boom,4.8,11.799464384271355,13.815511557963774,54.0,0.0,0,209,GAME,Everyone 10+
Traps n' Gemstones,4.5,6.025865973825314,6.90875477931522,9.1,4.99,1,449,GAME,Everyone
Shop 'n Save,3.4,6.431331081933479,11.51293546492023,40.0,0.0,0,149,SHOPPING,Everyone
Dual N-Back - Brain game,4.3,6.706862336602747,11.51293546492023,28.0,0.0,0,76,FAMILY,Everyone
N Files - File Manager & Explorer,4.3,5.91350300563827,9.210440366976517,11.0,0.0,0,22,PRODUCTIVITY,Everyone
Guns'n'Glory Zombies Premium,4.1,5.749392985908253,8.517393171418904,34.0,2.99,1,755,FAMILY,Everyone 10+
Cops N Robbers,4.0,10.539799796343535,13.815511557963774,58.0,0.0,0,64,GAME,Teen
Guns'n'Glory Premium,4.4,8.18060094759445,11.51293546492023,21.0,2.99,1,321,FAMILY,Everyone 10+
Madagascar Surf n' Slides Free,3.8,10.798145984283169,15.424948670398354,45.0,0.0,0,335,FAMILY,Everyone
Guns'n'Glory,4.4,11.406987004556724,15.424948670398354,22.0,0.0,0,181,FAMILY,Everyone 10+
Ghosts'n Goblins MOBILE,3.8,6.1463292576688975,9.210440366976517,28.0,0.99,1,499,GAME,Everyone
Mopar Drag N Brag,4.2,10.329767847024877,13.815511557963774,17.0,0.0,0,1172,GAME,Everyone
Read Unlimitedly! Kids'n Books,3.8,8.917712757131387,13.815511557963774,31.0,0.0,0,174,FAMILY,Everyone
Dark Infusion Substratum Theme for Android N & O,4.8,4.897839799950911,6.90875477931522,59.0,2.49,1,6,PERSONALIZATION,Everyone
Fantastic Chefs: Match 'n Cook,4.7,9.059633754551479,13.122365377402328,91.0,0.0,0,13,FAMILY,Everyone
Guns'n'Glory Heroes Premium,4.3,6.828712071641684,9.210440366976517,,2.99,1,273,FAMILY,Everyone
Eat'n Park,3.5,5.680172609017068,10.819798284210286,20.0,0.0,0,234,LIFESTYLE,Everyone
Draw N Guess Multiplayer,3.9,10.292348911477513,13.815511557963774,69.0,0.0,0,127,GAME,Everyone
Car Parking Crane N Drifting,4.2,4.672828834461906,10.819798284210286,71.0,0.0,0,164,FAMILY,Everyone
Lock 'n' Roll Pro - Ad Free,4.6,5.135798437050262,6.90875477931522,13.0,0.99,1,1135,GAME,Everyone
Rock N' Cash Casino Slots -Free Vegas Slot Games,4.7,8.730367211692958,11.51293546492023,33.0,0.0,0,13,GAME,Teen
Age of Conquest: N. America,4.5,6.492239835020471,9.210440366976517,3.3,3.99,1,5,FAMILY,Everyone
Sketch 'n' go,3.8,8.285513309079741,11.51293546492023,6.4,0.0,0,136,VIDEO_PLAYERS,Everyone
Guns'n'Glory WW2 Premium,4.5,8.446126742982377,11.51293546492023,20.0,2.99,1,244,FAMILY,Everyone 10+
Rock n Roll Music Quiz Game,3.7,4.394449154672439,9.210440366976517,7.6,0.0,0,64,GAME,Everyone
Cook 'n Learn Smart Kitchen,3.5,5.327876168789581,10.819798284210286,62.0,0.0,0,521,FAMILY,Everyone
Jump'N'Shoot Attack,4.1,5.049856007249537,6.90875477931522,32.0,2.49,1,75,GAME,Everyone
Ghouls'n Ghosts MOBILE,3.9,5.1298987149230735,8.517393171418904,49.0,1.99,1,448,GAME,Everyone 10+
N-Back,4.1,6.025865973825314,9.210440366976517,0.908203125,0.0,0,906,FAMILY,Everyone
Oddworld: New 'n' Tasty,4.6,7.297091005160418,9.210440366976517,34.0,4.99,1,219,GAME,Teen
Knights N Squires,4.4,11.91053983653368,13.815511557963774,49.0,0.0,0,51,FAMILY,Teen
Opera Mini - fast web browser,4.5,15.454662988670888,18.420680753952364,,0.0,0,21,COMMUNICATION,Everyone
Opera Browser: Fast and Secure,4.4,14.721264370976149,18.420680753952364,,0.0,0,9,COMMUNICATION,Everyone
Planet O - Icon Pack,4.6,5.872117789475416,9.210440366976517,24.0,0.99,1,57,PERSONALIZATION,Everyone
The Noise-O-Meter,4.0,7.438383530044307,11.51293546492023,72.0,0.0,0,295,FAMILY,Everyone
O Launcher 8.0 for Android™ O Oreo Launcher,4.4,9.34084218004034,13.815511557963774,8.7,0.0,0,13,TOOLS,Everyone
Opera Mini browser beta,4.4,12.90304001984915,16.118095750958314,,0.0,0,6,COMMUNICATION,Everyone
Stand O’Food® (Full),4.4,6.8308742346461795,9.210440366976517,40.0,1.99,1,1322,FAMILY,Everyone
WiFi-o-Matic,4.0,6.602587892189336,10.819798284210286,6.8,0.0,0,189,PRODUCTIVITY,Everyone
Detect-O-Gromit (D.O.G 2),3.8,3.828641396489095,9.210440366976517,47.0,2.49,1,24,FAMILY,Everyone
O Shopping,3.9,6.51025834052315,11.51293546492023,3.6,0.0,0,17,SHOPPING,Everyone
AC Remote for O General - NOW FREE,3.7,5.616771097666572,10.819798284210286,26.0,0.0,0,10,TOOLS,Everyone
O'Route Orienteering,4.2,1.9459101490553132,4.61512051684126,1.3,3.02,1,225,SPORTS,Everyone
Drink-O-Tron The Drinking Game,4.1,4.948759890378168,10.819798284210286,45.0,0.0,0,435,GAME,Mature 17+
Multiling O Keyboard + emoji,4.3,10.323644209387282,13.815511557963774,0.52734375,0.0,0,37,PRODUCTIVITY,Everyone
Google I/O 2018,4.3,10.016905519571685,13.122365377402328,4.6,0.0,0,94,BOOKS_AND_REFERENCE,Everyone
Prime Key for Nougat Launcher& O Launcher &KitKat,4.1,5.783825182329737,8.517393171418904,0.3056640625,6.99,1,354,PERSONALIZATION,Everyone
OO Launcher for Android O 8.0 Oreo™ Launcher,4.4,9.604609707323613,13.815511557963774,8.6,0.0,0,6,PERSONALIZATION,Everyone
Band O'Clock,3.8,7.039660349862076,11.51293546492023,0.728515625,0.0,0,2441,LIFESTYLE,Everyone
O Launcher,4.3,7.630461261783627,11.51293546492023,10.0,0.0,0,79,TOOLS,Everyone
Verdad o Reto,3.8,6.717804695023691,13.122365377402328,5.1,0.0,0,91,SOCIAL,Teen
Pixlr-o-matic,4.5,12.104582408450446,16.118095750958314,6.1,0.0,0,471,PHOTOGRAPHY,Everyone
O-Level Past Papers & Solution (up to 2017),3.8,6.380122536899765,11.51293546492023,28.0,0.0,0,59,FAMILY,Everyone
"O Multiple - App Cloner, Duals APP, tarallel",3.9,4.983606621708336,10.819798284210286,5.2,0.0,0,86,TOOLS,Everyone
The Maze Runner,4.0,12.967506781810487,16.118095750958314,22.0,0.0,0,1060,GAME,Everyone
Psiphon Pro - The Internet Freedom VPN,4.3,12.604989695153805,16.118095750958314,,0.0,0,37,COMMUNICATION,Everyone
P Icon Pack for Pixel,4.4,3.6635616461296463,6.90875477931522,51.0,0.0,0,95,PERSONALIZATION,Everyone
Android P | Xperia™ Theme 4800+ icons,4.6,3.4011973816621555,4.61512051684126,39.0,1.99,1,85,PERSONALIZATION,Everyone
P-Home for KLWP,5.0,1.6094379124341003,4.61512051684126,12.0,0.99,1,86,PERSONALIZATION,Everyone
[substratum] Vacuum: P,4.4,5.442417710521793,6.90875477931522,11.0,1.49,1,20,PERSONALIZATION,Everyone
"Super P Launcher for Android P 9.0 launcher, theme",4.4,7.614312146452,11.51293546492023,7.5,0.0,0,6,TOOLS,Everyone
pixiv,4.2,11.373169022579944,13.815511557963774,24.0,0.0,0,6,SOCIAL,Mature 17+
[Sub/EMUI] P Pro - EMUI 8.1/8.0/5.X Theme,4.0,2.6390573296152584,4.61512051684126,19.0,0.99,1,20,PERSONALIZATION,Everyone
Theme Android P Design for LG V30,4.2,3.58351893845611,6.2166061010848646,5.2,1.49,1,105,PERSONALIZATION,Everyone
Theme Android P for LG G7 & V35,4.6,1.791759469228055,4.61512051684126,4.5,1.49,1,33,PERSONALIZATION,Everyone
Volume Slider Like Android P Volume Control,4.1,7.029972911706386,9.210440366976517,1.7,0.99,1,40,TOOLS,Everyone
P Launcher for Android™ 9.0,3.9,3.58351893845611,8.517393171418904,6.3,0.0,0,39,PERSONALIZATION,Everyone
PixelLab - Text on pictures,4.6,11.58991428349834,16.118095750958314,,0.0,0,14,PHOTOGRAPHY,Everyone
Theme Android P Black design for LG V30,4.4,2.1972245773362196,4.61512051684126,6.2,1.49,1,125,PERSONALIZATION,Everyone
P Launcher Theme For Android™ 9.0,3.9,5.365976015021851,9.210440366976517,28.0,0.0,0,83,PERSONALIZATION,Everyone
Theme Android P Black for LG G7 & V35,4.6,1.791759469228055,4.61512051684126,4.3,1.49,1,9,PERSONALIZATION,Everyone
P Theme for Android™ P 9.0 Style Launcher,4.5,5.37989735354046,10.819798284210286,5.7,0.0,0,118,PERSONALIZATION,Everyone
Android P 9.0,3.0,2.5649493574615367,6.2166061010848646,4.9,0.0,0,71,PERSONALIZATION,Everyone
Android P Wallpapers,3.6,3.9889840465642745,8.517393171418904,2.0,0.0,0,178,PERSONALIZATION,Everyone
P XPERIA Theme™ | Design For SONY 🎨,4.4,4.997212273764115,9.210440366976517,16.0,0.0,0,73,PERSONALIZATION,Everyone
Parallel Space - Multiple accounts & Two face,4.6,14.934855107045243,18.420680753952364,7.4,0.0,0,6,PERSONALIZATION,Everyone
P9 Launcher - Android™ 9.0 P Launcher Style,4.3,7.0587581525186645,11.51293546492023,7.3,0.0,0,34,TOOLS,Everyone
Android P Style Icon Pack,5.0,0.6931471805599453,4.61512051684126,60.0,0.99,1,54,PERSONALIZATION,Everyone
Android P Stock Wallpapers,4.5,2.833213344056216,6.90875477931522,3.7,0.0,0,8,PERSONALIZATION,Everyone
G-Pix [Android P] Dark EMUI 8/5 THEME,4.1,5.135798437050262,9.210440366976517,24.0,0.0,0,137,PERSONALIZATION,Everyone
G-Pix [Android P] EMUI 8/5 THEME,4.1,6.580639137284949,11.51293546492023,10.0,0.0,0,149,PERSONALIZATION,Everyone
Android-P Mono Grey EMUI 8/5 Theme,4.5,4.127134385045092,9.210440366976517,7.5,0.0,0,127,PERSONALIZATION,Everyone
Materialistic P Wallpapers,4.8,3.2188758248682006,6.90875477931522,3.6,0.0,0,6,PERSONALIZATION,Everyone
Android P Rotation,4.5,6.220590170099739,9.210440366976517,2.0,0.0,0,25,TOOLS,Everyone
Android P Launcher 9.0 launcher,4.0,5.10594547390058,9.210440366976517,2.3,0.0,0,108,TOOLS,Everyone
Pixel Oreo/P Dark White AMOLED UI - Icon Pack,4.8,2.9444389791664403,8.517393171418904,16.0,1.49,1,49,PERSONALIZATION,Everyone
pretty Easy privacy p≡p,3.7,3.091042453358316,6.2166061010848646,20.0,0.99,1,10,COMMUNICATION,Everyone
Pi Dark [substratum],4.5,5.247024072160486,9.210440366976517,2.1,0.0,0,135,PERSONALIZATION,Everyone
"Q Alerts: QAnon Drop Notifications, Research +++",4.7,4.969813299576001,8.517393171418904,26.0,0.99,1,14,NEWS_AND_MAGAZINES,Mature 17+
The Q - Live Trivia Game Network,2.7,7.304515946460155,11.51293546492023,14.0,0.0,0,6,GAME,Everyone
Fossil Q,2.9,8.799058378546453,13.122365377402328,18.0,0.0,0,8,LIFESTYLE,Everyone
Q,4.2,11.143700671498307,13.815511557963774,60.0,0.0,0,112,FAMILY,Everyone
"Official QR Code® Reader ""Q""",4.4,8.016977746762262,13.122365377402328,,0.0,0,139,PRODUCTIVITY,Everyone
Q Cat Live Wallpaper,4.2,8.385716828627851,13.122365377402328,7.1,0.0,0,1242,PERSONALIZATION,Teen
Q MINDshare Mobile,3.4,3.2188758248682006,9.210440366976517,,0.0,0,129,BUSINESS,Everyone
Fossil Q Legacy,2.6,6.523562306149512,10.819798284210286,60.0,0.0,0,324,LIFESTYLE,Everyone
Offroad Car Q,4.1,10.113302673639005,13.815511557963774,40.0,0.0,0,735,FAMILY,Everyone
Q*bert: Rebooted,4.3,9.531626451841742,13.815511557963774,55.0,0.0,0,495,GAME,Everyone
Gun Shoot War Q,4.2,10.199658492383815,13.815511557963774,20.0,0.0,0,526,GAME,Teen
FaceQ,4.4,13.290268177029963,16.118095750958314,19.0,0.0,0,450,FAMILY,Teen
Q Link Wireless Zone,4.0,7.693937325509272,13.122365377402328,17.0,0.0,0,154,PRODUCTIVITY,Everyone
Q Avatar (Avatar Maker),4.4,7.607381425639791,11.51293546492023,3.6,0.0,0,523,COMICS,Everyone
Q downloader : download your social media videos,4.1,3.7376696182833684,6.90875477931522,4.5,0.0,0,49,FAMILY,Everyone
Q Avatar Pro,4.8,1.6094379124341003,4.61512051684126,3.6,1.49,1,523,FAMILY,Teen
Q-See Plus,2.2,3.4965075614664802,8.517393171418904,33.0,0.0,0,31,VIDEO_PLAYERS,Everyone
Q Wunder,3.8,5.056245805348308,9.210440366976517,43.0,0.0,0,40,FAMILY,Everyone
Q-See QC View,3.1,6.489204931325317,11.51293546492023,21.0,0.0,0,202,TOOLS,Everyone
Leica Q,3.1,4.897839799950911,9.210440366976517,2.3,0.0,0,93,PHOTOGRAPHY,Everyone
Q Remote Control,3.8,8.35819745992578,13.122365377402328,14.0,0.0,0,1489,TOOLS,Everyone
Q-Ticketing,3.8,4.74493212836325,9.210440366976517,19.0,0.0,0,234,MAPS_AND_NAVIGATION,Everyone
DJMAX TECHNIKA Q - Music Game,4.3,9.957407394525559,11.51293546492023,95.0,0.0,0,10,GAME,Everyone
myQ,3.6,8.200562797008564,11.51293546492023,29.0,0.0,0,17,TOOLS,Everyone
QR Code Reader,4.0,13.114274752500709,17.72753358339242,2.7,0.0,0,876,TOOLS,Everyone
ICQ — Video Calls & Chat Messenger,4.4,13.45588841816436,16.118095750958314,,0.0,0,22,COMMUNICATION,Everyone
Q Operator,4.6,4.110873864173311,6.90875477931522,,0.0,0,639,BUSINESS,Everyone
Q-slope,4.5,1.0986122886681098,3.9318256327243257,3.9,1.76,1,249,TOOLS,Everyone
Q-Tech Companion App,1.8,2.8903717578961645,9.210440366976517,3.1,0.0,0,519,FOOD_AND_DRINK,Everyone
Q Mobile Banking,4.7,6.133398042996649,9.210440366976517,12.0,0.0,0,44,FINANCE,Everyone
Q Quiz SK,3.9,5.075173815233827,8.517393171418904,39.0,0.0,0,975,FAMILY,Everyone
Big Q Car Service,4.4,4.330733340286331,8.517393171418904,26.0,0.0,0,451,MAPS_AND_NAVIGATION,Everyone
Q-See QT View,3.6,8.90354343566472,11.51293546492023,19.0,0.0,0,28,TOOLS,Everyone
"DataCamp - Learn R, Python & SQL",4.4,6.851184927493743,11.51293546492023,12.0,0.0,0,8,FAMILY,Everyone
R Language Reference Guide,3.9,4.007333185232471,9.210440366976517,2.8,0.0,0,228,BOOKS_AND_REFERENCE,Everyone
Run R Script - Online Statistical Data Analysis,3.9,2.1972245773362196,6.90875477931522,6.2,0.0,0,127,FAMILY,Everyone
R Programming Language,3.8,3.6888794541139363,6.90875477931522,2.9,0.0,0,231,FAMILY,Everyone
R. Physics Puzzle Game,4.2,8.58858318750291,13.122365377402328,60.0,0.0,0,112,FAMILY,Everyone
R Instructor,4.1,4.912654885736052,6.90875477931522,4.9,4.84,1,1630,FAMILY,Everyone
GT-R R35 Drift Simulator,4.4,7.52456122628536,11.51293546492023,62.0,0.0,0,282,FAMILY,Everyone
Offroad Pickup Truck R,4.4,8.75904072752422,13.815511557963774,96.0,0.0,0,391,FAMILY,Everyone
R Programing Offline Tutorial,5.0,1.6094379124341003,6.90875477931522,3.9,0.0,0,147,BOOKS_AND_REFERENCE,Everyone
Learn R Language Easy Way,4.1,2.8903717578961645,9.210440366976517,2.2,0.0,0,319,FAMILY,Everyone
.R,4.5,5.560681631015528,9.210440366976517,0.1982421875,0.0,0,1423,TOOLS,Everyone
R-TYPE II,4.3,8.645234541297121,10.819798284210286,37.0,1.99,1,525,GAME,Everyone
R Programming Solution,3.9,5.135798437050262,9.210440366976517,7.7,0.0,0,780,FAMILY,Everyone
Learn R - Programming Concepts,3.5,1.9459101490553132,6.90875477931522,2.9,0.0,0,471,FAMILY,Everyone
Car Parking Nissan GT-R R35 Simulator,3.2,6.2422232654551655,11.51293546492023,34.0,0.0,0,247,FAMILY,Everyone
R-net for Android,3.3,3.8918202981106265,8.517393171418904,0.056640625,0.0,0,1828,PRODUCTIVITY,Everyone
R File Manager,4.8,2.8903717578961645,3.9318256327243257,6.7,0.0,0,96,TOOLS,Everyone
R-TYPE,4.5,8.947415950650129,11.51293546492023,23.0,1.99,1,528,GAME,Everyone
R Studio,3.7,3.1780538303479458,8.517393171418904,8.9,0.0,0,762,SHOPPING,Everyone
Day R Premium,4.8,10.84093293848268,11.51293546492023,57.0,4.99,1,49,FAMILY,Teen
"Join R, Community Engagement",4.7,4.976733742420574,6.90875477931522,12.0,0.0,0,555,SOCIAL,Teen
R Bank,4.3,4.51085950651685,8.517393171418904,13.0,0.0,0,71,FINANCE,Everyone
Elemental Knights R Platinum,3.8,7.98139158158007,10.819798284210286,93.0,4.77,1,8,FAMILY,Teen
Wonder5 Masters R,4.1,7.412160334945205,11.51293546492023,83.0,0.0,0,7,FAMILY,Everyone
Neon-R (Red),4.7,3.258096538021482,4.61512051684126,41.0,0.99,1,1246,PERSONALIZATION,Everyone
R. Lee Ermey's Official Sound,4.2,7.436617265234227,11.51293546492023,2.7,0.0,0,2150,FAMILY,Mature 17+
S Launcher for Galaxy TouchWiz,4.2,9.327678864393416,13.815511557963774,2.2,0.0,0,58,PERSONALIZATION,Everyone
"360 Security - Free Antivirus, Booster, Cleaner",4.6,16.635213397734553,18.420680753952364,,0.0,0,5,TOOLS,Everyone
S Player - Lightest and Most Powerful Video Player,4.6,9.562756258994531,13.815511557963774,7.1,0.0,0,301,TOOLS,Everyone
Offroad Pickup Truck S,4.2,8.552367266423891,13.815511557963774,20.0,0.0,0,303,FAMILY,Everyone
S Launcher Pro for Galaxy,4.1,3.871201010907891,6.90875477931522,0.025390625,4.99,1,909,PERSONALIZATION,Everyone
Type S LED,3.5,6.444131256700441,11.51293546492023,,0.0,0,360,LIFESTYLE,Everyone
S Note,4.1,9.428350771178645,16.118095750958314,31.0,0.0,0,317,PRODUCTIVITY,Everyone
"S Photo Editor - Collage Maker , Photo Collage",4.4,13.787702472323703,18.420680753952364,45.0,0.0,0,6,PHOTOGRAPHY,Everyone
Stupid Zombies,4.5,13.049579758676577,16.118095750958314,33.0,0.0,0,43,GAME,Teen
S’more - Earn Cash Rewards,4.1,9.62231756369957,13.815511557963774,14.0,0.0,0,17,PRODUCTIVITY,Everyone
PitchBlack S - Samsung Substratum Theme “For Oreo”,4.5,4.51085950651685,6.90875477931522,37.0,1.99,1,5,PERSONALIZATION,Everyone
Samsung Smart Switch Mobile,4.3,11.897602660548095,18.420680753952364,24.0,0.0,0,22,TOOLS,Everyone
"S S9 Launcher - Galaxy S8/S9 Launcher, theme, cool",4.4,10.021448350169694,13.815511557963774,6.5,0.0,0,34,TOOLS,Everyone
Five Nights at Freddy's 2 Demo,4.3,14.223336211125776,17.72753358339242,40.0,0.0,0,1363,FAMILY,Teen
Crime Wars S. Andreas,4.3,8.66319648553608,13.122365377402328,93.0,0.0,0,484,GAME,Teen
S Pen Keeper,3.8,6.329720905522696,10.819798284210286,0.306640625,0.0,0,62,TOOLS,Everyone
SH Script Runner,3.9,5.814130531825066,10.819798284210286,3.7,0.0,0,219,PRODUCTIVITY,Everyone
City Taxi Driver sim 2016: Cab simulator Game-s,4.1,9.687319614958344,13.815511557963774,57.0,0.0,0,58,FAMILY,Everyone
Shopping List S PRO,4.8,2.70805020110221,4.61512051684126,2.7,2.49,1,85,SHOPPING,Everyone
Tinder,4.0,14.841471863836045,18.420680753952364,68.0,0.0,0,7,LIFESTYLE,Mature 17+
T-Mobile,4.3,13.087007665501693,16.118095750958314,,0.0,0,6,TOOLS,Everyone
Dino T-Rex,4.0,11.143541531433012,16.118095750958314,2.4,0.0,0,57,GAME,Everyone
Telegram,4.4,14.956100013683862,18.420680753952364,,0.0,0,13,COMMUNICATION,Mature 17+
AT&T U-verse,3.7,10.561188886161775,13.815511557963774,96.0,0.0,0,57,FAMILY,Everyone
AT&T Messages for Tablet,3.3,8.021256180143997,13.815511557963774,,0.0,0,493,COMMUNICATION,Everyone
T Uploader,4.1,4.330733340286331,9.210440366976517,2.2,0.0,0,258,FAMILY,Everyone
T-Mobile DIGITS,3.0,7.507141079727608,11.51293546492023,33.0,0.0,0,175,COMMUNICATION,Everyone
AT&T Digital Life,4.1,9.217117356255207,13.815511557963774,,0.0,0,245,LIFESTYLE,Everyone
DIRECTV Remote App,3.0,6.175867270105761,13.815511557963774,19.0,0.0,0,343,FAMILY,Everyone
AT&T Smart Limits℠,3.8,7.741099090035366,16.118095750958314,,0.0,0,520,LIFESTYLE,Everyone
T-Mobile Tuesdays,4.0,10.880779305967682,15.424948670398354,21.0,0.0,0,27,LIFESTYLE,Everyone
"Truecaller: Caller ID, SMS spam blocking & Dialer",4.5,15.872294340334824,18.420680753952364,,0.0,0,8,COMMUNICATION,Everyone
AT&T Mobile Transfer,4.6,10.033462628957874,16.118095750958314,26.0,0.0,0,9,PRODUCTIVITY,Everyone
T-Mobile Content Transfer,4.1,5.916202062607435,13.122365377402328,29.0,0.0,0,196,PRODUCTIVITY,Everyone
T-Mobile Visual Voicemail,3.6,10.633520992762682,17.72753358339242,,0.0,0,9,TOOLS,Everyone
I Can't Wake Up!,4.7,6.871091294610546,9.210440366976517,3.7,2.99,1,76,TOOLS,Everyone
AT&T FamilyMap®,3.5,9.980124467074832,16.118095750958314,25.0,0.0,0,289,TOOLS,Everyone
T-Mobile® FamilyMode™,3.1,4.6443908991413725,9.210440366976517,28.0,0.0,0,41,PARENTING,Everyone
Portable Wi-Fi hotspot,3.9,11.835950549694006,16.118095750958314,2.1,0.0,0,95,COMMUNICATION,Everyone
AT&T Call Protect,4.2,8.772610303280743,15.424948670398354,15.0,0.0,0,98,COMMUNICATION,Everyone
Don't Starve: Pocket Edition,4.4,9.797515738962685,11.51293546492023,7.9,4.99,1,15,GAME,Teen
"Please, Don't Touch Anything",4.4,7.4798641311650265,9.210440366976517,46.0,4.99,1,841,FAMILY,Teen
AT&T DriveMode,3.3,9.04381342108087,16.118095750958314,8.9,0.0,0,98,MAPS_AND_NAVIGATION,Everyone
The T Factor,4.8,3.8918202981106265,6.90875477931522,13.0,0.0,0,317,EVENTS,Everyone
Please Don't Touch Anything 3D,4.2,4.990432586778736,8.517393171418904,20.0,5.99,1,610,FAMILY,Teen
Don't Panic with Andrew J.,4.5,4.8283137373023015,8.517393171418904,,2.99,1,1080,BOOKS_AND_REFERENCE,Everyone
Don't touch my phone,3.8,9.99624903261744,15.424948670398354,2.3,0.0,0,659,TOOLS,Everyone
Don't Starve: Shipwrecked,4.1,7.292337176173877,9.210440366976517,4.9,4.99,1,30,GAME,Teen
Ludo - Don't get angry,4.2,4.882801922586371,6.90875477931522,23.0,1.61,1,897,GAME,Everyone
Jurassic Life: T Rex Simulator,4.2,6.9930151229329605,9.210440366976517,35.0,0.99,1,1451,FAMILY,Everyone 10+
T-Mobile SyncUP DRIVE,4.0,7.591861714889934,11.51293546492023,18.0,0.0,0,8,AUTO_AND_VEHICLES,Everyone
T-shirt design - Snaptee,4.2,10.300819677414104,13.815511557963774,45.0,0.0,0,21,LIFESTYLE,Everyone
MBTA GPS - Track the T,3.8,4.418840607796598,8.517393171418904,5.6,0.0,0,167,MAPS_AND_NAVIGATION,Everyone
T. Rowe Price Personal® App,4.5,6.964135612418245,10.819798284210286,4.5,0.0,0,34,FINANCE,Everyone
Můj T-Mobile Business,3.7,9.258273025731485,13.815511557963774,5.8,0.0,0,16,PRODUCTIVITY,Everyone
U by BB&T,4.3,9.717218213494077,13.815511557963774,24.0,0.0,0,51,FINANCE,Everyone
U LIVE – Video Chat & Stream,4.5,11.121540761070069,13.815511557963774,21.0,0.0,0,108,SOCIAL,Mature 17+
"U - Webinars, Meetings & Messenger",4.1,8.795127912413138,13.122365377402328,31.0,0.0,0,38,COMMUNICATION,Everyone
Hollywood U: Rising Stars,4.2,12.36131843978639,15.424948670398354,74.0,0.0,0,475,FAMILY,Teen
U-Dictionary: Best English Learning Dictionary,4.5,12.025072215663602,16.118095750958314,21.0,0.0,0,11,FAMILY,Everyone 10+
Ustream,4.0,11.4472022423509,16.118095750958314,7.3,0.0,0,29,VIDEO_PLAYERS,Mature 17+
UC Browser Mini -Tiny Fast Private & Secure,4.4,15.109899586204225,18.420680753952364,3.3,0.0,0,22,COMMUNICATION,Teen
ENCHANT U,4.3,11.338310138760503,13.122365377402328,11.0,0.0,0,2100,FAMILY,Everyone
/u/app,4.7,6.352629396319567,9.210440366976517,53.0,0.0,0,37,COMMUNICATION,Mature 17+
Kicker U,4.1,4.8283137373023015,8.517393171418904,37.0,3.99,1,57,LIFESTYLE,Everyone
U-Haul,3.2,6.748759547491679,11.51293546492023,37.0,0.0,0,9,TRAVEL_AND_LOCAL,Everyone
Vienna U-Bahn,3.9,4.941642422609304,9.210440366976517,2.0,0.0,0,15,MAPS_AND_NAVIGATION,Everyone
Kicker U Lite,4.1,6.0844994130751715,10.819798284210286,26.0,0.0,0,1777,LIFESTYLE,Everyone
U-Scan,3.4,6.665683717782408,10.819798284210286,42.0,0.0,0,679,TOOLS,Everyone
Octo U: Your driving companion,3.0,5.805134968916488,10.819798284210286,7.8,0.0,0,149,TRAVEL_AND_LOCAL,Everyone
I Love U Theme&Emoji Keyboard,4.6,6.486160788944089,11.51293546492023,3.5,0.0,0,93,PERSONALIZATION,Everyone
Channel U,4.6,3.5553480614894135,6.90875477931522,14.0,0.0,0,80,FAMILY,Everyone
"Parallel U - App Cloner, Duals APP, tarallel",4.1,8.106514516255185,13.122365377402328,5.1,0.0,0,86,TOOLS,Everyone
U Pull It Auto Dismantler,3.1,4.276666119016055,9.210440366976517,1.9,0.0,0,1913,BUSINESS,Everyone
Wii U Simulator,3.4,7.072421900537371,11.51293546492023,38.0,0.0,0,123,FAMILY,Everyone 10+
U Camera : Phone 6s OS 9 style,4.2,7.677400430514807,13.122365377402328,3.0,0.0,0,346,PHOTOGRAPHY,Everyone
U get - Wireless Speed Test,4.2,3.295836866004329,8.517393171418904,2.2,0.0,0,66,TOOLS,Everyone
U Guard,3.0,5.5053315359323625,9.210440366976517,3.5,0.0,0,708,TOOLS,Everyone
DRC Sim - Wii U Gamepad,2.4,5.351858133476067,9.210440366976517,4.0,0.0,0,410,FAMILY,Everyone
"See U - Random video chat, video chat",4.1,6.343880434126331,11.51293546492023,27.0,0.0,0,118,SOCIAL,Mature 17+
[verify-U] VideoIdent,2.9,4.430816798843313,9.210440366976517,13.0,0.0,0,105,COMMUNICATION,Everyone
What U See,4.0,6.569481420414296,11.51293546492023,21.0,0.0,0,157,SOCIAL,Teen
U Assist - Screen Mirroring & Sharing App,4.0,5.293304824724492,10.819798284210286,3.5,0.0,0,560,PRODUCTIVITY,Everyone
U+Box,3.8,10.10716282065494,16.118095750958314,22.0,0.0,0,78,PRODUCTIVITY,Everyone
Wi u Emulator,2.4,6.150602768446279,9.210440366976517,7.2,0.0,0,159,FAMILY,Everyone
Waiting For U Launcher Theme,4.4,8.630521876723241,13.122365377402328,4.8,0.0,0,747,PERSONALIZATION,Everyone
U of I Community Credit Union,3.7,3.970291913552122,8.517393171418904,13.0,0.0,0,97,FINANCE,Everyone
U-Report,4.3,5.488937726156687,9.210440366976517,7.5,0.0,0,121,SOCIAL,Teen
"Meet U - Get Friends for Snapchat, Kik & Instagram",4.6,8.397508348470257,11.51293546492023,5.4,0.0,0,76,SOCIAL,Mature 17+
U-Craft Mobile,4.2,9.341807134718488,11.51293546492023,30.0,0.0,0,332,FAMILY,Everyone
Alarmy (Sleep If U Can) - Pro,4.8,9.235032984566555,9.210440366976517,,2.49,1,10,LIFESTYLE,Everyone
U-Disco,3.6,6.810142450115136,11.51293546492023,0.19140625,0.0,0,1646,FAMILY,Everyone
SAY-U,3.2,6.919683849847411,11.51293546492023,,0.0,0,27,FAMILY,Teen
Be U Salons Hair-Beauty Deals In Delhi & Bangalore,4.0,6.7912214627261855,11.51293546492023,16.0,0.0,0,7,LIFESTYLE,Everyone
U-48 Submarine Commander Free,3.5,8.428580533059634,13.122365377402328,3.8,0.0,0,306,GAME,Everyone
Berlin Subway – BVG U-Bahn & S-Bahn map and routes,4.4,6.234410725718371,11.51293546492023,17.0,0.0,0,64,MAPS_AND_NAVIGATION,Everyone
Remote For ATT U-verse TV - NOW FREE,2.5,3.044522437723423,8.517393171418904,26.0,0.0,0,15,TOOLS,Everyone
Pocket U ASW,3.9,4.543294782270004,9.210440366976517,28.0,0.0,0,15,FAMILY,Everyone
V LIVE - Star Live App,4.4,12.892064286167948,16.118095750958314,,0.0,0,7,FAMILY,Teen
Identity V,4.2,11.60152225120087,13.815511557963774,38.0,0.0,0,30,GAME,Teen
VMate,4.2,12.16877568078578,17.72753358339242,17.0,0.0,0,6,VIDEO_PLAYERS,Teen
V Made,4.3,5.488937726156687,11.51293546492023,20.0,0.0,0,177,BOOKS_AND_REFERENCE,Everyone
Grand Theft Auto V: The Manual,4.1,12.112333231427225,15.424948670398354,6.9,0.0,0,9,FAMILY,Teen
Viber Messenger,4.3,16.243448364178043,20.030118658386467,,0.0,0,22,COMMUNICATION,Everyone
V for Voodoo,4.2,9.733707027236484,13.815511557963774,59.0,0.0,0,42,GAME,Teen
Sin City Crime Simulator V - Gangster,4.2,7.656337166430183,11.51293546492023,67.0,0.0,0,108,GAME,Everyone 10+
The Gang Sniper V. Pocket Edition.,3.9,8.719644119505357,13.122365377402328,61.0,0.0,0,50,GAME,Mature 17+
Vimeo,3.9,11.357195204929413,16.118095750958314,,0.0,0,8,FAMILY,Teen
All Video Downloader,3.8,12.018079032998763,16.118095750958314,1.6,0.0,0,5,VIDEO_PLAYERS,Everyone
"Vault-Hide SMS,Pics & Videos,App Lock,Cloud backup",4.5,13.799840420159159,17.72753358339242,,0.0,0,7,BUSINESS,Everyone
VidPlay,4.2,8.173857454773621,13.815511557963774,3.7,0.0,0,74,VIDEO_PLAYERS,Everyone
HD Video Downloader : 2018 Best video mate,3.7,12.973037041692537,17.72753358339242,4.9,0.0,0,70,VIDEO_PLAYERS,Everyone
V-CUBE Seminar Mobile,4.3,6.297109319933935,11.51293546492023,30.0,0.0,0,114,BUSINESS,Everyone
VivaVideo - Video Editor & Photo Movie,4.6,16.105969829440415,18.420680753952364,40.0,0.0,0,5,VIDEO_PLAYERS,Teen
Mod GTA V for MCPE,3.3,8.36380888451688,13.122365377402328,10.0,0.0,0,108,FAMILY,Everyone
Vi Trainer,3.6,4.8283137373023015,8.517393171418904,100.0,0.0,0,7,HEALTH_AND_FITNESS,Everyone
San Andreas: Gang Crime V,4.1,7.783224016336037,11.51293546492023,42.0,0.0,0,193,GAME,Mature 17+
The Grand Bike V,3.8,8.154500175151941,13.815511557963774,95.0,0.0,0,166,FAMILY,Everyone
V.360° Camera,3.3,6.368187186350492,11.51293546492023,28.0,0.0,0,1063,PHOTOGRAPHY,Everyone
FINAL FANTASY V,4.5,9.675645480440364,11.51293546492023,4.2,7.99,1,512,FAMILY,Teen
BTS V LINE Launcher theme,4.8,8.096817470572319,11.51293546492023,3.6,0.0,0,1392,PERSONALIZATION,Everyone
"VideoShow-Video Editor, Video Maker, Beauty Camera",4.6,15.206004837068376,18.420680753952364,,0.0,0,17,VIDEO_PLAYERS,Everyone
VMate Lite - Funny Short Videos Social Network,4.3,6.806829360392176,13.815511557963774,4.6,0.0,0,6,SOCIAL,Teen
Mirk V Launcher Theme,4.5,5.680172609017068,9.210440366976517,7.9,0.0,0,512,PERSONALIZATION,Everyone
Mike V: Skateboard Party PRO,4.2,7.826842098158293,10.819798284210286,,3.99,1,563,SPORTS,Everyone
The grand theft V Wallpaper,3.8,4.477336814478207,9.210440366976517,4.3,0.0,0,65,PERSONALIZATION,Everyone 10+
V Bucks ProTips New,4.7,6.38856140554563,6.90875477931522,3.6,0.0,0,21,SOCIAL,Everyone
Cheats for GTA V,4.2,6.111467339502679,11.51293546492023,5.9,0.0,0,11,FAMILY,Everyone
V for Vampire - Free,4.3,7.927685045615778,13.122365377402328,35.0,0.0,0,1419,FAMILY,Teen
Get Free V-bucks_fortnite Hints,4.7,7.599901959208498,8.517393171418904,1.8,0.0,0,19,FAMILY,Everyone
V BTS Wallpaper,4.7,4.852030263919617,8.517393171418904,9.5,0.0,0,97,PERSONALIZATION,Everyone
v-view,3.6,5.736572297479192,9.210440366976517,19.0,0.0,0,413,FAMILY,Everyone
Mental Hospital V,4.2,7.8083230503910555,10.819798284210286,25.0,0.99,1,628,GAME,Mature 17+
Grand Stickman Cover V,4.0,7.4645098346365275,11.51293546492023,37.0,0.0,0,82,GAME,Mature 17+
Cheat Codes for GTA V,4.3,6.380122536899765,11.51293546492023,3.6,0.0,0,340,FAMILY,Mature 17+
DRAGON QUEST V,4.7,7.419380582918692,9.210440366976517,17.0,14.99,1,8,FAMILY,Teen
WeChat,4.2,15.499616514254084,18.420680753952364,,0.0,0,9,COMMUNICATION,Everyone
Easy V-Bux free,4.6,6.75343791859778,8.517393171418904,2.9,0.0,0,23,FAMILY,Everyone
BTS V Kim Taehyung Wallpapers Kpop HD New,4.8,3.9512437185814275,8.517393171418904,3.4,0.0,0,60,PERSONALIZATION,Everyone
Wattpad 📖 Free Books,4.6,14.885445555745514,18.420680753952364,,0.0,0,8,BOOKS_AND_REFERENCE,Teen
W Pro - Weather Forecast & Animated Weather Maps,3.8,2.4849066497880004,6.2166061010848646,2.9,1.99,1,108,WEATHER,Everyone
W - Weather Forecast & Animated Radar Maps,4.2,3.4011973816621555,8.517393171418904,3.5,0.0,0,108,WEATHER,Everyone
W-History Standalone,3.2,3.6635616461296463,6.90875477931522,1.5,0.99,1,153,SOCIAL,Everyone
Words With Friends Classic,4.3,14.348555298726676,17.72753358339242,,0.0,0,29,GAME,Everyone
Fantasy Squad W,4.3,7.669961995473577,10.819798284210286,47.0,0.0,0,115,FAMILY,Everyone 10+
LINE WEBTOON - Free Comics,4.5,13.829359221031025,16.118095750958314,,0.0,0,9,COMICS,Teen
Weather & Clock Widget for Android,4.4,14.679051777785679,17.72753358339242,11.0,0.0,0,66,WEATHER,Everyone
W Box VMS,1.9,4.663439094112067,9.210440366976517,9.1,0.0,0,577,VIDEO_PLAYERS,Everyone
WhatsApp Business,4.4,11.828794039266636,16.118095750958314,32.0,0.0,0,10,COMMUNICATION,Everyone
W Box VMS HD,2.5,3.2188758248682006,8.517393171418904,16.0,0.0,0,582,VIDEO_PLAYERS,Everyone
Ace Screen Recorder w facecam,4.2,7.803026643632217,11.51293546492023,2.5,0.0,0,226,TOOLS,Everyone
WIFI WPS WPA TESTER,4.3,12.771664824922524,16.118095750958314,6.7,0.0,0,58,TOOLS,Everyone
Flashlight Free w/ compass,4.0,4.330733340286331,9.210440366976517,1.9,0.0,0,512,TOOLS,Everyone
"App Lock: Locker w/ fingerprint, Parental Control",4.5,10.534972072703967,13.815511557963774,,0.0,0,127,TOOLS,Everyone
IRS W-9 form,4.8,6.20050917404269,9.210440366976517,27.0,0.0,0,14,BUSINESS,Everyone
Open in WhatsApp (click to chat),4.2,9.402777262511231,13.815511557963774,0.0771484375,0.0,0,8,TOOLS,Everyone
B & W Filter for Photo Editor Pro,4.7,4.189654742026425,8.517393171418904,7.6,0.0,0,99,PERSONALIZATION,Everyone
WowBox,4.4,11.53231624276216,15.424948670398354,8.2,0.0,0,108,LIFESTYLE,Everyone
Zaatar w Zeit,4.4,5.327876168789581,10.819798284210286,33.0,0.0,0,39,FOOD_AND_DRINK,Everyone
WPSApp,4.4,11.462484438877803,16.118095750958314,3.1,0.0,0,6,TOOLS,Everyone
WhatsCall Free Global Phone Call App & Cheap Calls,4.6,13.938583576953747,16.118095750958314,27.0,0.0,0,64,COMMUNICATION,Everyone
Dictionary - WordWeb,4.6,11.735836989368275,15.424948670398354,,0.0,0,75,BOOKS_AND_REFERENCE,Teen
Profile w/o crop for Telegram,4.2,5.855071922202427,9.210440366976517,1.5,0.0,0,1581,PHOTOGRAPHY,Everyone
weather HD,4.0,7.344072850573066,9.210440366976517,4.5,1.99,1,1625,PERSONALIZATION,Everyone
Draw Something Classic,4.2,13.903619415834722,17.72753358339242,43.0,0.0,0,12,GAME,Everyone
X-VPN - Free Unlimited VPN Proxy,4.5,10.611966597093055,15.424948670398354,21.0,0.0,0,9,TOOLS,Everyone
X Launcher: With OS11 Style Theme & Control Center,4.7,8.657824321155983,11.51293546492023,4.4,0.0,0,10,ART_AND_DESIGN,Everyone
"Phone X Launcher, OS 11 iLauncher & Control Center",4.2,10.89792380895407,15.424948670398354,16.0,0.0,0,69,TOOLS,Everyone
Lock Screen Phone X Style OS 11,4.4,7.062191632286556,11.51293546492023,13.0,0.0,0,136,TOOLS,Everyone
Nose Doctor X: Booger Mania,3.2,10.53436031361157,15.424948670398354,34.0,0.0,0,708,FAMILY,Everyone
Control Center iOS 11 - Phone X Control Panel,4.1,7.563200592358071,11.51293546492023,8.3,0.0,0,267,TOOLS,Everyone
X Browser,4.0,4.962844630259907,10.819798284210286,2.5,0.0,0,221,COMMUNICATION,Everyone
"X Launcher Pro: PhoneX Theme, OS11 Control Center",4.7,6.687108607866515,8.517393171418904,3.5,1.99,1,10,ART_AND_DESIGN,Everyone
X-plore File Manager,4.6,12.034619809621319,16.118095750958314,6.4,0.0,0,44,TOOLS,Everyone
Flashlight X,4.6,9.924221118923034,13.815511557963774,4.3,0.0,0,123,TOOLS,Everyone
iSwipe Phone X,4.7,10.974505940611799,13.815511557963774,6.3,0.0,0,245,TOOLS,Everyone
X Launcher Pro - IOS Style Theme & Control Center,4.8,7.104144092987527,9.210440366976517,8.6,1.99,1,44,ART_AND_DESIGN,Everyone
X Home Bar - Free,4.6,8.345455428161928,11.51293546492023,1.9,0.0,0,52,TOOLS,Everyone
[ROOT] X Privacy Installer,4.2,9.404919826165639,13.815511557963774,0.115234375,0.0,0,1292,TOOLS,Everyone
Extreme X Ray Robot Stunts,4.3,9.287949351303165,15.424948670398354,49.0,0.0,0,457,GAME,Everyone
Xray Scanner Prank,3.3,12.782230850084908,16.118095750958314,3.7,0.0,0,610,FAMILY,Everyone
X Launcher Prime: With OS Style Theme & No Ads,4.7,5.0106352940962555,6.90875477931522,3.5,1.99,1,10,ART_AND_DESIGN,Everyone
The X-Files: Deep State - Hidden Object Adventure,4.5,9.999660995984785,13.122365377402328,53.0,0.0,0,22,FAMILY,Teen
Theme for Iphone X Plus,4.0,4.844187086458591,9.210440366976517,8.0,0.0,0,294,PERSONALIZATION,Everyone
Casino X - Free Online Slots,4.5,10.32600641521012,13.815511557963774,,0.0,0,79,GAME,Teen
X-WOLF,4.2,8.492695559815838,11.51293546492023,27.0,0.0,0,188,GAME,Everyone 10+
Light X - Icon Pack,4.6,5.53338948872752,9.210440366976517,24.0,0.99,1,57,PERSONALIZATION,Everyone
X-Plane 10 Flight Simulator,4.2,11.054027934064598,13.815511557963774,11.0,0.0,0,43,FAMILY,Everyone
Anime X Wallpaper,4.7,10.392496923021222,13.815511557963774,3.2,0.0,0,70,PERSONALIZATION,Everyone
NEW Theme for Phone X,4.7,9.064505023752638,13.122365377402328,3.7,0.0,0,79,PERSONALIZATION,Everyone
X-Plane to GPS,4.2,5.087596335232384,8.517393171418904,1.2,0.99,1,158,TOOLS,Everyone
Control Center iOS 11 - Phone X notifications,4.3,6.244166900663736,10.819798284210286,8.4,0.0,0,178,TOOLS,Everyone
iLocker X - iOS11 Lockscreen with HD Wallpapers,4.3,7.44716835960004,11.51293546492023,31.0,0.0,0,51,PERSONALIZATION,Everyone
Hero Fighter X,4.5,10.094562354324832,13.122365377402328,45.0,0.0,0,1000,GAME,Teen
Slendrina X,4.4,9.45226642258976,13.815511557963774,56.0,0.0,0,234,GAME,Teen
X Back - Icon Pack,4.5,4.04305126783455,9.210440366976517,26.0,0.99,1,41,PERSONALIZATION,Everyone
Guide (for X-MEN),4.6,6.375024819828097,11.51293546492023,17.0,0.0,0,458,BOOKS_AND_REFERENCE,Everyone
"Decibel X PRO - Sound Meter dBA, Noise Detector",4.3,4.110873864173311,6.90875477931522,6.9,3.99,1,29,TOOLS,Everyone
Flight Simulator X 2016 Free,3.8,10.706318390495808,13.815511557963774,,0.0,0,563,FAMILY,Everyone
Robocar X Ray,4.5,8.141189793457691,13.815511557963774,99.0,0.0,0,563,GAME,Mature 17+
Space X: Sky Wars of Air Force,4.5,9.282568005973063,13.815511557963774,47.0,0.0,0,5,GAME,Everyone
OS-X EMUI 4/5/8 THEME,3.9,6.821107472256465,11.51293546492023,36.0,0.0,0,185,PERSONALIZATION,Everyone
Flexiroam X,4.0,6.775366090936392,11.51293546492023,21.0,0.0,0,6,TRAVEL_AND_LOCAL,Everyone
X-ray scanner simulator,2.7,7.388327859577107,13.122365377402328,3.0,0.0,0,578,FAMILY,Everyone
X Construction,4.5,9.831615540298333,11.51293546492023,8.5,1.49,1,1108,FAMILY,Everyone
X Home Bar - Home Bar Gesture Pro,4.0,4.48863636973214,9.210440366976517,2.0,1.99,1,38,TOOLS,Everyone
PLAYBULB X,2.9,7.6783263565068856,11.51293546492023,15.0,0.0,0,45,LIFESTYLE,Everyone
X-Wing Squadron Builder,4.6,8.682538124003075,11.51293546492023,50.0,0.0,0,373,FAMILY,Everyone
YouTube TV - Watch & Record Live TV,4.4,10.558880943484157,13.815511557963774,17.0,0.0,0,7,FAMILY,Teen
JW Caleb y Sofia,4.6,8.561784074744113,13.122365377402328,1.9,0.0,0,993,FAMILY,Everyone
Boomerang Make and Race,4.4,12.547706537856904,16.118095750958314,70.0,0.0,0,69,FAMILY,Everyone
Talking Tom & Ben News,4.4,13.939441765927295,18.420680753952364,41.0,0.0,0,101,FAMILY,Everyone
Vegas Crime Simulator,4.2,13.48929137864718,17.72753358339242,99.0,0.0,0,7,FAMILY,Teen
PewDiePie's Tuber Simulator,4.8,14.220620269593256,16.118095750958314,96.0,0.0,0,16,FAMILY,Teen
Yahoo Mail – Stay Organized,4.3,15.247816464560923,18.420680753952364,16.0,0.0,0,22,COMMUNICATION,Everyone
Real Gangster Crime,4.3,12.563100027355377,16.118095750958314,84.0,0.0,0,44,GAME,Teen
Antivirus & Mobile Security,4.6,12.769304743868686,16.118095750958314,5.0,0.0,0,181,TOOLS,Everyone
Flashlight Ultimate,4.6,9.737255856891121,13.815511557963774,5.0,0.0,0,196,TOOLS,Everyone
PBS KIDS Video,4.2,10.497228676629426,15.424948670398354,,0.0,0,28,FAMILY,Everyone
Gangster Town,4.1,11.22314786510039,15.424948670398354,99.0,0.0,0,595,GAME,Teen
Rope Hero 3,4.4,10.733610188123151,15.424948670398354,99.0,0.0,0,458,GAME,Teen
Avast Mobile Security 2018 - Antivirus & App Lock,4.5,15.460408467067566,18.420680753952364,26.0,0.0,0,8,TOOLS,Everyone
NQ Mobile Security & Antivirus,4.4,12.964974794555543,16.118095750958314,,0.0,0,62,PRODUCTIVITY,Teen
yHomework - Math Solver,4.2,10.835100300508067,13.815511557963774,,0.0,0,819,FAMILY,Everyone
GO Launcher - 3D parallax Themes & HD Wallpapers,4.5,15.825735587079928,18.420680753952364,,0.0,0,6,PERSONALIZATION,Everyone
Z Origins - (Z The Game),4.6,8.394347361417392,10.819798284210286,37.0,2.99,1,1373,FAMILY,Teen
ZArchiver,4.5,12.72855901773895,16.118095750958314,,0.0,0,174,TOOLS,Everyone
"Zapya - File Transfer, Sharing",4.6,12.86865494291884,16.118095750958314,9.0,0.0,0,24,TOOLS,Teen
Experiment Z - Zombie,4.0,12.342917293258017,16.118095750958314,88.0,0.0,0,248,GAME,Mature 17+
War Z 2,4.5,11.483208250182079,15.424948670398354,87.0,0.0,0,128,FAMILY,Teen
Last Empire - War Z: Strategy,4.2,13.657096134620998,17.72753358339242,78.0,0.0,0,7,FAMILY,Teen
Z Day: Hearts of Heroes,3.9,8.68185981297147,13.815511557963774,67.0,0.0,0,29,FAMILY,Everyone 10+
Z Champions,4.7,11.472405508165323,13.815511557963774,59.0,0.0,0,73,GAME,Teen
CPU-Z,4.5,12.596190586024257,16.118095750958314,1.4,0.0,0,114,TOOLS,Everyone
WithstandZ - Zombie Survival!,4.3,11.708599150694699,13.815511557963774,59.0,0.0,0,224,GAME,Teen
Empire Z: Endless War,4.2,12.815707773861103,15.424948670398354,76.0,0.0,0,24,FAMILY,Teen
Zombie War Z : Hero Survival Rules,3.9,7.59488438721652,11.51293546492023,62.0,0.0,0,239,GAME,Mature 17+
DRAGON BALL Z DOKKAN BATTLE,4.1,13.384904549299701,16.118095750958314,80.0,0.0,0,37,GAME,Teen
Moto Z Market,2.2,6.406879986069314,13.815511557963774,3.8,0.0,0,234,TOOLS,Everyone
Cube Z (Pixel Zombies),4.2,10.632122526025627,13.815511557963774,56.0,0.0,0,739,GAME,Teen
Z War-Zombie Modern Combat,4.2,11.039748806988994,15.424948670398354,72.0,0.0,0,8,FAMILY,Teen
Z App,2.8,6.0063531596017325,10.819798284210286,25.0,0.0,0,48,LIFESTYLE,Everyone
GALAK-Z: Variant Mobile,3.9,4.983606621708336,9.210440366976517,79.0,0.0,0,10,GAME,Everyone
Z City,4.3,8.28828304520769,11.51293546492023,98.0,0.0,0,192,FAMILY,Teen
Space Z 🌏 🚀Icon Pack Theme,4.8,5.308267697401205,6.90875477931522,68.0,1.49,1,5,PERSONALIZATION,Everyone
Reload: The Z-Team,4.3,7.412160334945205,11.51293546492023,91.0,0.0,0,162,GAME,Everyone 10+
Rage Z: Multiplayer Zombie FPS Online Shooter,4.1,9.32892308780313,13.122365377402328,44.0,0.0,0,609,GAME,Mature 17+
Pixel Z Gunner 3D - Battle Survival Fps,4.2,9.34215779659637,13.815511557963774,96.0,0.0,0,34,GAME,Teen
Saiyan Z: Super SSJ Ultimate Combat,4.4,5.726847747587197,9.210440366976517,61.0,0.0,0,113,GAME,Everyone
Mini DAYZ: Zombie Survival,4.1,11.458067931485509,13.815511557963774,,0.0,0,62,GAME,Teen
Z-Empire: Dead Strike,4.6,4.605170185988092,9.210440366976517,19.0,0.0,0,62,FAMILY,Teen
Free Z Glass GO Keyboard Theme,4.3,11.182057495068847,15.424948670398354,8.8,0.0,0,405,PERSONALIZATION,Everyone
Zombie Avengers:(Dreamsky)Stickman War Z,4.3,9.518192651217346,13.815511557963774,96.0,0.99,1,44,GAME,Teen
Z Camera,3.8,4.962844630259907,9.210440366976517,7.7,0.0,0,853,PHOTOGRAPHY,Everyone
ZArchiver Donate,4.8,7.451241684987676,9.210440366976517,,2.5,1,174,TOOLS,Everyone
GO SMS Pro Z Glass Theme EX,3.8,10.094066588976938,13.815511557963774,2.2,0.0,0,1491,PERSONALIZATION,Everyone
Route Z,3.9,10.114477547677767,13.122365377402328,16.0,0.0,0,1126,GAME,Teen
Dragon X Adventure: Warrior Z,4.3,9.052282067317908,11.51293546492023,29.0,0.0,0,1010,GAME,Everyone 10+
Ultimate Fighter Z,4.3,5.198497031265826,8.517393171418904,24.0,0.0,0,24,GAME,Everyone
Theme eXp - Black Z Light,4.3,10.293534407915912,13.815511557963774,4.3,0.0,0,785,PERSONALIZATION,Everyone
Toy Battle Z,4.1,4.897839799950911,9.210440366976517,48.0,0.0,0,17,FAMILY,Everyone
Wave Z Live Wallpaper,4.2,11.061939841560255,15.424948670398354,2.3,0.0,0,1053,PERSONALIZATION,Teen
30 Day Ab Challenge,4.5,7.54274354536855,13.122365377402328,7.6,0.0,0,779,HEALTH_AND_FITNESS,Everyone
Angry Birds Blast,4.6,12.441603160655271,16.118095750958314,99.0,0.0,0,13,FAMILY,Everyone
ab,3.8,2.3978952727983707,6.90875477931522,22.0,0.0,0,651,FAMILY,Everyone
Ultimate Ab & Core Workouts,4.7,10.925434756268752,13.815511557963774,12.0,0.0,0,169,HEALTH_AND_FITNESS,Everyone
Angry Birds Evolution,4.5,12.859966912418406,16.118095750958314,88.0,0.0,0,10,FAMILY,Everyone
Angry Birds Match,4.7,12.334474655334654,15.424948670398354,91.0,0.0,0,21,FAMILY,Everyone
Angry Birds POP Bubble Shooter,4.5,13.29905075866452,16.118095750958314,99.0,0.0,0,7,FAMILY,Everyone
Abs Workout - Burn Belly Fat with No Equipment,4.8,11.145911543236316,16.118095750958314,10.0,0.0,0,17,HEALTH_AND_FITNESS,Everyone
6 Pack Promise - Ultimate Abs,4.6,9.84808054526439,13.815511557963774,,0.0,0,5,HEALTH_AND_FITNESS,Everyone
AB Repeat Player,4.3,7.395721608602045,11.51293546492023,18.0,0.0,0,156,VIDEO_PLAYERS,Everyone
"Abs, Core & Back Workout Challenge",4.8,8.271036865792954,11.51293546492023,33.0,0.0,0,31,HEALTH_AND_FITNESS,Everyone
AB Mobile App,3.4,7.652545692693921,11.51293546492023,8.2,0.0,0,353,HEALTH_AND_FITNESS,Everyone
Daily Ab Workout,4.6,7.973155433444133,10.819798284210286,,1.99,1,56,HEALTH_AND_FITNESS,Everyone
Angry Birds Epic RPG,4.5,14.784244203160831,16.118095750958314,63.0,0.0,0,22,FAMILY,Everyone
A-B repeater,4.4,3.4965075614664802,8.517393171418904,0.2333984375,0.0,0,83,VIDEO_PLAYERS,Everyone
Daily Ab Workout - Core & Abs Fitness Exercises,4.4,10.71308354573932,16.118095750958314,,0.0,0,56,HEALTH_AND_FITNESS,Everyone
Abs workout 7 minutes,4.6,10.52473585755221,13.815511557963774,,0.0,0,57,HEALTH_AND_FITNESS,Everyone
Angry Birds Friends,4.2,13.628884550299736,17.72753358339242,48.0,0.0,0,51,GAME,Everyone
30 Day Ab Challenge FREE,4.3,10.784234004885391,13.815511557963774,,0.0,0,239,HEALTH_AND_FITNESS,Everyone
AB Blast Match 3,4.3,4.718498871295094,9.210440366976517,48.0,0.0,0,51,FAMILY,Everyone
AB Click2Shop,3.8,6.12029741895095,11.51293546492023,18.0,0.0,0,44,SHOPPING,Everyone
Math games for kids : times tables - AB Math,3.9,7.771488760117616,13.122365377402328,8.3,0.0,0,13,FAMILY,Everyone
AB Crush Match 3,4.3,4.574710978503383,9.210440366976517,54.0,0.0,0,532,FAMILY,Everyone
"ABS Workout - Belly workout, 30 days AB",4.8,8.537779825024625,11.51293546492023,,0.0,0,27,HEALTH_AND_FITNESS,Everyone
AB Match,4.2,2.302585092994046,6.90875477931522,30.0,0.0,0,82,FAMILY,Everyone
Math games for kids : times tables training,4.5,6.447305862541213,9.210440366976517,8.3,1.59,1,13,FAMILY,Everyone
7 minute abs workout - Daily Ab Workout,4.8,6.269096283706261,11.51293546492023,23.0,0.0,0,132,HEALTH_AND_FITNESS,Everyone
5 Minute Ab Workouts,4.6,7.63433723562832,10.819798284210286,8.4,0.0,0,83,HEALTH_AND_FITNESS,Everyone
Angry Birds Go!,4.2,15.162642744217484,17.72753358339242,82.0,0.0,0,71,GAME,Everyone
AB Screen Recorder,4.2,6.280395838960195,9.210440366976517,5.0,0.0,0,311,TOOLS,Everyone
Six Pack Abs Photo Editor,4.0,8.694167141883597,13.815511557963774,17.0,0.0,0,553,PHOTOGRAPHY,Everyone
Angry Birds Star Wars,4.3,14.012766703206562,18.420680753952364,45.0,0.0,0,76,GAME,Everyone
30 Day AB Challenge - Lumowell,4.8,6.677083461247136,9.210440366976517,40.0,0.0,0,693,HEALTH_AND_FITNESS,Everyone
Ab Workouts,4.1,10.22201400828289,13.815511557963774,7.0,0.0,0,216,HEALTH_AND_FITNESS,Everyone
Ab Workouts - Ab Generator,4.7,3.091042453358316,6.90875477931522,3.8,0.0,0,586,HEALTH_AND_FITNESS,Everyone
Abs workout - 21 Day Fitness Challenge,4.8,9.831185640780722,13.815511557963774,15.0,0.0,0,99,HEALTH_AND_FITNESS,Everyone
Ladies' Ab Workout FREE,4.0,9.465525078835189,13.815511557963774,8.5,0.0,0,2131,HEALTH_AND_FITNESS,Everyone
30-Day Ab Challenge Tracker,3.5,5.41610040220442,9.210440366976517,0.3623046875,0.0,0,1492,HEALTH_AND_FITNESS,Everyone
Universal AC Remote Control,3.8,10.61974072181055,13.815511557963774,5.2,0.0,0,12,TOOLS,Everyone
AC Freedom,3.5,6.2878585601617845,11.51293546492023,,0.0,0,76,BUSINESS,Everyone
Smart Air Conditioner,3.3,8.473659189392508,13.122365377402328,13.0,0.0,0,77,TOOLS,Everyone
Assassin's Creed Identity,3.7,10.657964988247679,13.122365377402328,92.0,1.99,1,624,GAME,Teen
AC Remote Control,3.3,6.159095388491933,11.51293546492023,2.0,0.0,0,296,TOOLS,Everyone
Air conditioner remote control,3.4,10.304107608981093,13.815511557963774,5.0,0.0,0,386,TOOLS,Everyone
Smart-AC Universal Remote Free,1.8,8.092851027538384,13.122365377402328,1.8,0.0,0,1087,FAMILY,Everyone
AC REMOTE UNIVERSAL-PRO,1.6,5.998936561946683,11.51293546492023,1.7,0.0,0,972,FAMILY,Everyone
Kenmore Smart AC,1.9,4.276666119016055,8.517393171418904,24.0,0.0,0,458,LIFESTYLE,Everyone
AC WIFI,3.6,3.7376696182833684,9.210440366976517,23.0,0.0,0,67,TOOLS,Everyone
A/C Air Conditioner Remote,3.4,8.96405612822033,13.815511557963774,5.1,0.0,0,740,TOOLS,Everyone
Smart Air Conditioner(CAC),3.2,6.016157159698354,10.819798284210286,7.9,0.0,0,76,TOOLS,Everyone
Carrier Air Conditioner,2.5,5.8944028342648505,11.51293546492023,7.8,0.0,0,206,TOOLS,Everyone
AC Troubleshooter,4.7,4.997212273764115,9.210440366976517,4.2,0.0,0,1309,TOOLS,Everyone
TOSHIBA Smart AC,2.6,4.110873864173311,9.210440366976517,18.0,0.0,0,5,TOOLS,Everyone
Trane Interactive Smart AC,2.8,3.8918202981106265,9.210440366976517,3.3,0.0,0,840,TOOLS,Everyone
AC remote control mobile,3.9,8.020927718981577,11.51293546492023,7.7,0.0,0,433,TOOLS,Everyone
"AC Air condition Troubleshoot,Repair,Maintenance",4.2,3.332204510175204,8.517393171418904,3.1,0.0,0,183,BOOKS_AND_REFERENCE,Everyone
AC Remote for Haier - NOW FREE,3.9,5.820082930352362,10.819798284210286,27.0,0.0,0,10,TOOLS,Everyone
Air Conditioner Maintenance,4.0,2.4849066497880004,8.517393171418904,0.21484375,0.0,0,986,PRODUCTIVITY,Everyone
AC Remote for Daikin - NOW FREE,3.5,5.950642552587727,10.819798284210286,26.0,0.0,0,10,TOOLS,Everyone
A/C Universal Remote Control,3.1,8.090708716083997,13.815511557963774,3.0,0.0,0,450,TOOLS,Everyone
AC Remote for LG - NOW FREE,3.7,6.948897222313312,11.51293546492023,28.0,0.0,0,10,TOOLS,Everyone
Plug-in app (System AC),3.6,4.844187086458591,9.210440366976517,11.0,0.0,0,427,TOOLS,Everyone
LG AC Smart Diagnosis,3.4,5.934894195619588,11.51293546492023,6.1,0.0,0,506,LIFESTYLE,Everyone
AC Remote for Midea - NOW FREE,4.0,6.1070228877422545,11.51293546492023,26.0,0.0,0,10,TOOLS,Everyone
Ac remote control,3.7,6.71295620067707,10.819798284210286,5.0,0.0,0,528,TOOLS,Everyone
A/C REFRIGERANT CAPACITY,1.7,4.442651256490317,9.210440366976517,2.1,0.0,0,1381,BUSINESS,Everyone
Remote Control For All AC - Universal Remote,2.4,5.117993812416755,9.210440366976517,6.1,0.0,0,12,PRODUCTIVITY,Everyone
All Type Ac Repair & Services,4.3,3.828641396489095,9.210440366976517,2.2,0.0,0,226,LIFESTYLE,Everyone
AC Remote Control Simulator,3.3,5.869296913133774,11.51293546492023,2.3,0.0,0,248,FAMILY,Everyone
"Mi Remote controller - for TV, STB, AC and more",4.1,11.646940490625441,16.118095750958314,28.0,0.0,0,8,TOOLS,Everyone
AcDisplay,4.1,11.104566172748727,13.815511557963774,3.0,0.0,0,1106,PERSONALIZATION,Everyone
AC Mobile Control,3.4,7.280008252884188,11.51293546492023,9.7,0.0,0,1738,HOUSE_AND_HOME,Everyone
AC Remote For LG,3.0,7.1693500166706,11.51293546492023,3.4,0.0,0,170,TOOLS,Everyone
Universal AC Remote Control Simulator,3.0,4.787491742782046,10.819798284210286,3.9,0.0,0,230,FAMILY,Everyone
Hi-Smart AC,2.2,3.4965075614664802,6.90875477931522,9.4,0.0,0,128,TOOLS,Everyone
AC Remote for Sharp - NOW FREE,3.7,5.808142489980444,10.819798284210286,26.0,0.0,0,10,TOOLS,Everyone
AC Remote for Samsung - NOW FREE,3.7,6.340359303727752,11.51293546492023,27.0,0.0,0,10,TOOLS,Everyone
Pocket AC,4.8,4.875197323201151,6.90875477931522,4.4,9.99,1,43,PHOTOGRAPHY,Everyone
AC Remote for Carrier - NOW FREE,3.7,5.099866427824199,9.210440366976517,26.0,0.0,0,10,TOOLS,Everyone
"AC & TV, DVD, Set Top Box - Remote control IR",3.6,8.197814032221203,13.815511557963774,3.2,0.0,0,269,TOOLS,Everyone
ac remote control,3.7,9.16062477973025,13.122365377402328,7.0,0.0,0,29,TOOLS,Everyone
Free Adblocker Browser - Adblock & Popup Blocker,4.4,11.934729693011723,16.118095750958314,,0.0,0,21,COMMUNICATION,Everyone
Ad Detect Plugin - Handy Tool,3.8,8.53856321715243,13.122365377402328,1.4,0.0,0,955,PRODUCTIVITY,Everyone
AppBrain Ad Detector,3.7,9.129347212766652,13.815511557963774,1.7,0.0,0,119,TOOLS,Everyone
"AD - Nieuws, Sport, Regio & Entertainment",3.7,9.246672301223573,13.815511557963774,,0.0,0,12,NEWS_AND_MAGAZINES,Everyone
Flud (Ad free),4.8,8.637639344492104,9.210440366976517,,1.49,1,336,VIDEO_PLAYERS,Everyone
AdClear Ad blocker for Samsung,4.2,7.369600720526409,13.122365377402328,1.5,0.0,0,336,TOOLS,Everyone
Adblock Browser for Android,4.1,11.704487529795633,16.118095750958314,39.0,0.0,0,29,COMMUNICATION,Everyone
"CM Browser - Ad Blocker , Fast Download , Privacy",4.6,14.633122843788948,17.72753358339242,6.1,0.0,0,9,COMMUNICATION,Everyone
Adguard Content Blocker,4.1,9.581352052014967,13.815511557963774,4.3,0.0,0,164,TOOLS,Everyone
tTorrent - ad free,4.3,7.998671361015776,9.210440366976517,,1.99,1,55,VIDEO_PLAYERS,Everyone
cronometer (ad free),3.9,6.98100574072173,10.819798284210286,8.3,2.99,1,27,HEALTH_AND_FITNESS,Everyone
Ad Detector,3.8,5.342334251964811,10.819798284210286,0.712890625,0.0,0,1473,TOOLS,Everyone
Adblock Plus for Samsung Internet - Browse safe.,4.0,9.079092085366229,13.815511557963774,2.1,0.0,0,126,COMMUNICATION,Everyone
MyRadar NOAA Weather Radar Ad Free,4.5,8.00836557031292,9.210440366976517,26.0,2.99,1,5,WEATHER,Everyone
Safe Notes - Secure Ad-free notepad,4.6,8.12058871174027,10.819798284210286,0.73828125,0.0,0,261,PRODUCTIVITY,Everyone
Adblock Fast,4.1,9.201804040953895,13.815511557963774,3.2,0.0,0,449,PRODUCTIVITY,Everyone
FVD Ad-Free,4.4,7.4815557019095165,9.210440366976517,4.1,1.99,1,308,TOOLS,Everyone
2000 AD Comics and Judge Dredd,3.7,6.559615237493242,10.819798284210286,20.0,0.0,0,21,COMICS,Teen
Anti Adware,3.9,9.83905569237674,13.815511557963774,3.6,0.0,0,51,TOOLS,Everyone
Ad Blocker Turbo - Adblocker Browser,3.9,4.68213122712422,9.210440366976517,44.0,0.0,0,192,COMMUNICATION,Everyone
Weather & Radar Pro - Ad-Free,4.5,10.136343782704131,11.51293546492023,26.0,2.99,1,8,WEATHER,Everyone
ONScripter Plus (Ad Free),4.5,4.61512051684126,6.90875477931522,17.0,3.99,1,854,GAME,Everyone
Vpn Hosts (ad blocker & no root & support ipv6 ),4.4,5.768320995793772,9.210440366976517,1.1,2.99,1,37,TOOLS,Everyone
Google AdSense,4.3,10.871953190064392,13.815511557963774,2.9,0.0,0,239,PRODUCTIVITY,Everyone
Ad-free Triangle Solver,4.5,4.77912349311153,9.210440366976517,24.0,0.0,0,1085,FAMILY,Everyone
Ez Screen Recorder (no ad),4.7,9.070733417589766,11.51293546492023,14.0,0.0,0,67,VIDEO_PLAYERS,Everyone
Best Applock - Locker & No Ads,4.7,9.275472466913964,11.51293546492023,6.9,0.0,0,47,PRODUCTIVITY,Everyone
Local Services ads by Google,4.1,2.0794415416798357,6.90875477931522,12.0,0.0,0,23,BUSINESS,Everyone
Ad Block REMOVER - NEED ROOT,3.3,6.907755278982137,11.51293546492023,0.0888671875,0.0,0,1696,TOOLS,Everyone
WhatsFake Pro (Ad free),4.2,5.3230099791384085,8.517393171418904,9.4,0.99,1,318,SOCIAL,Everyone
Photo Compress 2.0 - Ad Free,4.1,8.74321260347591,13.815511557963774,1.7,0.0,0,824,TOOLS,Everyone
Ad Removal: thereisonlywe,3.4,2.833213344056216,4.61512051684126,0.2861328125,6.49,1,1559,PRODUCTIVITY,Everyone
Brave Browser: Fast AdBlocker,4.3,10.602666505327793,15.424948670398354,,0.0,0,40,COMMUNICATION,Everyone
Solitaire: Decked Out Ad Free,4.9,10.526829031352095,13.122365377402328,35.0,0.0,0,458,GAME,Everyone
"WeatherClear - Ad-free Weather, Minute forecast",4.5,8.087332926473351,10.819798284210286,3.8,0.0,0,410,WEATHER,Everyone
Ad Remove Plugin for App2SD,4.1,4.204692619390966,6.90875477931522,0.0166015625,1.29,1,1779,PRODUCTIVITY,Everyone
"Digital Clock : Simple, Tiny, Ad-free Desk Clock.",4.4,5.762051382780177,10.819798284210286,0.072265625,0.0,0,596,LIFESTYLE,Everyone
Google Ads,4.3,10.28643434921369,15.424948670398354,20.0,0.0,0,10,BUSINESS,Everyone
RAM Cleanup Ad-Free Option,4.4,6.126869184114185,9.210440366976517,1.1,2.99,1,744,TOOLS,Everyone
Emo Ads Blocker Browser,3.4,7.349873704738337,11.51293546492023,4.1,0.0,0,1057,TOOLS,Everyone
Bing Ads,4.1,7.511524648390866,11.51293546492023,13.0,0.0,0,20,BUSINESS,Everyone
My baby firework (Remove ad),4.1,3.4339872044851463,6.90875477931522,0.013671875,0.99,1,1932,FAMILY,Everyone
Apps Ads Detector,3.5,5.755742213586912,11.51293546492023,8.3,0.0,0,171,TOOLS,Everyone
TIMBER AD FILTER - Very useful ad block app,3.8,7.203405521083095,11.51293546492023,9.0,0.0,0,150,PRODUCTIVITY,Everyone
Alchemy Classic Ad Free,4.6,9.912397738665884,11.51293546492023,9.0,0.0,0,1536,FAMILY,Everyone
Easy Hotspot Ad Free,5.0,1.0986122886681098,2.3978952727983707,3.3,0.99,1,14,TOOLS,Everyone
"AE + Aerie: Jeans, Dresses, Swimsuits & Bralettes",4.2,9.92705758404856,13.815511557963774,28.0,0.0,0,23,SHOPPING,Everyone
A&E - Watch Full Episodes of TV Shows,4.0,10.299205309189412,13.815511557963774,19.0,0.0,0,24,FAMILY,Teen
Adobe Premiere Clip,3.9,10.5839546799387,15.424948670398354,59.0,0.0,0,44,VIDEO_PLAYERS,Everyone
Shortcuts for After Effects,3.7,6.142037405587356,10.819798284210286,1.9,0.0,0,1461,FAMILY,Everyone
AE Sudoku,4.3,7.683403681053826,11.51293546492023,12.0,0.0,0,1107,FAMILY,Everyone
ESS Mobile for AE,1.9,4.1588830833596715,8.517393171418904,1.8,0.0,0,681,PRODUCTIVITY,Everyone
AE Jewels 2: Island Adventures,4.2,6.481577129276431,9.210440366976517,30.0,0.0,0,897,GAME,Everyone
AE Bubble:Offline Bubble Games,4.2,8.849944227235596,11.51293546492023,,0.0,0,293,FAMILY,Everyone
AE Basketball,4.0,8.999742789830492,13.815511557963774,,0.0,0,1723,SPORTS,Everyone
AE Bingo: Offline Bingo Games,4.4,11.03080067031408,13.122365377402328,,0.0,0,678,GAME,Teen
AE Jewels,4.2,6.8679744089702925,10.819798284210286,18.0,0.0,0,1085,GAME,Everyone
AE Spider Solitaire,4.5,9.756378687497916,13.122365377402328,,0.0,0,428,GAME,Everyone
AE Coin Mania : Arcade Fun,4.3,10.309052655644626,13.815511557963774,29.0,0.0,0,182,GAME,Teen
AE Roundy POP,4.4,8.56845648535378,11.51293546492023,26.0,0.0,0,869,FAMILY,Everyone
Mupen64+AE FREE (N64 Emulator),4.0,10.639694222556521,13.815511557963774,12.0,0.0,0,1663,GAME,Everyone
Mupen64Plus AE (N64 Emulator),4.2,8.42726848388825,11.51293546492023,12.0,0.99,1,1663,GAME,Everyone
AE Lucky Fishing,4.3,9.813453429832148,13.815511557963774,17.0,0.0,0,878,GAME,Teen
AE Video Poker,4.0,6.582025138892826,10.819798284210286,18.0,0.0,0,952,GAME,Teen
AE Solitaire,4.3,7.482681828154651,10.819798284210286,26.0,0.0,0,217,GAME,Everyone
AE Archer,3.9,9.064042114358884,13.122365377402328,,0.0,0,1072,SPORTS,Everyone
AE Blackjack,4.0,7.257002707092073,11.51293546492023,17.0,0.0,0,986,GAME,Teen
AE Gun Ball: arcade ball games,3.7,9.05742226555147,13.815511557963774,12.0,0.0,0,1700,GAME,Everyone
AE Order,4.1,2.995732273553991,6.90875477931522,0.3095703125,0.0,0,1731,TOOLS,Everyone
TV.AE,3.9,4.700480365792417,9.210440366976517,7.5,0.0,0,322,FAMILY,Everyone
AE 3D MOTOR :Racing Games Free,4.2,11.223949222107734,15.424948670398354,,0.0,0,713,GAME,Everyone
AE Garage,4.4,4.174387269895637,6.90875477931522,66.0,0.0,0,408,AUTO_AND_VEHICLES,Everyone
AE Bulletins,4.5,2.70805020110221,6.90875477931522,30.0,0.0,0,22,BOOKS_AND_REFERENCE,Everyone
AE GTO Racing,3.9,8.85209276347713,11.51293546492023,35.0,0.0,0,1050,GAME,Everyone 10+
AE 3D Moto 3,3.9,7.859026979751538,11.51293546492023,26.0,0.0,0,1317,GAME,Everyone 10+
AE FreeCell,4.2,5.883322388488279,9.210440366976517,15.0,0.0,0,1372,GAME,Everyone
AE City Jump,4.5,6.690842277418564,9.210440366976517,27.0,0.0,0,22,GAME,Everyone
AE Angry Chef,4.1,6.280395838960195,9.210440366976517,39.0,0.0,0,1658,GAME,Everyone 10+
Ae Allah na Dai (Rasa),4.7,5.575949103146316,9.210440366976517,9.1,0.0,0,1316,BOOKS_AND_REFERENCE,Everyone
FilmoraGo - Free Video Editor,4.4,12.381956860360123,16.118095750958314,35.0,0.0,0,64,VIDEO_PLAYERS,Everyone
Event Manager - AllEvents.in,4.7,4.795790545596741,9.210440366976517,5.1,0.0,0,15,EVENTS,Everyone
Nasihat - Chalo ae Pyaara,4.7,6.324358962381311,9.210440366976517,6.7,0.0,0,1035,FAMILY,Everyone
AE Master Moto,4.0,9.791270249415089,13.815511557963774,37.0,0.0,0,973,GAME,Everyone
Brica BPRO5 AE,3.9,8.461046030793236,13.122365377402328,3.9,0.0,0,1149,PHOTOGRAPHY,Everyone
AE Air Hockey,3.8,6.831953565565855,10.819798284210286,7.6,0.0,0,1834,SPORTS,Everyone
Connect.ae - Local Search UAE,3.9,5.272999558563747,9.210440366976517,,0.0,0,126,TRAVEL_AND_LOCAL,Everyone
AE Fishing Hunter,4.4,2.70805020110221,6.90875477931522,6.6,0.0,0,877,GAME,Everyone
ActionDirector Video Editor - Edit Videos Fast,4.5,11.218983842347303,15.424948670398354,32.0,0.0,0,55,VIDEO_PLAYERS,Everyone
AE Checkout Plugin,3.8,5.342334251964811,9.210440366976517,0.076171875,0.0,0,1275,SHOPPING,Everyone
NewTek NDI,3.5,4.356708826689592,6.90875477931522,1.2,19.99,1,652,PHOTOGRAPHY,Everyone
AfterFocus,4.2,12.015063460338654,16.118095750958314,15.0,0.0,0,762,PHOTOGRAPHY,Everyone
AF Link,4.7,5.351858133476067,9.210440366976517,18.0,0.0,0,70,NEWS_AND_MAGAZINES,Everyone
AF Hydro,2.0,4.919980925828125,9.210440366976517,15.0,0.0,0,89,HEALTH_AND_FITNESS,Everyone
Gunship III Vietnam People AF,4.3,6.588926477533519,8.517393171418904,19.0,4.99,1,608,FAMILY,Everyone
AF Comics Reader - Free,2.8,1.791759469228055,4.61512051684126,4.1,0.0,0,272,COMICS,Everyone
Flim Af Somali Hindi Fanproj,3.9,2.5649493574615367,6.90875477931522,3.5,0.0,0,48,FAMILY,Everyone
"Cardiac diagnosis (heart rate, arrhythmia)",4.2,8.425077902508432,11.51293546492023,6.4,0.0,0,13,MEDICAL,Everyone
DSLR camera - Auto Focus and Blur Professional,3.4,3.4339872044851463,9.210440366976517,3.0,0.0,0,113,PHOTOGRAPHY,Everyone
AF-STROKE (FREE),4.5,4.543294782270004,9.210440366976517,0.90234375,0.0,0,2022,MEDICAL,Teen
Hesab.af - Send money in Afghanistan,4.7,3.9512437185814275,6.90875477931522,11.0,0.0,0,116,FINANCE,Everyone
AppFinder by AppTap,2.0,7.706162970199576,15.424948670398354,4.9,0.0,0,310,TOOLS,Everyone
iFunny :),4.4,13.12985127301023,16.118095750958314,,0.0,0,7,FAMILY,Mature 17+
Bazar.af,4.7,2.6390573296152584,6.2166061010848646,1.3,0.0,0,398,SHOPPING,Everyone
DSLR Blur Camera Auto Focus,3.3,4.330733340286331,9.210440366976517,4.7,0.0,0,63,TOOLS,Everyone
Ariana News AF,4.1,3.044522437723423,8.517393171418904,3.1,0.0,0,395,NEWS_AND_MAGAZINES,Everyone
AR effect,4.2,11.287191060292091,18.420680753952364,,0.0,0,6,PHOTOGRAPHY,Everyone
ASUS PixelMaster Camera,4.4,13.347691740278648,16.118095750958314,,0.0,0,771,PHOTOGRAPHY,Everyone
easyFocus,3.7,8.130647968160584,13.122365377402328,0.259765625,0.0,0,2080,PHOTOGRAPHY,Everyone
Blur Image - DSLR focus effect,3.9,10.546814038112117,15.424948670398354,4.1,0.0,0,419,PHOTOGRAPHY,Everyone
Tafsiir Quraan MP3 Af Soomaali Quraanka Kariimka,5.0,2.0794415416798357,6.90875477931522,3.4,0.0,0,61,LIFESTYLE,Everyone
Camera Pro,4.1,8.919988070968524,13.815511557963774,13.0,0.0,0,115,PHOTOGRAPHY,Everyone
Rоhi.af,4.8,3.8501476017100584,6.90875477931522,46.0,0.0,0,465,NEWS_AND_MAGAZINES,Everyone
HD Camera - silent shutter,4.0,10.18606913959895,13.815511557963774,3.9,0.0,0,17,PHOTOGRAPHY,Everyone
A Better Camera,4.1,11.244849922157366,15.424948670398354,,0.0,0,62,PHOTOGRAPHY,Everyone
Auto Dslr Photo Effect : Auto Focus Effect,3.8,1.9459101490553132,6.90875477931522,3.5,0.0,0,170,PHOTOGRAPHY,Everyone
"9GAG: Funny Gifs, Pics, Memes & Videos for IGTV",4.6,14.187510570859914,16.118095750958314,,0.0,0,6,FAMILY,Teen
PhotoScan by Google Photos,4.3,11.034744492199986,16.118095750958314,,0.0,0,181,PHOTOGRAPHY,Everyone
Gun Strike Shoot,4.1,11.459123764001873,16.118095750958314,17.0,0.0,0,534,GAME,Teen
50000 Free eBooks & Free AudioBooks,4.1,10.865000185131196,15.424948670398354,11.0,0.0,0,82,BOOKS_AND_REFERENCE,Teen
AppLock,4.4,15.41116653431233,18.420680753952364,,0.0,0,59,TOOLS,Everyone
King of Avalon: Dragon Warfare,4.2,12.633472094146663,16.118095750958314,64.0,0.0,0,9,FAMILY,Everyone 10+
What's Up,4.1,10.06279633502101,13.815511557963774,10.0,0.0,0,287,LIFESTYLE,Everyone
Afterlight,4.3,10.8375003173979,13.815511557963774,35.0,0.0,0,1358,PHOTOGRAPHY,Everyone
Blurfoto : Auto blur photo background & DSLR focus,4.3,7.703459047867175,13.122365377402328,12.0,0.0,0,13,PHOTOGRAPHY,Everyone
Blur,4.0,9.106534203250593,13.815511557963774,2.4,0.0,0,52,PHOTOGRAPHY,Everyone
"AG Contacts, Premium edition",4.5,4.48863636973214,6.2166061010848646,3.7,4.99,1,83,COMMUNICATION,Everyone
Ag PhD Field Guide,4.1,4.74493212836325,9.210440366976517,6.3,0.0,0,1172,BOOKS_AND_REFERENCE,Everyone
AG Drive 3D,3.8,5.10594547390058,9.210440366976517,22.0,0.0,0,1238,GAME,Everyone
"AG Contacts, Lite edition",4.5,5.225746673713202,8.517393171418904,3.7,0.0,0,83,COMMUNICATION,Everyone
Trimble Ag Mobile,4.1,4.454347296253507,9.210440366976517,44.0,0.0,0,7,PRODUCTIVITY,Everyone
Ag PhD Deficiencies,3.9,3.044522437723423,9.210440366976517,9.7,0.0,0,779,BOOKS_AND_REFERENCE,Everyone
AG Screen Recorder,3.7,2.0794415416798357,6.90875477931522,2.7,0.0,0,128,TOOLS,Everyone
AG Subway Simulator Mobile,4.5,6.436150368369428,8.517393171418904,47.0,0.99,1,68,FAMILY,Everyone
AG Subway Simulator Lite,4.4,8.815666824946216,11.51293546492023,56.0,0.0,0,62,FAMILY,Everyone
EZ Ag Mobile,3.4,2.995732273553991,8.517393171418904,24.0,0.0,0,362,FINANCE,Everyone
Ag PhD Soils,2.3,1.3862943611198906,6.90875477931522,16.0,0.0,0,24,PRODUCTIVITY,Everyone
All States Ag Parts,4.7,4.23410650459726,9.210440366976517,6.5,0.0,0,196,SHOPPING,Everyone
VR AG Racing for Cardboard,3.4,2.6390573296152584,6.90875477931522,27.0,0.0,0,679,GAME,Everyone
Safe Ag Systems™,4.7,1.3862943611198906,4.61512051684126,36.0,0.0,0,18,BUSINESS,Everyone
Lakeside AG Moultrie,5.0,1.3862943611198906,3.9318256327243257,8.6,0.0,0,443,LIFESTYLE,Everyone
Mix Tank – Tank Mixing Ag App,3.6,4.174387269895637,9.210440366976517,15.0,0.0,0,297,PRODUCTIVITY,Everyone
Eternal Light AG,5.0,3.4339872044851463,4.61512051684126,13.0,0.0,0,82,SOCIAL,Teen
Platincoin Wallet - PLC Group AG,4.3,5.929589143389895,9.210440366976517,15.0,0.0,0,69,LIBRARIES_AND_DEMO,Everyone
Ag Valley Cooperative,5.0,1.9459101490553132,6.2166061010848646,74.0,0.0,0,409,BUSINESS,Everyone
Fertilizer Removal By Crop,4.1,5.69035945432406,10.819798284210286,6.9,0.0,0,415,BOOKS_AND_REFERENCE,Everyone
AG Track,4.1,2.5649493574615367,4.61512051684126,8.7,0.0,0,139,TOOLS,Everyone
Denis Brogniart - AH !,4.5,7.983440063006542,11.51293546492023,0.798828125,0.0,0,370,FAMILY,Everyone
AH Connect (Adventist Health),3.4,1.791759469228055,6.90875477931522,59.0,0.0,0,198,HEALTH_AND_FITNESS,Everyone
WoW AH Tracker,2.9,3.5263605246161616,9.210440366976517,,0.0,0,17,TOOLS,Everyone
AH Kollection for KLWP,4.6,6.4692503167957724,10.819798284210286,59.0,0.0,0,466,PERSONALIZATION,Everyone
Chenoweth AH,5.0,0.6931471805599453,4.61512051684126,27.0,0.0,0,493,MEDICAL,Everyone
Ah! Cutie,3.9,6.285998094508865,9.210440366976517,10.0,0.0,0,408,FAMILY,Everyone
AH Alarm Panel,3.9,2.0794415416798357,4.61512051684126,0.0791015625,4.99,1,2646,TOOLS,Everyone
Arrowhead AH App,5.0,1.3862943611198906,4.61512051684126,28.0,0.0,0,475,MEDICAL,Everyone
Ah! Monster,4.1,7.6004023345004,11.51293546492023,9.8,0.0,0,414,FAMILY,Everyone
Kimbrough AH,5.0,1.791759469228055,4.61512051684126,28.0,0.0,0,322,MEDICAL,Everyone
The Ah Yeah! Button,3.0,3.4339872044851463,8.517393171418904,0.310546875,0.0,0,1773,FAMILY,Everyone
Bee'ah Employee App,4.0,1.6094379124341003,4.61512051684126,5.4,0.0,0,228,COMMUNICATION,Teen
Clarksburg AH,1.0,0.6931471805599453,3.9318256327243257,28.0,0.0,0,465,MEDICAL,Everyone
Prestige AH,4.0,1.0986122886681098,4.61512051684126,29.0,0.0,0,455,MEDICAL,Everyone
Ebenezer AH,4.0,1.6094379124341003,6.2166061010848646,27.0,0.0,0,461,MEDICAL,Everyone
AH-1 Viper Cobra Ops - helicopter flight simulator,3.8,6.9930151229329605,11.51293546492023,86.0,0.0,0,174,GAME,Teen
Ah! Bird,3.5,7.432483807917119,11.51293546492023,5.7,0.0,0,345,SPORTS,Everyone
Brandon Lakes AH,2.6,1.791759469228055,4.61512051684126,27.0,0.0,0,461,MEDICAL,Everyone
Ah! Coins,3.4,5.54907608489522,10.819798284210286,9.1,0.0,0,609,GAME,Everyone
Replika,4.5,10.724566099804273,13.815511557963774,35.0,0.0,0,6,FAMILY,Mature 17+
Ai illustrator viewer,3.4,6.18826412308259,11.51293546492023,5.9,0.0,0,14,ART_AND_DESIGN,Everyone
Real AI,3.8,6.856461984594587,10.819798284210286,1.2,0.0,0,18,FAMILY,Everyone
The Artificial Intelligence Project (A.I. Chat),3.0,4.343805421853684,8.517393171418904,39.0,1.99,1,133,FAMILY,Everyone
Virtual Assistant DataBot: Artificial Intelligence,4.4,11.301315149469692,13.815511557963774,27.0,0.0,0,9,FAMILY,Everyone
ALPHA - Artificial Intelligence,4.0,3.9512437185814275,6.90875477931522,3.2,0.0,0,67,FAMILY,Everyone
Artificial Intelligence,3.9,5.8289456176102075,10.819798284210286,4.2,0.0,0,126,FAMILY,Everyone
Orbita AI — Exciting mobile puzzles & riddles,4.6,11.669706966862654,13.815511557963774,31.0,0.0,0,133,FAMILY,Everyone
SMS AI Bot,3.8,4.499809670330265,9.210440366976517,3.9,0.0,0,39,TOOLS,Everyone
ChatBot AI Talking Girl,3.8,8.188133414510478,11.51293546492023,25.0,0.0,0,9,FAMILY,Everyone 10+
Ai File Viewer,4.0,4.204692619390966,9.210440366976517,,0.0,0,33,TOOLS,Everyone
ParaTek Ai Speech generator,3.6,6.1070228877422545,10.819798284210286,4.3,0.0,0,504,TOOLS,Everyone
Extreme- Personal Voice Assistant,4.4,10.151440782758913,13.815511557963774,9.8,0.0,0,4,PRODUCTIVITY,Everyone
AI Face Beauty Analysis - IntelliFace (Free),3.1,3.713572066704308,9.210440366976517,13.0,0.0,0,120,BEAUTY,Everyone
Robin - AI Voice Assistant,4.2,10.920781320026649,13.815511557963774,16.0,0.0,0,4,MAPS_AND_NAVIGATION,Everyone
Learn Artificial Intelligence,4.6,3.332204510175204,9.210440366976517,4.2,0.0,0,26,FAMILY,Everyone
AI Benchmark,4.0,4.584967478670572,8.517393171418904,99.0,0.0,0,41,TOOLS,Everyone
AI Today : Artificial Intelligence News & AI 101,5.0,3.784189633918261,4.61512051684126,2.3,0.0,0,48,NEWS_AND_MAGAZINES,Everyone
Tomo A.i. Pet Chat Bot,3.3,3.713572066704308,6.90875477931522,3.6,0.0,0,451,FAMILY,Everyone
Puck AI Personal Assistant Robot,4.1,3.1354942159291497,6.90875477931522,26.0,0.0,0,280,PRODUCTIVITY,Everyone
Builder (by Engineer.ai),3.6,2.1972245773362196,4.61512051684126,3.2,0.0,0,278,PRODUCTIVITY,Everyone
Chat With Artificial Intelligence,3.2,3.4965075614664802,6.90875477931522,2.8,0.0,0,91,FAMILY,Everyone
Friday: Smart Personal Assistant,4.4,7.643961949002529,11.51293546492023,8.3,0.0,0,46,PRODUCTIVITY,Everyone
Picai - Smart AI Camera,4.0,6.272877006546167,11.51293546492023,,0.0,0,23,PHOTOGRAPHY,Everyone
Virtual Eye AI,4.4,3.295836866004329,6.2166061010848646,3.8,0.0,0,74,TOOLS,Everyone
Lyra Virtual Assistant,4.5,10.636456227282745,13.815511557963774,3.4,0.0,0,77,PRODUCTIVITY,Everyone
2048(AI),4.3,3.044522437723423,6.90875477931522,3.5,0.0,0,1163,FAMILY,Everyone
ai robot keyboard,4.7,7.545389749611823,11.51293546492023,1.9,0.0,0,77,PERSONALIZATION,Everyone
AI with Python Tutorial,4.4,2.1972245773362196,8.517393171418904,3.3,0.0,0,65,FAMILY,Everyone
Adobe Illustrator Draw,4.4,11.093873471753472,15.424948670398354,,0.0,0,129,PHOTOGRAPHY,Everyone
FaceApp,4.4,12.756163212240525,16.118095750958314,7.1,0.0,0,180,PHOTOGRAPHY,Everyone
Message AI - Write Better Messages (Free),3.7,1.3862943611198906,4.61512051684126,7.9,0.0,0,36,SOCIAL,Everyone
ChatBolo - AI Chatbot Online,3.3,7.249925536717988,11.51293546492023,1.4,0.0,0,1049,FAMILY,Everyone
MiAI (Artificial Intelligence) Assistant,3.7,1.3862943611198906,4.61512051684126,7.5,0.0,0,161,PRODUCTIVITY,Everyone
AI Draw | Art Filter for Selfie,3.0,3.044522437723423,6.90875477931522,4.3,2.99,1,52,PHOTOGRAPHY,Everyone
Turbo AI™ - Personal assistant,2.6,4.5217885770490405,8.517393171418904,2.8,0.0,0,24,PRODUCTIVITY,Everyone
AI Sight,3.5,3.784189633918261,6.90875477931522,48.0,0.0,0,52,PRODUCTIVITY,Everyone
Jarvis artificial intelligent,3.9,5.537334267018537,9.210440366976517,14.0,0.0,0,134,FAMILY,Everyone
Age of AI: War Strategy,4.6,4.276666119016055,6.2166061010848646,5.7,2.49,1,148,FAMILY,Everyone
DREAM-e: Dream Analysis A.I.,3.8,4.499809670330265,9.210440366976517,0.9169921875,0.0,0,1998,LIFESTYLE,Everyone
AJ Jump: Animal Jam Kangaroos!,4.4,7.998335395952982,10.819798284210286,42.0,1.99,1,885,GAME,Everyone
AJ Academy: Amazing Animals,4.5,7.355641102974253,10.819798284210286,35.0,0.0,0,76,FAMILY,Everyone
Dash Tag - Fun Endless Runner!,4.5,8.81744592104187,11.51293546492023,43.0,0.0,0,57,FAMILY,Everyone
Jamaa Amino for Animal Jam,4.7,8.262042843966942,9.210440366976517,63.0,0.0,0,27,SOCIAL,Teen
Tunnel Town,4.4,11.221837599383615,13.815511557963774,60.0,0.0,0,14,FAMILY,Everyone
AJ Cam,5.0,3.8066624897703196,4.61512051684126,2.8,0.0,0,198,PHOTOGRAPHY,Everyone
Club Penguin Island,2.8,11.584706446064814,13.815511557963774,32.0,0.0,0,30,FAMILY,Everyone
AJ Official,4.6,3.4657359027997265,6.2166061010848646,7.3,0.0,0,463,FAMILY,Everyone
AJ Bell Youinvest,2.8,4.912654885736052,9.210440366976517,5.3,0.0,0,66,FINANCE,Everyone
Hey AJ! It's Saturday!,5.0,2.5649493574615367,4.61512051684126,50.0,3.99,1,787,BOOKS_AND_REFERENCE,Everyone
Selfie With Champion AJ Style,5.0,1.0986122886681098,6.2166061010848646,7.5,0.0,0,213,PHOTOGRAPHY,Everyone
Baby Game Animal Jam Free,2.8,2.302585092994046,6.2166061010848646,26.0,0.0,0,503,GAME,Everyone
Blackjack aj Poker,3.8,2.1972245773362196,6.90875477931522,4.2,0.0,0,659,GAME,Teen
Bonza Poly Art - Tenkyu Animal Jam for Kids,4.1,3.1354942159291497,6.90875477931522,31.0,0.0,0,6,FAMILY,Everyone
AJ Player,4.8,2.9444389791664403,4.61512051684126,1.7,0.0,0,109,VIDEO_PLAYERS,Everyone
AJ RETAILS,5.0,2.302585092994046,2.3978952727983707,0.1650390625,0.0,0,69,SHOPPING,Everyone
Hey AJ! It's Bedtime!,5.0,0.6931471805599453,2.3978952727983707,63.0,4.99,1,127,FAMILY,Everyone
AJ Percent Off Calculator,4.4,4.90527477843843,9.210440366976517,0.0439453125,0.0,0,1892,SHOPPING,Everyone
AJ Men's Grooming,5.0,1.0986122886681098,4.61512051684126,22.0,0.0,0,346,LIFESTYLE,Everyone
Watch Face Swiss AJ-6,4.1,3.091042453358316,4.61512051684126,3.6,0.99,1,323,PERSONALIZATION,Everyone
AJ Styles HD Wallpapers,4.8,3.8918202981106265,8.517393171418904,25.0,0.0,0,5,ART_AND_DESIGN,Everyone
AJ Gray Icon Pack,4.8,1.791759469228055,3.9318256327243257,35.0,0.99,1,109,PERSONALIZATION,Everyone
AJ Styles Wallpaper 2018 - AJ Styles HD Wallpaper,4.0,2.9444389791664403,6.90875477931522,3.6,0.0,0,140,ART_AND_DESIGN,Everyone
AJ Gray Dark Icon Pack,5.0,1.0986122886681098,2.3978952727983707,35.0,0.99,1,102,PERSONALIZATION,Everyone
Little Pets Animal Guardians,4.6,9.84659969032908,11.51293546492023,91.0,0.0,0,61,FAMILY,Everyone
AJ Blue Icon Pack,5.0,1.6094379124341003,3.9318256327243257,31.0,0.99,1,104,PERSONALIZATION,Everyone
My Wild Pet: Online Animal Sim,4.5,10.200513336241043,13.122365377402328,67.0,0.0,0,510,FAMILY,Everyone
AJ Rafael Music Lessons,5.0,0.6931471805599453,2.3978952727983707,8.2,0.0,0,253,FAMILY,Everyone
How it works: AK-74N,4.4,6.939253946041508,11.51293546492023,48.0,0.0,0,212,FAMILY,Everyone
AK-47: Simulator and Shooting,4.0,5.846438775057725,11.51293546492023,14.0,0.0,0,636,FAMILY,Everyone 10+
AK-47 Sounds,3.9,6.48768401848461,13.122365377402328,2.9,0.0,0,694,FAMILY,Everyone 10+
AK 47 Live Wallpaper,4.1,6.373319789577012,10.819798284210286,4.4,0.0,0,50,PERSONALIZATION,Everyone
Puppy Shooting an AK-47: Platformer Zombie Game,4.8,3.091042453358316,6.90875477931522,89.0,0.0,0,132,GAME,Everyone
AK Interactive,4.3,6.5998704992128365,9.210440366976517,13.0,0.0,0,28,FAMILY,Everyone
AK-47 sounds,3.9,2.0794415416798357,6.90875477931522,3.8,0.0,0,52,FAMILY,Everyone
Wallpapers AK 47 Guns,4.5,3.6375861597263857,8.517393171418904,15.0,0.0,0,529,PERSONALIZATION,Teen
AK-47 Assault Rifle,3.7,5.111987788356544,9.210440366976517,25.0,0.0,0,1201,FAMILY,Teen
Crisis Action: 2018 NO.1 FPS,4.3,13.601360196421497,16.118095750958314,34.0,0.0,0,29,GAME,Teen
AK 47 Guns Wallpaper,4.2,5.777652323222656,10.819798284210286,6.8,0.0,0,437,PERSONALIZATION,Everyone
AK-47 3D,3.7,4.5217885770490405,9.210440366976517,24.0,0.0,0,592,GAME,Everyone
Book of AK-47,3.8,1.9459101490553132,6.2166061010848646,3.4,0.0,0,891,LIFESTYLE,Everyone
Weapon stripping 3D,4.6,10.084641761578077,13.815511557963774,24.0,0.0,0,5,FAMILY,Everyone
Weapon AK-74 Live Wallpaper,3.3,3.258096538021482,6.90875477931522,46.0,0.0,0,499,PERSONALIZATION,Everyone
Shoot M-16 vs AK-47 : realistic weapon simulator,3.0,1.0986122886681098,4.61512051684126,33.0,0.0,0,22,FAMILY,Everyone
Counter Terrorist Attack,3.9,11.890896038769,16.118095750958314,43.0,0.0,0,70,GAME,Teen
AK47 Assault Rifle,3.9,4.007333185232471,9.210440366976517,2.8,0.0,0,1195,TOOLS,Everyone
Weapons simulator AK-47,4.1,3.091042453358316,8.517393171418904,26.0,0.0,0,451,FAMILY,Everyone
AK 47 Lock Screen,4.6,1.791759469228055,6.2166061010848646,8.8,0.0,0,179,PERSONALIZATION,Mature 17+
AK Phone,4.4,2.302585092994046,8.517393171418904,4.2,0.0,0,437,COMMUNICATION,Everyone
AK Booster,3.8,4.276666119016055,9.210440366976517,7.0,0.0,0,99,TOOLS,Everyone
GUN ZOMBIE,4.4,12.401318653947097,15.424948670398354,38.0,0.0,0,1392,GAME,Teen
AK Lodi Films,4.9,3.1780538303479458,4.61512051684126,2.1,0.0,0,1094,VIDEO_PLAYERS,Everyone
Gun Mod: Guns in Minecraft PE,3.6,10.428600622910189,15.424948670398354,12.0,0.0,0,10,FAMILY,Teen
Kymco AK 550,4.3,3.871201010907891,6.90875477931522,58.0,0.0,0,636,AUTO_AND_VEHICLES,Everyone
AK Math Coach,3.6,5.648974238161206,10.819798284210286,18.0,0.0,0,1178,FAMILY,Everyone
Shoot Strike War Fire,4.1,11.324521447459915,16.118095750958314,20.0,0.0,0,27,GAME,Teen
AL.com,3.4,6.6895992691789665,10.819798284210286,8.0,0.0,0,17,NEWS_AND_MAGAZINES,Everyone 10+
University of Alabama,4.5,5.713732805509369,10.819798284210286,3.0,0.0,0,252,FAMILY,Everyone
Alabama Gameday Live,4.7,2.995732273553991,6.90875477931522,12.0,0.0,0,83,SPORTS,Everyone
AL.com: Alabama Football News,4.5,6.131226489483141,9.210440366976517,8.0,0.0,0,17,SPORTS,Everyone 10+
Alabama Road Trips,4.4,4.276666119016055,9.210440366976517,28.0,0.0,0,286,TRAVEL_AND_LOCAL,Everyone
Alabama DMV Permit Test - AL,4.3,5.389071729816501,9.210440366976517,29.0,0.0,0,175,FAMILY,Everyone
Al-Quran (Free),4.6,12.29432158975081,16.118095750958314,4.7,0.0,0,81,BOOKS_AND_REFERENCE,Everyone
Official AL Fishing & Hunting,4.2,7.163946684342547,10.819798284210286,40.0,0.0,0,295,TRAVEL_AND_LOCAL,Everyone
Al Quran (Tafsir & by Word),4.8,10.957817003758691,13.122365377402328,14.0,0.0,0,10,BOOKS_AND_REFERENCE,Everyone
Al-Moazin Lite (Prayer Times),4.6,12.559089406469171,16.118095750958314,,0.0,0,16,LIFESTYLE,Everyone
Al Quran Indonesia,4.8,13.007529239471964,16.118095750958314,16.0,0.0,0,86,BOOKS_AND_REFERENCE,Everyone
Al'Quran Bahasa Indonesia,4.6,12.798794335362592,16.118095750958314,9.7,0.0,0,71,BOOKS_AND_REFERENCE,Everyone
Al Quran Al karim,4.6,10.636071769003747,13.815511557963774,49.0,0.0,0,277,BOOKS_AND_REFERENCE,Everyone
Al jazeera TV,4.6,9.205629292246064,11.51293546492023,3.7,0.0,0,765,FAMILY,Teen
Al Jazeera English,4.1,10.10467175249591,13.815511557963774,,0.0,0,16,NEWS_AND_MAGAZINES,Everyone
Al-Muhaffiz,4.7,7.749322464660356,10.819798284210286,27.0,0.0,0,109,BOOKS_AND_REFERENCE,Everyone
Al Quran Audio (Full 30 Juz),4.7,8.971956271245688,13.815511557963774,3.6,0.0,0,437,FAMILY,Everyone
Quran for All (Al-Huda Int.),4.8,8.80941494391005,11.51293546492023,5.3,0.0,0,183,FAMILY,Everyone
AL Voice Recorder,3.6,8.483222671845084,13.815511557963774,2.4,0.0,0,625,PRODUCTIVITY,Everyone
Ayat - Al Quran,4.7,12.063327507849403,15.424948670398354,8.5,0.0,0,149,FAMILY,Everyone
Quran Juz-30 - Mahad al Zahra,4.6,7.884199933676039,11.51293546492023,6.7,0.0,0,645,FAMILY,Everyone
Al Quran : EAlim - Translations & MP3 Offline,4.5,11.476468927959614,15.424948670398354,,0.0,0,96,BOOKS_AND_REFERENCE,Everyone
Al Mayadeen,4.7,9.519367998447342,13.122365377402328,9.0,0.0,0,115,NEWS_AND_MAGAZINES,Everyone
Al-Quran Al-Muallim,4.5,5.298317366548036,9.210440366976517,0.259765625,0.0,0,1793,FAMILY,Everyone
We're Working Out - Al Kavadlo,4.3,6.887552571664617,10.819798284210286,,0.0,0,228,HEALTH_AND_FITNESS,Everyone
Al-Quran 30 Juz free copies,4.5,9.419222713938122,13.122365377402328,27.0,0.0,0,600,BOOKS_AND_REFERENCE,Everyone
Koran Read &MP3 30 Juz Offline,4.8,10.29390670243902,13.815511557963774,67.0,0.0,0,125,BOOKS_AND_REFERENCE,Everyone
Al Quran MP3 - Quran Reading®,4.7,10.767726807938478,13.815511557963774,22.0,0.0,0,107,FAMILY,Everyone
Al'Quran Bahasa Indonesia PRO,4.7,7.201170883281678,9.210440366976517,11.0,4.49,1,85,BOOKS_AND_REFERENCE,Everyone
Hafizi Quran 15 lines per page,4.7,10.9153066222346,13.815511557963774,68.0,0.0,0,280,BOOKS_AND_REFERENCE,Everyone
Al-Quran Ahmad Saud Offline,4.7,8.87024156729927,11.51293546492023,40.0,0.0,0,730,FAMILY,Everyone
12 Step Meditations & Sober Prayers AA NA AL-ANON,4.7,6.633318433280377,10.819798284210286,15.0,0.0,0,199,LIFESTYLE,Everyone 10+
Quran for Android,4.7,13.118007906094826,16.118095750958314,,0.0,0,71,BOOKS_AND_REFERENCE,Everyone
Al Quran Free - القرآن (Islam),4.7,7.48324441607385,10.819798284210286,23.0,0.0,0,1271,BOOKS_AND_REFERENCE,Everyone
Taha Al Junaid Quran Mp3,4.6,6.251903883165888,10.819798284210286,4.2,0.0,0,502,LIFESTYLE,Everyone
Surah Al-Waqiah,4.7,7.091742115095153,11.51293546492023,2.9,0.0,0,1142,BOOKS_AND_REFERENCE,Everyone
"Muslim Pro - Prayer Times, Azan, Quran & Qibla",4.7,13.940727228897398,16.118095750958314,,0.0,0,37,LIFESTYLE,Everyone
Hisnul Al Muslim - Hisn Invocations & Adhkaar,4.6,8.081784206935001,11.51293546492023,85.0,0.0,0,226,BOOKS_AND_REFERENCE,Everyone
I am rich,3.8,8.17413934342947,11.51293546492023,1.8,399.99,1,209,LIFESTYLE,Everyone
I AM RICH,3.9,7.283448228756631,9.210440366976517,1.1,0.0,0,302,FAMILY,Everyone
I am Rich Plus,4.0,6.75343791859778,9.210440366976517,8.7,399.99,1,82,FAMILY,Everyone
I am rich VIP,3.8,6.021023349349527,9.210440366976517,2.6,299.99,1,19,LIFESTYLE,Everyone
I Am Rich Premium,4.1,7.532623618788788,10.819798284210286,4.7,399.99,1,270,FINANCE,Everyone
I am extremely Rich,2.9,3.7376696182833684,6.90875477931522,2.9,379.99,1,39,LIFESTYLE,Everyone
I am Rich!,3.8,4.543294782270004,6.90875477931522,22.0,399.99,1,241,FINANCE,Everyone
I am rich(premium),3.5,6.159095388491933,8.517393171418904,0.9423828125,399.99,1,465,FINANCE,Everyone
I am Rich Person,4.2,4.90527477843843,6.90875477931522,1.8,37.99,1,387,LIFESTYLE,Everyone
I am Rich Premium Plus,4.6,6.131226489483141,9.210440366976517,2.0,18.99,1,173,FINANCE,Everyone
I Am Rich Pro,4.4,5.308267697401205,8.517393171418904,2.7,399.99,1,436,FAMILY,Everyone
I Am Innocent,4.4,12.247703912501127,13.815511557963774,56.0,0.0,0,17,GAME,Teen
I am rich (Most expensive app),4.1,4.867534450455582,6.90875477931522,2.7,399.99,1,246,FINANCE,Teen
i am rich,3.9,5.365976015021851,6.90875477931522,2.9,0.0,0,61,BUSINESS,Everyone
I Am Rich,3.6,5.384495062789089,9.210440366976517,4.9,389.99,1,48,FAMILY,Everyone
I am Bread,4.0,6.447305862541213,9.210440366976517,20.0,4.99,1,652,GAME,Everyone
Where Am I At?,3.8,3.6888794541139363,9.210440366976517,12.0,0.0,0,670,TRAVEL_AND_LOCAL,Everyone
I am Rich,4.3,5.198497031265826,8.517393171418904,3.8,399.99,1,140,FINANCE,Everyone
Where Am I? GPS Loc,4.6,4.23410650459726,9.210440366976517,4.2,0.0,0,268,TRAVEL_AND_LOCAL,Everyone
I am Millionaire - Richest guy in the town,3.6,4.844187086458591,8.517393171418904,1.4,2.49,1,48,LIFESTYLE,Everyone
Coast To Coast AM Insider,3.9,8.42989086301344,11.51293546492023,21.0,0.0,0,217,NEWS_AND_MAGAZINES,Everyone
I AM RICH PRO PLUS,4.0,3.6109179126442243,6.90875477931522,41.0,399.99,1,45,FINANCE,Everyone
Where Am I?,4.2,7.1808311990445555,11.51293546492023,,0.0,0,1473,TOOLS,Everyone
I Am Wizard,4.2,7.309212365692763,11.51293546492023,57.0,0.0,0,130,FAMILY,Everyone
What Am I? - Brain Teasers,4.2,8.420241665339788,11.51293546492023,15.0,0.0,0,491,GAME,Everyone
Who am I? (Biblical),4.5,8.674196940225903,13.122365377402328,5.1,0.0,0,330,GAME,Everyone
DWWW 774 Ultimate AM Radio,4.7,5.793013608384144,9.210440366976517,31.0,0.0,0,44,NEWS_AND_MAGAZINES,Everyone
Anno: Build an Empire,3.5,10.432496846735747,13.815511557963774,28.0,0.0,0,882,FAMILY,Everyone 10+
Vikings: an Archer's Journey,4.5,9.235715678307411,13.815511557963774,39.0,0.0,0,241,GAME,Everyone
Trell: An app for Explorers | Best Wanderlust App,4.6,8.987821625430815,11.51293546492023,34.0,0.0,0,9,LIFESTYLE,Teen
Virtual Families 2,4.2,13.363313840408253,16.118095750958314,,0.0,0,21,FAMILY,Everyone
My Emma :),4.1,12.412436196804366,16.118095750958314,76.0,0.0,0,493,FAMILY,Everyone
League of Gamers - Be an E-Sports Legend!,4.5,11.12833593774938,15.424948670398354,40.0,0.0,0,14,SPORTS,Everyone
Draw a Stickman: EPIC Free,4.2,12.256375950039416,16.118095750958314,46.0,0.0,0,1217,GAME,Everyone 10+
My Horse,4.5,14.103196880407024,16.118095750958314,8.7,0.0,0,78,FAMILY,Everyone
My Boo - Your Virtual Pet Game,4.4,13.709871114520821,16.118095750958314,80.0,0.0,0,6,FAMILY,Everyone
Create apps fast with beautiful design and no code,3.7,10.074495349429808,13.815511557963774,24.0,0.0,0,87,BUSINESS,Everyone
THE KING OF FIGHTERS-A 2012(F),4.4,12.91536872782949,15.424948670398354,21.0,0.0,0,657,GAME,Teen
Diary with lock password,4.3,12.095922902029187,15.424948670398354,9.7,0.0,0,281,LIFESTYLE,Everyone
Fast like a Fox,4.3,11.555889164402345,15.424948670398354,12.0,0.0,0,114,GAME,Everyone
Scoompa Video - Slideshow Maker and Video Editor,4.5,13.235570626766858,16.118095750958314,,0.0,0,91,PHOTOGRAPHY,Everyone
Girls Craft: Exploration,3.8,11.78058338559108,15.424948670398354,57.0,0.0,0,6,FAMILY,Everyone 10+
The PCH App,4.5,12.367221637091328,13.815511557963774,81.0,0.0,0,15,LIFESTYLE,Everyone
Legend - Animate Text in Video,4.5,12.340332522745353,16.118095750958314,,0.0,0,758,SOCIAL,Everyone
"Resume Builder Free, 5 Minute CV Maker & Templates",4.4,11.187236875264226,13.815511557963774,6.7,0.0,0,45,BUSINESS,Everyone
AO Surgery Reference,4.7,7.852050207265889,11.51293546492023,3.8,0.0,0,456,MEDICAL,Everyone
ao,3.5,9.557187177595935,13.815511557963774,5.9,0.0,0,792,FAMILY,Everyone
AO/OTA Fracture Classification,4.9,3.258096538021482,8.517393171418904,46.0,0.0,0,114,MEDICAL,Everyone
AO Player,4.0,2.302585092994046,6.90875477931522,3.3,0.0,0,232,EVENTS,Everyone
Ao Oni2,4.1,9.962887895817575,13.815511557963774,48.0,0.0,0,111,GAME,Teen
A. O. Smith,4.2,3.4965075614664802,9.210440366976517,33.0,0.0,0,80,TOOLS,Everyone
Arena of Valor: 5v5 Arena Game,4.4,12.992054216382538,16.118095750958314,99.0,0.0,0,42,GAME,Teen
PlacarTv Futebol Ao Vivo,4.1,7.6324011266014535,11.51293546492023,4.5,0.0,0,67,COMMUNICATION,Everyone
Virtual lover,4.6,10.731427829437605,13.815511557963774,28.0,0.0,0,62,FAMILY,Mature 17+
The Hunt for the Lost Treasure,4.6,8.874727765766853,11.51293546492023,8.1,2.99,1,330,FAMILY,Everyone
Attack the Light,4.7,9.863186255762603,11.51293546492023,21.0,2.99,1,898,FAMILY,Everyone
Princess Closet : Otome games free dating sim,4.5,10.29200993991398,13.815511557963774,56.0,0.0,0,77,FAMILY,Teen
PES 2018 PRO EVOLUTION SOCCER,4.4,14.358964443115813,16.118095750958314,26.0,0.0,0,43,SPORTS,Everyone
Mobile Legends: Bang Bang,4.4,15.922030522461123,18.420680753952364,99.0,0.0,0,16,GAME,Teen
Heroes of Order & Chaos,4.2,13.444662795290304,16.118095750958314,25.0,0.0,0,286,FAMILY,Teen
Kill Shot Bravo: Sniper FPS,4.4,13.269955453677186,16.118095750958314,99.0,0.0,0,22,GAME,Mature 17+
Tennis Champion 3D - Online Sports Game,4.0,12.049266777140888,15.424948670398354,43.0,0.0,0,64,SPORTS,Everyone
Carnivores: Dinosaur Hunter,4.2,11.045111436797486,13.815511557963774,17.0,0.0,0,38,GAME,Teen
High School Simulator 2017,4.2,11.721052835654218,15.424948670398354,80.0,0.0,0,45,FAMILY,Mature 17+
Hopeless Land: Fight for Survival,4.2,12.430007883377883,15.424948670398354,44.0,0.0,0,28,GAME,Teen
SofaScore Live Score,4.8,12.309184134021312,16.118095750958314,,0.0,0,14,SPORTS,Everyone
Virtual Cigarette Smoking (prank),3.7,10.303571541691813,15.424948670398354,,0.0,0,42,FAMILY,Mature 17+
Scanning body and undressing people,3.4,6.920671504248683,11.51293546492023,12.0,0.0,0,166,FAMILY,Teen
Ultimate Tennis,4.3,12.11726875385468,16.118095750958314,100.0,0.0,0,21,SPORTS,Everyone
Legion of Heroes,4.3,11.871215104585962,13.815511557963774,69.0,0.0,0,28,FAMILY,Everyone 10+
Soccer Star 2018 Top Leagues · MLS Soccer Games,4.6,13.389242051956039,16.118095750958314,90.0,0.0,0,35,SPORTS,Teen
Heroes Arena,4.2,12.726017561863346,16.118095750958314,88.0,0.0,0,16,GAME,Everyone 10+
virtual lover 3D,4.6,8.55564437779049,11.51293546492023,64.0,0.0,0,113,FAMILY,Mature 17+
Range Master: Sniper Academy,4.1,11.428847961779017,16.118095750958314,39.0,0.0,0,105,SPORTS,Everyone
FC Barcelona Official App,4.6,11.435212541241214,15.424948670398354,56.0,0.0,0,14,SPORTS,Everyone
Can Your Pet? : Returns - Teen,4.3,10.722628413411364,13.815511557963774,14.0,0.0,0,7,FAMILY,Teen
GUYZ - Gay Chat & Gay Dating,4.4,10.627891122746627,13.815511557963774,,0.0,0,456,SOCIAL,Mature 17+
Bubbu – My Virtual Pet,4.7,12.886243496517345,16.118095750958314,75.0,0.0,0,5,FAMILY,Everyone
3D Tennis,4.2,13.823491624355684,17.72753358339242,13.0,0.0,0,247,SPORTS,Everyone
Start the Hunt for the Lost Treasure,3.8,5.713732805509369,9.210440366976517,8.1,0.0,0,330,FAMILY,Everyone
Treasure Hunt Hidden Objects Adventure Game,4.3,7.116394144093465,11.51293546492023,,0.0,0,77,FAMILY,Everyone
Scanning under clothes (prank),3.7,7.275172319452771,11.51293546492023,20.0,0.0,0,203,FAMILY,Mature 17+
WGT Golf Game by Topgolf,4.3,11.905534959308266,16.118095750958314,57.0,0.0,0,16,SPORTS,Everyone
3D Holograms Joke,2.9,10.360817458359367,15.424948670398354,31.0,0.0,0,594,FAMILY,Teen
Weaphones™ Gun Sim Free Vol 1,4.3,13.30297680951693,16.118095750958314,39.0,0.0,0,204,FAMILY,Everyone
Hidden Objects Treasure Hunt Adventure Games,4.3,5.62040086571715,9.210440366976517,29.0,0.0,0,31,FAMILY,Everyone
Live Camera Viewer ★ World Webcam & IP Cam Streams,4.0,11.069213169678562,16.118095750958314,3.6,0.0,0,124,TRAVEL_AND_LOCAL,Everyone
Body scanner (prank),3.3,9.684336022491456,13.815511557963774,3.8,0.0,0,798,FAMILY,Teen
AP ENPS Mobile,4.1,3.1354942159291497,8.517393171418904,0.5322265625,0.0,0,884,PRODUCTIVITY,Everyone
AP® Guide,5.0,1.3862943611198906,6.90875477931522,2.1,0.0,0,374,FAMILY,Everyone
WiFi Access Point (hotspot),3.9,6.529418838262226,11.51293546492023,0.0595703125,0.0,0,1183,COMMUNICATION,Everyone
AP Mobile,4.6,4.770684624465665,9.210440366976517,13.0,0.0,0,261,FAMILY,Everyone
AP Manager,4.0,5.181783550292085,9.210440366976517,2.8,0.0,0,1193,TOOLS,Everyone
AP App for Android™,3.6,5.241747015059643,9.210440366976517,9.9,0.0,0,819,NEWS_AND_MAGAZINES,Everyone
Access Point Finder,4.0,3.1354942159291497,9.210440366976517,2.5,0.0,0,702,LIFESTYLE,Everyone
AP English Language: Practice Tests and Flashcards,4.5,2.995732273553991,8.517393171418904,5.4,0.0,0,37,FAMILY,Everyone
AP Planner,2.9,3.828641396489095,8.517393171418904,1.3,0.0,0,1102,FAMILY,Everyone
Access Point Browser,4.2,3.258096538021482,6.90875477931522,2.5,0.0,0,321,TOOLS,Everyone
AP Installer,4.5,3.1780538303479458,8.517393171418904,0.2763671875,0.0,0,20,TOOLS,Everyone
Study AP World History,4.6,6.2422232654551655,9.210440366976517,1.6,0.0,0,752,FAMILY,Everyone
UniFi,4.7,9.307376334487778,13.122365377402328,25.0,0.0,0,15,TOOLS,Everyone
Ap Video Downloader for fb New 2018,4.2,6.517671272912275,11.51293546492023,5.4,0.0,0,9,TOOLS,Everyone
AP Government Review,4.7,1.3862943611198906,6.90875477931522,1.5,2.99,1,513,FAMILY,Everyone
"ap,wifi testing,iperf,ping,android,Bluetooth,tcp",4.7,1.3862943611198906,2.3978952727983707,5.3,2.99,1,74,TOOLS,Everyone
HotSpot Tethering Free/WiFi AP,3.9,6.171700597410915,11.51293546492023,2.0,0.0,0,696,TOOLS,Everyone
AP Chemistry Prep: Practice Tests and Flashcards,4.7,4.02535169073515,9.210440366976517,5.4,0.0,0,37,FAMILY,Everyone
AP Flashcards,3.7,4.48863636973214,9.210440366976517,41.0,0.0,0,1075,FAMILY,Everyone
AP World History: Practice Tests and Flashcards,4.8,3.091042453358316,8.517393171418904,5.4,0.0,0,37,FAMILY,Everyone
Access Point Names,4.0,4.9344739331306915,9.210440366976517,2.4,0.0,0,1458,COMMUNICATION,Everyone
"AP Biology Prep: Practice Tests, Flashcards",4.6,4.477336814478207,9.210440366976517,5.4,0.0,0,37,FAMILY,Everyone
AP Biology Study Guide + Quiz,4.4,4.663439094112067,9.210440366976517,9.0,0.0,0,870,FAMILY,Everyone
500 AP World History Questions,4.7,2.0794415416798357,4.61512051684126,1.2,9.99,1,1742,FAMILY,Everyone
AP Themes for Kustom/KLWP,3.6,1.791759469228055,6.2166061010848646,45.0,1.49,1,342,PERSONALIZATION,Everyone
AP Physics 1 Prep: Practice Tests and Flashcards,4.4,3.4011973816621555,8.517393171418904,5.3,0.0,0,37,FAMILY,Everyone
Fate GO Ap Counter,4.6,4.2626798770413155,6.90875477931522,3.2,0.0,0,202,TOOLS,Everyone
iScore5 AP Psych,2.9,2.3978952727983707,4.61512051684126,73.0,4.99,1,471,FAMILY,Everyone
AP Psychology Prep: Practice Tests and Flashcards,4.5,5.493061443340548,10.819798284210286,5.4,0.0,0,37,FAMILY,Everyone
meStudying: AP English Lit,5.0,0.6931471805599453,2.3978952727983707,0.6396484375,4.99,1,1804,FAMILY,Everyone
APN Settings,3.7,8.227909837597483,13.815511557963774,5.6,0.0,0,6,TOOLS,Everyone
AP Math & Computer Science,3.7,3.6375861597263857,8.517393171418904,9.5,0.0,0,1117,FAMILY,Everyone
AP Statistics Prep: Practice Tests and Flashcards,4.2,2.995732273553991,8.517393171418904,5.4,0.0,0,37,FAMILY,Everyone
eChallan Andhra Pradesh (AP),3.0,1.791759469228055,6.90875477931522,2.6,0.0,0,175,SOCIAL,Teen
AP Art History Flashcards,5.0,0.6931471805599453,2.3978952727983707,96.0,29.99,1,933,FAMILY,Mature 17+
True Skate,4.4,11.770740937815717,13.815511557963774,73.0,1.99,1,5,SPORTS,Everyone
AP European History: Practice Tests and Flashcards,4.7,2.0794415416798357,6.90875477931522,5.4,0.0,0,37,FAMILY,Everyone
AdventureQuest 3D MMO,4.3,10.02870951728951,13.815511557963774,35.0,0.0,0,14,FAMILY,Teen
AdventureQuest Dragons,3.9,9.221774749601845,11.51293546492023,48.0,0.0,0,57,FAMILY,Everyone
Battle Gems (AdventureQuest),4.4,10.787833437827631,13.122365377402328,,0.0,0,131,FAMILY,Everyone 10+
Undead Assault,4.3,8.45638105201948,11.51293546492023,37.0,0.0,0,1009,GAME,Everyone 10+
Adventure Quest World Mobile Quiz,4.6,3.367295829986474,6.2166061010848646,26.0,0.0,0,205,FAMILY,Everyone
Aqw&3d Design Notes Manager,4.5,2.4849066497880004,6.2166061010848646,2.9,0.0,0,359,FAMILY,Everyone
AQ Aspergers Test,3.9,5.583496308781699,9.210440366976517,0.697265625,0.0,0,1030,MEDICAL,Everyone
Guess the Class 🔥 AQW,4.7,4.060443010546419,6.90875477931522,12.0,0.0,0,281,GAME,Everyone
Puffin Web Browser,4.3,13.202397469656137,16.118095750958314,,0.0,0,31,COMMUNICATION,Everyone
AQ Ria Retail,5.0,1.6094379124341003,3.9318256327243257,52.0,0.0,0,128,FAMILY,Everyone
Accounting Quiz (AQ) Malaysia,5.0,3.258096538021482,6.90875477931522,,0.0,0,192,FAMILY,Everyone
Wowkwis aq Ka'qaquj,5.0,0.6931471805599453,2.3978952727983707,49.0,0.0,0,174,FAMILY,Everyone
ClanHQ,2.7,6.329720905522696,9.210440366976517,37.0,0.0,0,15,COMMUNICATION,Everyone
QuickShortcutMaker,4.6,10.62135173563291,13.815511557963774,2.0,0.0,0,1628,PERSONALIZATION,Everyone
Iron Blade,4.4,11.993114545940905,16.118095750958314,82.0,0.0,0,22,GAME,Mature 17+
QR Droid,4.1,12.763262636454826,17.72753358339242,,0.0,0,8,PRODUCTIVITY,Everyone
QR BARCODE SCANNER,3.8,12.039840949885168,16.118095750958314,,0.0,0,703,TOOLS,Everyone
Dungeon Boss – Strategy RPG,4.4,12.296288050801477,15.424948670398354,37.0,0.0,0,134,FAMILY,Everyone 10+
Questland: Turn Based RPG,4.6,10.346087867306553,13.815511557963774,48.0,0.0,0,7,FAMILY,Everyone 10+
Order & Chaos 2: 3D MMO RPG,4.1,12.399676154426873,16.118095750958314,54.0,0.0,0,31,FAMILY,Teen
Dungeon Quest,4.5,12.405087425265789,15.424948670398354,46.0,0.0,0,66,FAMILY,Everyone 10+
Dungeon Hunter 5 – Action RPG,4.2,13.487958815165369,16.118095750958314,51.0,0.0,0,49,FAMILY,Teen
"Grow Stone Online : 2d pixel RPG, MMORPG game",4.7,11.343204190152012,13.815511557963774,48.0,0.0,0,4,FAMILY,Everyone
Evil Apples: A Dirty Card Game,4.3,11.832810897987043,15.424948670398354,55.0,0.0,0,21,GAME,Mature 17+
Megatramp - a Story of Success!,4.3,12.685336392239083,15.424948670398354,,0.0,0,57,FAMILY,Teen
Knightfall™ AR,4.2,5.541263545158426,9.210440366976517,25.0,0.0,0,145,FAMILY,Teen
Ghost Snap AR Horror Survival,3.8,6.80128303447162,11.51293546492023,33.0,0.0,0,596,GAME,Teen
The Walking Dead: Our World,4.0,10.018422090628228,13.815511557963774,100.0,0.0,0,8,GAME,Teen
Snaappy – 3D fun AR core communication platform,4.6,9.729253205924792,13.815511557963774,,0.0,0,24,SOCIAL,Everyone
Sketchfab,4.3,6.810142450115136,10.819798284210286,9.2,0.0,0,153,FAMILY,Mature 17+
Ingress,4.3,12.877296251173846,16.118095750958314,43.0,0.0,0,50,GAME,Everyone
My Tamagotchi Forever,4.3,10.265905971101926,13.815511557963774,91.0,0.0,0,8,FAMILY,Everyone
"Egg, Inc.",4.7,13.271060930209575,15.424948670398354,29.0,0.0,0,57,FAMILY,Everyone
Flat Pack,4.4,6.760414691083428,11.51293546492023,44.0,0.0,0,146,GAME,Everyone 10+
Crayola Color Blaster,3.8,2.8903717578961645,6.90875477931522,30.0,0.0,0,149,GAME,Everyone
Guns of Boom - Online Shooter,4.6,14.01968737252844,16.118095750958314,99.0,0.0,0,20,GAME,Teen
Guns Royale - Multiplayer Blocky Battle Royale,4.6,9.855924135604518,11.51293546492023,90.0,0.0,0,5,GAME,Everyone 10+
Build.com - Shop Home Improvement & Expert Advice,4.5,4.77912349311153,10.819798284210286,72.0,0.0,0,30,HOUSE_AND_HOME,Everyone
Wayfair - Shop All Things Home,4.5,9.91581130222496,15.424948670398354,47.0,0.0,0,6,SHOPPING,Everyone
Stack It AR,3.8,7.218176838403408,11.51293546492023,26.0,0.0,0,41,GAME,Everyone
"ARuler - AR Ruler app, Measure tools",4.3,7.3796321526095525,11.51293546492023,5.0,0.0,0,6,TOOLS,Everyone
SNOW - AR Camera,4.3,13.832601669284157,17.72753358339242,,0.0,0,10,PHOTOGRAPHY,Everyone
Monster Park AR - Jurassic Dinosaurs in Real World,3.7,4.859812404361672,9.210440366976517,20.0,0.0,0,154,FAMILY,Everyone
AR Remote Car,3.2,7.2115567333138015,11.51293546492023,30.0,0.0,0,362,FAMILY,Everyone
Solar System AR ( ARCore ),4.0,5.356586274672012,9.210440366976517,37.0,0.0,0,17,FAMILY,Everyone
Super AR,3.8,6.018593214496234,9.210440366976517,28.0,0.0,0,234,FAMILY,Teen
Spacecraft AR,4.4,4.430816798843313,9.210440366976517,85.0,0.0,0,42,FAMILY,Everyone
Assemblr - Create 3D Models (Sandbox AR),3.8,7.465082736399547,13.815511557963774,,0.0,0,23,FAMILY,Everyone
MCRAFT AR - EDITOR,3.4,4.882801922586371,8.517393171418904,22.0,0.0,0,46,FAMILY,Everyone
Jenga® AR,2.9,3.9889840465642745,9.210440366976517,82.0,0.0,0,145,FAMILY,Everyone
Nightenfell: Shared AR,4.5,3.044522437723423,6.90875477931522,65.0,0.99,1,135,GAME,Everyone 10+
Portal AR - Step Into Scotland,3.7,3.258096538021482,8.517393171418904,43.0,0.0,0,66,TRAVEL_AND_LOCAL,Everyone
Arcraft - AR Sandbox,3.8,6.152732694704104,9.210440366976517,80.0,0.0,0,447,GAME,Everyone
Augment - 3D Augmented Reality,4.1,10.13444053074182,13.815511557963774,21.0,0.0,0,164,BUSINESS,Everyone
Satellite AR,4.1,9.173365135851288,13.815511557963774,0.0908203125,0.0,0,2513,BOOKS_AND_REFERENCE,Everyone
Figment AR,3.7,3.1354942159291497,8.517393171418904,90.0,0.0,0,30,FAMILY,Everyone
AR Tank Battle,3.6,5.0369526024136295,9.210440366976517,67.0,0.0,0,586,GAME,Everyone
Paint Space AR,3.0,2.8903717578961645,6.90875477931522,32.0,0.0,0,155,FAMILY,Everyone
"Just a Line - Draw Anywhere, with AR",4.1,7.050122520269059,11.51293546492023,2.7,0.0,0,71,FAMILY,Everyone
AR Toybox - Augmented Reality Demos,3.8,3.044522437723423,6.90875477931522,36.0,0.0,0,357,FAMILY,Everyone
"Mind Map AR, Augmented Reality ARCore Mind Mapping",4.2,3.4011973816621555,8.517393171418904,35.0,0.0,0,14,PRODUCTIVITY,Everyone
【Miku AR Camera】Mikuture,4.4,10.498718660901549,13.815511557963774,41.0,0.0,0,471,FAMILY,Teen
AR Toys: Playground Sandbox | Remote Car,4.5,5.0369526024136295,9.210440366976517,,0.0,0,6,FAMILY,Everyone
Summer Camp Island AR,3.6,6.608000625296087,10.819798284210286,71.0,0.0,0,35,FAMILY,Everyone
AR Sport Cars,3.6,5.652489180268651,9.210440366976517,70.0,0.0,0,425,FAMILY,Everyone
AS - News and sports results.,3.7,9.946547041996576,13.815511557963774,22.0,0.0,0,61,SPORTS,Everyone
MARCA - Diario Líder Deportivo,3.9,11.242965425506064,15.424948670398354,14.0,0.0,0,15,SPORTS,Everyone
SleepCloud Backup for Sleep as Android,4.2,7.849323818040561,11.51293546492023,,0.0,0,44,LIFESTYLE,Everyone
AS Guía de las Ligas 2017-2018,4.1,8.383661798791715,11.51293546492023,53.0,0.0,0,329,SPORTS,Everyone
Sleep as Android Unlock,4.5,10.084433163150152,13.815511557963774,0.8515625,5.99,1,43,LIFESTYLE,Everyone
Sleep as Android Gear Addon,2.8,6.8690144506657065,11.51293546492023,1.3,0.0,0,163,HEALTH_AND_FITNESS,Everyone
Sleep as Android Garmin Addon,2.6,4.74493212836325,9.210440366976517,1.6,0.0,0,50,HEALTH_AND_FITNESS,Everyone
"Sleep as Android: Sleep cycle tracker, smart alarm",4.3,12.413907616176344,16.118095750958314,,0.0,0,17,LIFESTYLE,Everyone
Sonic the Hedgehog™ Classic,4.4,11.741279418532317,16.118095750958314,56.0,0.0,0,52,GAME,Everyone
The Aether: Life as a God,4.1,7.249925536717988,11.51293546492023,3.4,0.0,0,150,FAMILY,Everyone 10+
CAPTCHA Pack for Sleep as Android,4.0,6.1070228877422545,10.819798284210286,3.1,0.0,0,62,LIFESTYLE,Everyone
Pacific Navy Fighter C.E. (AS),4.3,9.339612707680322,13.122365377402328,20.0,0.0,0,11,GAME,Everyone 10+
Lullaby Add-on for Sleep as Android,3.9,7.629489916393995,10.819798284210286,6.2,1.99,1,295,HEALTH_AND_FITNESS,Everyone
Sleep as Microsoft Band Add-On,3.5,3.367295829986474,6.90875477931522,0.1181640625,0.0,0,929,LIFESTYLE,Everyone
Ear Agent: Super Hearing,3.7,10.65325133351497,15.424948670398354,,0.0,0,66,COMMUNICATION,Everyone
Ninja Turtles: Legends,4.3,12.749222177146017,16.118095750958314,95.0,0.0,0,234,FAMILY,Teen
Timely Alarm Clock,4.3,12.46349394441618,16.118095750958314,9.4,0.0,0,318,LIFESTYLE,Everyone
PDF Viewer & Book Reader,4.1,10.607525215927247,15.424948670398354,,0.0,0,184,PRODUCTIVITY,Everyone
My OldBoy! Free - GBC Emulator,4.2,10.854913741178537,15.424948670398354,,0.0,0,209,GAME,Everyone
My Boy! Free - GBA Emulator,4.3,13.182658533188084,16.118095750958314,2.5,0.0,0,212,GAME,Everyone
Google Voice,4.2,12.049728728983315,16.118095750958314,,0.0,0,6,COMMUNICATION,Everyone
Samsung Health,4.3,13.081976704784411,20.030118658386467,70.0,0.0,0,9,HEALTH_AND_FITNESS,Everyone
WiFi Baby Monitor - NannyCam,4.1,10.304542952155593,15.424948670398354,1.7,0.0,0,442,VIDEO_PLAYERS,Everyone
Maleficent Free Fall,4.4,13.017033972373673,16.118095750958314,37.0,0.0,0,29,FAMILY,Everyone
Star Wars™: Force Arena,4.4,12.33767530434288,15.424948670398354,70.0,0.0,0,21,FAMILY,Everyone 10+
Runtastic Sleep Better: Sleep Cycle & Smart Alarm,4.1,11.621474890645445,15.424948670398354,,0.0,0,15,HEALTH_AND_FITNESS,Everyone
Google Pay,4.2,12.76033986965099,18.420680753952364,,0.0,0,14,FINANCE,Everyone
Alarm Clock Plus★,4.4,11.9556478214341,15.424948670398354,,0.0,0,1409,LIFESTYLE,Everyone
Image 2 Wallpaper,4.3,11.31042977187917,15.424948670398354,,0.0,0,591,TOOLS,Everyone
PS4 Second Screen,2.4,9.373648989588206,13.815511557963774,3.3,0.0,0,57,FAMILY,Everyone
Alarm Clock: Stopwatch & Timer,4.5,13.677315737012645,17.72753358339242,16.0,0.0,0,62,PRODUCTIVITY,Everyone
SAMURAI vs ZOMBIES DEFENSE,4.5,12.91850516275182,15.424948670398354,19.0,0.0,0,1848,GAME,Everyone
Seen,4.5,11.680860699768104,13.815511557963774,22.0,0.0,0,77,FAMILY,Teen
Google Allo,4.3,12.75733074796497,16.118095750958314,,0.0,0,198,COMMUNICATION,Everyone
Ringdroid,4.4,12.695367128981715,17.72753358339242,,0.0,0,614,VIDEO_PLAYERS,Everyone
Twilight: Blue light filter,4.6,12.670231099977556,15.424948670398354,,0.0,0,72,HEALTH_AND_FITNESS,Everyone
AT&T THANKS®,3.4,7.802209316247118,13.122365377402328,34.0,0.0,0,29,FAMILY,Everyone
Galaxy at War Online,3.9,11.083987000676421,13.815511557963774,46.0,0.0,0,79,FAMILY,Everyone 10+
Kingdoms at War: Hardcore PVP,4.3,10.460213454484876,13.815511557963774,92.0,0.0,0,42,FAMILY,Teen
Five Nights at Freddy's 4 Demo,4.4,13.698331589822367,16.118095750958314,45.0,0.0,0,1110,GAME,Teen
Five Nights at Freddy's 3 Demo,4.5,13.85649605911659,16.118095750958314,50.0,0.0,0,1225,GAME,Teen
Fandom: Five Nights at Freddys,4.4,9.795122527858004,13.815511557963774,9.5,0.0,0,64,FAMILY,Mature 17+
Nights at Cube Pizzeria 3D – 2,4.0,10.761131704977476,15.424948670398354,36.0,0.0,0,226,GAME,Everyone 10+
World at War: WW2 Strategy MMO,4.3,11.587717488821516,15.424948670398354,78.0,0.0,0,76,FAMILY,Everyone 10+
Five Tries At Love Dating Sim,4.2,10.523149643833596,13.815511557963774,22.0,0.0,0,176,FAMILY,Teen
Rivals at War: 2084,4.0,12.067545939935842,15.424948670398354,48.0,0.0,0,675,FAMILY,Teen
Multiple Videos at Same Time,4.4,8.456806041401142,13.815511557963774,1.5,0.0,0,51,VIDEO_PLAYERS,Everyone
Five Nights at Freddy's 2,4.6,11.210738706315565,13.122365377402328,40.0,2.99,1,1363,FAMILY,Teen
Coloring Book at Five Nights,4.0,6.278521424165844,11.51293546492023,6.5,0.0,0,429,FAMILY,Everyone
Rivals at War: Firefight,4.4,12.750777820729843,15.424948670398354,51.0,0.0,0,660,GAME,Teen
Five nights at Minecraft,3.5,9.141633173966392,13.815511557963774,12.0,0.0,0,256,FAMILY,Everyone
Five Nights at Freddy's,4.6,11.520953156657457,13.815511557963774,50.0,2.99,1,1346,GAME,Teen
Nights at Cube Pizzeria 3D – 3,4.0,9.672563813902956,13.815511557963774,40.0,0.0,0,524,FAMILY,Teen
7 Nights at Pixel Pizzeria - 2,4.0,10.050570457237374,13.815511557963774,54.0,0.0,0,31,GAME,Teen
Nights at Slender Pizzeria 3D,4.1,7.874358824729881,11.51293546492023,45.0,0.0,0,444,GAME,Teen
DIRECTV,4.1,12.369410989216426,16.118095750958314,63.0,0.0,0,69,FAMILY,Teen
One Night at Golden Freddy's,3.3,7.907651594711089,11.51293546492023,4.0,0.0,0,245,GAME,Teen
DIRECTV for Tablets,3.9,10.090962474570878,13.815511557963774,69.0,0.0,0,69,FAMILY,Teen
Nights at Cube Pizzeria 3D – 4,4.1,8.952734767106872,13.122365377402328,39.0,0.0,0,23,GAME,Teen
Five Nights at Neighbor House,4.2,7.687538766201629,11.51293546492023,55.0,0.0,0,195,GAME,Everyone 10+
Asylum Night Shift - Five Nights Survival,4.0,10.989082144122934,15.424948670398354,46.0,0.0,0,44,GAME,Teen
Five Nights at Freddy's: SL,4.5,9.690479958409808,11.51293546492023,99.0,2.99,1,490,GAME,Teen
Two Nights at jumpscare,3.8,6.391917113392602,11.51293546492023,91.0,0.0,0,357,GAME,Teen
Five Nights at Pizzeria,3.5,7.589335823170617,11.51293546492023,21.0,0.0,0,159,GAME,Teen
Block Battles: Heroes at War - Multiplayer PVP,4.3,8.809713540508268,13.122365377402328,46.0,0.0,0,817,GAME,Everyone 10+
Five Nights at Freddy's 4,4.6,9.964911854523127,11.51293546492023,45.0,2.99,1,1110,GAME,Teen
Five Nights at Flappy's,4.7,8.304494897963567,9.210440366976517,24.0,0.0,0,408,GAME,Everyone
5 Nights at Cube Pizzeria City,3.8,7.898039690764619,11.51293546492023,52.0,0.0,0,533,GAME,Teen
Five Nights at Freddy's 3,4.7,10.234839560272293,11.51293546492023,50.0,2.99,1,1225,GAME,Teen
Undertale AU Amino,4.8,8.58858318750291,10.819798284210286,63.0,0.0,0,27,SOCIAL,Teen
au,3.2,9.118992332516877,13.815511557963774,5.8,0.0,0,792,FAMILY,Everyone
Audiobooks from Audible,4.5,13.251500378819387,18.420680753952364,,0.0,0,8,BOOKS_AND_REFERENCE,Teen
Au Mobile: Audition Chính Hiệu,3.9,11.353683513252122,13.815511557963774,23.0,0.0,0,23,GAME,Mature 17+
AU Mobile Indonesia,3.6,9.712448105122451,13.815511557963774,23.0,0.0,0,92,GAME,Everyone
Au Bon Pain,3.7,4.2626798770413155,9.210440366976517,26.0,0.0,0,17,FOOD_AND_DRINK,Everyone
Au Pair Legend,4.4,3.367295829986474,6.90875477931522,8.8,0.0,0,21,LIFESTYLE,Everyone
Super Dancer,4.1,11.42592863332936,13.815511557963774,27.0,0.0,0,16,GAME,Everyone
AU Results - AU COE Corner,4.0,6.499787040655854,11.51293546492023,2.1,0.0,0,238,FAMILY,Everyone
"view.com.au - Buy, Rent or Research Real Estate",3.1,5.3612921657094255,10.819798284210286,12.0,0.0,0,317,LIFESTYLE,Everyone
Au Weather Free,4.0,7.078341579557671,11.51293546492023,5.0,0.0,0,52,WEATHER,Everyone
BringGo AU & NZ,2.8,6.089044875446846,9.210440366976517,23.0,0.99,1,91,MAPS_AND_NAVIGATION,Everyone
AU Spark,3.7,6.525029657843462,9.210440366976517,8.2,0.0,0,8,FAMILY,Everyone
Rugby AU,2.7,2.8903717578961645,6.90875477931522,14.0,0.0,0,231,SPORTS,Everyone
Learners Test Free: AU Driver Knowledge Test (DKT),3.9,6.436150368369428,11.51293546492023,8.5,0.0,0,136,FAMILY,Everyone
"realestate.com.au - Buy, Rent & Sell Property",3.8,9.592741540485795,13.815511557963774,,0.0,0,24,HOUSE_AND_HOME,Everyone
Au-allstar for KR,3.6,7.797291273547472,11.51293546492023,47.0,0.0,0,55,GAME,Everyone
STUCOR - AU,4.5,7.510977752014095,11.51293546492023,12.0,0.0,0,65,FAMILY,Everyone
loans.com.au Smart Money,3.5,3.4339872044851463,6.90875477931522,17.0,0.0,0,74,FINANCE,Everyone
AU Students Zone (Result 2016),4.0,4.584967478670572,9.210440366976517,3.9,0.0,0,769,FAMILY,Everyone
AU Results 2017 Auzone,3.8,6.637258031284457,11.51293546492023,4.1,0.0,0,554,FAMILY,Everyone
Au Pair,3.6,4.07753744390572,9.210440366976517,15.0,0.0,0,360,SOCIAL,Everyone
AU Call Blocker - Block Unwanted Calls Texts 2018,4.2,2.833213344056216,6.90875477931522,3.3,0.0,0,107,COMMUNICATION,Everyone
realcommercial.com.au,4.4,4.859812404361672,10.819798284210286,6.7,0.0,0,44,BUSINESS,Everyone
Powershop AU,4.0,6.212606095751519,9.210440366976517,11.0,0.0,0,28,TOOLS,Everyone
Australia Newspapers - AU News Apps,4.7,3.8918202981106265,6.90875477931522,4.1,0.0,0,32,NEWS_AND_MAGAZINES,Everyone
Dance On Mobile,4.1,10.069425630079559,13.815511557963774,31.0,0.0,0,118,FAMILY,Teen
Super Dancer VN,4.0,10.098766465702033,13.122365377402328,25.0,0.0,0,18,GAME,Everyone
Neuvaine au Saint-Esprit,4.7,4.060443010546419,9.210440366976517,5.8,0.0,0,325,LIFESTYLE,Everyone
allhomes.com.au,3.8,6.774223886357614,11.51293546492023,12.0,0.0,0,8,HOUSE_AND_HOME,Everyone
Jobs in Canada - Emplois au Canada,5.0,1.0986122886681098,6.90875477931522,14.0,0.0,0,4,BUSINESS,Teen
Predator Calls for Hunting AU,4.4,3.332204510175204,9.210440366976517,78.0,0.0,0,736,SPORTS,Everyone
Love Dance,4.0,10.290890517825884,13.815511557963774,44.0,0.0,0,56,GAME,Teen
Avatar Musik,3.8,11.977061915937917,13.815511557963774,85.0,0.0,0,181,GAME,Everyone
Job'Of - Emploi au Cameroun,4.1,5.68697535633982,9.210440366976517,9.8,0.0,0,35,BUSINESS,Everyone
Mali 7 - Actualités au Mali,4.3,6.548219102762372,10.819798284210286,5.7,0.0,0,488,NEWS_AND_MAGAZINES,Everyone
AVG AntiVirus 2018 for Android Security,4.5,15.641198556281894,18.420680753952364,,0.0,0,6,TOOLS,Everyone
AV Tools,4.4,6.448889394146858,11.51293546492023,,0.0,0,686,TOOLS,Everyone
Total AV,3.4,6.42648845745769,11.51293546492023,46.0,0.0,0,114,PRODUCTIVITY,Everyone
日本AV历史,4.1,5.375278407684165,9.210440366976517,30.0,0.0,0,156,BOOKS_AND_REFERENCE,Teen
AV Buddy Free,4.1,3.258096538021482,8.517393171418904,47.0,0.0,0,519,FAMILY,Everyone
AV HD Video Player,3.8,1.9459101490553132,6.90875477931522,23.0,0.0,0,202,FAMILY,Everyone
AV Tools Pro,4.3,3.58351893845611,6.90875477931522,,2.49,1,686,TOOLS,Everyone
Avakin Life - 3D virtual world,4.4,14.058750026894186,16.118095750958314,91.0,0.0,0,37,FAMILY,Teen
AV-IPTV,4.4,3.784189633918261,6.90875477931522,44.0,0.0,0,104,VIDEO_PLAYERS,Everyone
"HD Video Player (wmv,avi,mp4,flv,av,mpg,mkv)2017",3.3,5.147494476813453,9.210440366976517,4.8,0.0,0,364,VIDEO_PLAYERS,Everyone
Baby Monitor AV,3.3,7.268920128193722,11.51293546492023,9.5,0.0,0,1617,COMMUNICATION,Everyone
HD Video Player - Video & MP3 Player | AV Player |,4.4,3.1354942159291497,8.517393171418904,19.0,0.0,0,156,VIDEO_PLAYERS,Everyone
Remote for Onkyo AV Receivers & Smart TV/Blu-Ray,3.7,6.553933404025811,11.51293546492023,7.3,0.0,0,9,TOOLS,Everyone
LG AV REMOTE,3.4,7.791935956938058,13.815511557963774,1.8,0.0,0,797,TOOLS,Everyone
App Seguridad AV Villas,2.3,5.529429087511423,10.819798284210286,5.7,0.0,0,301,FINANCE,Everyone
Gogo Vision (Biz Av),3.3,2.4849066497880004,6.90875477931522,7.3,0.0,0,351,FAMILY,Teen
Ai-Ball AV Recorder,2.7,4.51085950651685,8.517393171418904,4.0,2.99,1,294,PHOTOGRAPHY,Everyone
Norton Security and Antivirus,4.6,13.973062874232012,16.118095750958314,26.0,0.0,0,14,TOOLS,Everyone
AV Pro Voice Changer,3.5,5.1647859739235145,10.819798284210286,5.6,0.0,0,771,FAMILY,Everyone
Remote For Pioneer AV Receivers and Blu-Ray,3.4,5.017279836814924,10.819798284210286,7.3,0.0,0,69,TOOLS,Everyone
AV Phonetics,4.3,5.560681631015528,9.210440366976517,49.0,0.0,0,533,FAMILY,Everyone
AV MAX,4.1,2.302585092994046,6.90875477931522,8.7,0.0,0,22,LIFESTYLE,Everyone
Kaspersky Mobile Antivirus: AppLock & Web Security,4.7,14.77047569994922,17.72753358339242,49.0,0.0,0,16,TOOLS,Everyone
"Mobile Security: Antivirus, Web Scan & App Lock",4.4,13.261638244655916,16.118095750958314,20.0,0.0,0,24,PRODUCTIVITY,Everyone
MyAV Remote for Denon & Marantz AV Receivers,3.8,5.5254529391317835,10.819798284210286,7.3,0.0,0,9,LIFESTYLE,Everyone
EML UPnP-AV Control Point,3.0,4.3694478524670215,9.210440366976517,0.314453125,0.0,0,1785,VIDEO_PLAYERS,Everyone
Kinot & Eichah for Tisha B'Av,4.4,4.59511985013459,9.210440366976517,6.3,0.0,0,1466,BOOKS_AND_REFERENCE,Everyone
Samsung TV AV Guide 2016,4.2,3.332204510175204,8.517393171418904,3.4,0.0,0,814,TOOLS,Everyone
Professional AV Solution & Products information,4.5,3.2188758248682006,6.90875477931522,22.0,0.0,0,393,PRODUCTIVITY,Everyone
AV High School District,3.5,4.5217885770490405,9.210440366976517,25.0,0.0,0,126,FAMILY,Everyone
Bitdefender Antivirus Free,4.5,11.272508584985562,13.815511557963774,6.3,0.0,0,20,TOOLS,Everyone
Kinot Tisha'a Be'av - Ashkenaz,4.5,4.418840607796598,8.517393171418904,8.7,0.0,0,1110,LIFESTYLE,Everyone
"Avast Cleanup & Boost, Phone Cleaner, Optimizer",4.5,13.382233765514876,16.118095750958314,24.0,0.0,0,8,TOOLS,Everyone
AW - free video calls and chat,4.0,8.898092345579153,13.815511557963774,,0.0,0,36,COMMUNICATION,Teen
Aw Restaurant,4.8,1.6094379124341003,4.61512051684126,43.0,0.0,0,184,FAMILY,Everyone
AW Screen Recorder No Root,4.3,7.414572881350589,11.51293546492023,3.7,0.0,0,399,VIDEO_PLAYERS,Everyone
A&W Restaurants,1.7,2.70805020110221,6.90875477931522,13.0,0.0,0,64,FOOD_AND_DRINK,Everyone
Add Watermark Free,4.3,9.816076095525158,13.815511557963774,,0.0,0,340,PHOTOGRAPHY,Everyone
AW Tozer Devotionals - Daily,4.2,2.1972245773362196,8.517393171418904,3.9,0.0,0,671,BOOKS_AND_REFERENCE,Everyone
Analog Clock AW Plus-7,4.2,6.587550014824796,11.51293546492023,3.0,0.0,0,148,TOOLS,Everyone
Analog Clock AW-7,4.3,7.677400430514807,11.51293546492023,3.0,0.0,0,155,TOOLS,Everyone
Armored Warfare: Assault,4.0,8.951440100949855,11.51293546492023,46.0,0.0,0,7,GAME,Everyone
Watch AW-7,4.2,5.521460917862246,10.819798284210286,3.0,0.0,0,145,TOOLS,Everyone
AW TeamUp,4.6,2.302585092994046,6.2166061010848646,17.0,0.0,0,66,NEWS_AND_MAGAZINES,Everyone
Auction Wars : Storage King,4.1,10.277221166482795,13.815511557963774,63.0,0.0,0,328,GAME,Everyone
AW Training,4.6,2.4849066497880004,6.90875477931522,17.0,0.0,0,35,FAMILY,Everyone
Digital Clock AW-7,4.1,6.184148890937483,11.51293546492023,2.9,0.0,0,156,TOOLS,Everyone
Analog and Digital Clock AW-7,4.0,5.313205979041787,10.819798284210286,2.9,0.0,0,147,TOOLS,Everyone
Analog Clock AW-7 PRO,3.3,3.713572066704308,6.90875477931522,2.7,1.99,1,155,TOOLS,Everyone
AW Reader: news & apps [Dutch],4.1,7.575071699507561,11.51293546492023,,0.0,0,168,NEWS_AND_MAGAZINES,Everyone
AW Browser with Chrome Custom Tabs,4.0,2.302585092994046,6.2166061010848646,4.7,0.0,0,84,TOOLS,Everyone
Roman Clock AW-7,4.4,3.970291913552122,8.517393171418904,3.0,0.0,0,145,TOOLS,Everyone
Square Analog Clock AW-7,4.2,5.68697535633982,10.819798284210286,3.0,0.0,0,152,TOOLS,Everyone
iSniper 3D Arctic Warfare,3.8,10.479342202122597,13.815511557963774,,0.0,0,1800,GAME,Teen
AirWatch Agent,3.1,9.951038854394351,15.424948670398354,31.0,0.0,0,8,BUSINESS,Everyone
Tozer Devotional -Series 1,5.0,1.791759469228055,6.90875477931522,4.3,0.0,0,670,BOOKS_AND_REFERENCE,Everyone
Modern Action Commando 3D,4.2,6.20050917404269,11.51293546492023,63.0,0.0,0,490,GAME,Teen
HCP Anywhere,4.7,4.74493212836325,8.517393171418904,8.6,0.0,0,132,BUSINESS,Everyone
Call of Duty®: Heroes,4.4,14.288102709094655,16.118095750958314,57.0,0.0,0,43,GAME,Teen
Ultimate Watch 2 watch face,4.6,5.655991810819852,9.210440366976517,,0.99,1,66,PERSONALIZATION,Everyone
Amber Weather,4.4,12.468967538420268,16.118095750958314,13.0,0.0,0,24,WEATHER,Everyone 10+
Advanced Warfare Guns,2.9,7.640123172695364,11.51293546492023,5.6,0.0,0,1160,FAMILY,Everyone
AirWatch Inbox,2.7,9.029657471850737,13.815511557963774,,0.0,0,323,BUSINESS,Everyone
Pujie Black Watch Face for Android Wear OS,4.6,8.890823576004383,11.51293546492023,,1.99,1,266,PERSONALIZATION,Everyone
Bits Watch Face,4.0,8.733271845008325,11.51293546492023,,0.0,0,185,PRODUCTIVITY,Everyone
The Pursuit of God,4.8,1.9459101490553132,6.90875477931522,1.6,0.0,0,541,BOOKS_AND_REFERENCE,Everyone
Food-Aw - Order Food Online in Aruba,5.0,0.6931471805599453,4.61512051684126,24.0,0.0,0,126,FOOD_AND_DRINK,Everyone
F05WatchFace for Android Wear,3.9,4.852030263919617,6.90875477931522,5.9,0.99,1,228,PRODUCTIVITY,Everyone
ByssWeather for Wear OS,4.2,9.886697383228654,13.815511557963774,,0.0,0,120,WEATHER,Everyone
AW - Le News di AndroidWorld,4.1,7.940583827104244,11.51293546492023,,0.0,0,913,NEWS_AND_MAGAZINES,Everyone
Anime Expo 2018,4.7,4.007333185232471,9.210440366976517,44.0,0.0,0,62,FAMILY,Everyone
Adventure Xpress,4.2,10.117630721653038,11.51293546492023,30.0,0.0,0,1032,FAMILY,Everyone 10+
AXE.IO - Brutal Survival Battleground,4.2,8.254788926148725,13.122365377402328,76.0,0.0,0,6,GAME,Everyone 10+
Dynamics AX,3.7,5.501258210544727,9.210440366976517,0.953125,0.0,0,1018,BUSINESS,Everyone
AX Player -Nougat Video Player,4.1,9.665611001619853,13.815511557963774,10.0,0.0,0,1427,VIDEO_PLAYERS,Everyone
Armani Exchange Connected,4.1,5.723585101952381,9.210440366976517,44.0,0.0,0,401,LIFESTYLE,Everyone
Axe Champ,3.8,4.955827057601261,9.210440366976517,19.0,0.0,0,75,GAME,Everyone
AX Battery Saver,4.6,8.42222295382501,11.51293546492023,3.0,0.0,0,182,FINANCE,Everyone
Axe Champion,4.4,3.091042453358316,8.517393171418904,15.0,0.0,0,73,GAME,Everyone
Vikings Stickman Axe Fighting,4.2,6.829793737512425,11.51293546492023,43.0,0.0,0,292,GAME,Everyone
AX Video Player,4.4,6.345636360828596,10.819798284210286,2.6,0.0,0,1002,VIDEO_PLAYERS,Everyone
Axetatic - Axe Throwing Game,4.6,3.4011973816621555,6.90875477931522,31.0,0.0,0,291,GAME,Everyone 10+
Axe Champs! Wars,5.0,2.1972245773362196,3.9318256327243257,25.0,0.0,0,44,GAME,Everyone
Axe Knight,4.5,3.970291913552122,8.517393171418904,33.0,0.0,0,44,GAME,Everyone
Axxess AX-DSP,3.5,2.8903717578961645,8.517393171418904,7.4,0.0,0,66,TOOLS,Everyone
Axxess Updater,3.9,4.04305126783455,9.210440366976517,2.3,0.0,0,598,TOOLS,Everyone
The Vikings,4.4,9.668208158877395,13.815511557963774,42.0,0.0,0,64,GAME,Teen
Axe Spinner,3.0,1.0986122886681098,2.3978952727983707,,0.0,0,217,FAMILY,Everyone
Knife&Axe Throwing,3.1,6.089044875446846,10.819798284210286,9.1,0.0,0,2082,GAME,Everyone
Stickman and Axe,4.4,4.248495242049359,10.819798284210286,2.8,0.0,0,257,GAME,Teen
Q7 SmartWatch,3.0,4.553876891600541,9.210440366976517,30.0,0.0,0,31,HEALTH_AND_FITNESS,Everyone
Axe Man,3.7,3.9889840465642745,6.90875477931522,14.0,0.0,0,1263,GAME,Everyone
Throw Knife,3.7,5.676753802268282,11.51293546492023,37.0,0.0,0,329,FAMILY,Everyone
Dead Zombie Evil Killer:Axe,3.9,4.276666119016055,9.210440366976517,52.0,0.0,0,616,GAME,Teen
INTERACTIVE CALCULUS FOR MATHS AND PHYSICS,4.8,3.9889840465642745,6.90875477931522,4.4,0.0,0,162,FAMILY,Everyone
Zlax.io Zombs Luv Ax,4.6,8.755422380148488,13.122365377402328,32.0,0.0,0,127,GAME,Everyone
AX Selfie,4.6,2.3978952727983707,6.2166061010848646,3.4,0.0,0,1074,LIFESTYLE,Everyone
Ax 3 Domaines,4.5,2.5649493574615367,6.90875477931522,23.0,0.0,0,195,SPORTS,Everyone
Clash of Axe: Flippy Lumberjack Action X,4.3,1.9459101490553132,6.90875477931522,61.0,0.0,0,329,GAME,Everyone
Flippy Axe : Flip The Knife & Axe Simulator,5.0,2.0794415416798357,4.61512051684126,15.0,0.0,0,316,GAME,Everyone
Axe Clicker,4.3,9.254070134837509,13.122365377402328,64.0,0.0,0,27,FAMILY,Everyone
Axe Wallpaper,4.7,2.302585092994046,4.61512051684126,12.0,0.0,0,552,PERSONALIZATION,Teen
Woodman Deluxe,4.0,4.418840607796598,8.517393171418904,4.4,0.0,0,1130,GAME,Everyone
Ay,3.8,2.4849066497880004,8.517393171418904,3.6,0.0,0,97,VIDEO_PLAYERS,Teen
A-Y Collection,5.0,1.0986122886681098,4.61512051684126,2.9,0.0,0,174,SHOPPING,Teen
AY Sing,4.8,4.718498871295094,8.517393171418904,10.0,0.0,0,80,BOOKS_AND_REFERENCE,Everyone
Ay Up,4.5,2.4849066497880004,4.61512051684126,7.2,0.0,0,1017,FAMILY,Everyone
"AY Recorder - Screen Recorder, Live, Video Editor",4.3,2.5649493574615367,6.2166061010848646,3.8,0.0,0,451,TOOLS,Everyone
camera zoom moon,3.7,7.101675971619444,13.122365377402328,1.1,0.0,0,198,PHOTOGRAPHY,Everyone
Ay Hasnain k Nana Milad Naat,4.3,4.290459441148391,9.210440366976517,1.9,0.0,0,962,BOOKS_AND_REFERENCE,Everyone
¡Ay Metro!,3.8,6.194405391104672,9.210440366976517,36.0,0.0,0,1241,GAME,Everyone 10+
Lunar Calendar,4.5,6.184148890937483,6.90875477931522,,4.99,1,23,LIFESTYLE,Mature 17+
Pinoy Kid Song Ako ay may Lobo,4.6,3.1780538303479458,9.210440366976517,17.0,0.0,0,696,FAMILY,Everyone
Lunar Calendar Lite,4.1,7.991253929840199,11.51293546492023,,0.0,0,23,LIFESTYLE,Mature 17+
Ay Mohabbat Teri Khatir Novel,4.2,3.332204510175204,9.210440366976517,4.3,0.0,0,191,BOOKS_AND_REFERENCE,Everyone
Quran Khmer Offline AY,5.0,3.7376696182833684,6.90875477931522,4.0,0.0,0,239,FAMILY,Everyone
Google Play Games,4.3,15.785239906937248,20.72326583794641,,0.0,0,24,FAMILY,Teen
Sun & Moon AR Locator,3.3,4.7535901911063645,9.210440366976517,5.1,0.0,0,532,WEATHER,Everyone
Display Phone Screen On TV,3.6,9.199885914072324,13.815511557963774,2.7,0.0,0,552,TOOLS,Everyone
San Andreas Crime Stories,4.0,11.998624031788562,16.118095750958314,97.0,0.0,0,38,GAME,Mature 17+
Masha and The Bear,4.0,10.591119552407964,15.424948670398354,19.0,0.0,0,734,FAMILY,Everyone
Miami crime simulator,4.0,12.447130768374684,16.118095750958314,100.0,0.0,0,31,GAME,Mature 17+
Strange Hero: Future Battle,4.2,11.39528991843679,16.118095750958314,73.0,0.0,0,77,GAME,Teen
Gangster Town: Vice District,4.3,11.084401533910267,16.118095750958314,100.0,0.0,0,70,FAMILY,Mature 17+
iMediaShare – Photos & Music,4.2,11.557439834276872,16.118095750958314,18.0,0.0,0,233,VIDEO_PLAYERS,Everyone
Earth & Moon in HD Gyro 3D Parallax Live Wallpaper,4.5,11.102276946169908,15.424948670398354,18.0,0.0,0,59,PERSONALIZATION,Everyone
Mad Day - Truck Distance Game,4.3,10.284352543776059,15.424948670398354,44.0,0.0,0,15,GAME,Everyone
AZ Screen Recorder - No Root,4.6,13.530374574807857,16.118095750958314,,0.0,0,7,VIDEO_PLAYERS,Everyone
AZ Browser. Private & Download,4.4,7.327123292259293,11.51293546492023,5.2,0.0,0,586,COMMUNICATION,Everyone
AZ Lottery Players Club,4.2,4.584967478670572,9.210440366976517,8.9,0.0,0,31,FAMILY,Everyone
AZ Plugin 2 (newest),4.2,9.313618721429684,13.815511557963774,34.0,0.0,0,511,LIBRARIES_AND_DEMO,Everyone
Kids A-Z,4.2,10.182141493777905,13.815511557963774,30.0,0.0,0,7,FAMILY,Everyone
AZ Camera - Manual Pro Cam,3.4,7.75491027202143,11.51293546492023,1.6,0.0,0,1077,PHOTOGRAPHY,Everyone
A-Z App Store,3.2,7.911690520708339,13.122365377402328,4.4,0.0,0,673,PRODUCTIVITY,Everyone
AZ Screen Recorder pro,4.0,4.110873864173311,8.517393171418904,3.7,0.0,0,143,TOOLS,Everyone
Permit Test AZ Arizona MVD DOT,4.6,5.429345628954441,9.210440366976517,11.0,0.0,0,301,FAMILY,Everyone
AZ PLAYER HD,3.2,3.2188758248682006,9.210440366976517,4.7,0.0,0,850,TOOLS,Everyone
Long Realty AZ Home Search,4.4,4.890349128221754,9.210440366976517,33.0,0.0,0,156,LIFESTYLE,Everyone
NB|AZ Mobile Banking,4.0,6.139884552226255,9.210440366976517,13.0,0.0,0,126,FINANCE,Everyone
Movie Downloader Torrent : Az Torrent,4.7,4.2626798770413155,6.90875477931522,14.0,0.0,0,33,VIDEO_PLAYERS,Everyone
AZ Immune Related AEManagement,3.7,1.3862943611198906,6.2166061010848646,7.3,0.0,0,77,MEDICAL,Everyone
Alphabet A-Z,3.9,5.726847747587197,11.51293546492023,,0.0,0,1575,FAMILY,Everyone
AZ Rockets,4.2,5.093750200806762,9.210440366976517,37.0,0.0,0,76,GAME,Everyone
NB|AZ Business Mobile Banking,4.1,3.8066624897703196,6.90875477931522,13.0,0.0,0,126,FINANCE,Everyone
Az Content,3.5,3.2188758248682006,9.210440366976517,13.0,0.0,0,65,FAMILY,Everyone
Catalyst AZ,4.8,2.5649493574615367,6.2166061010848646,8.4,0.0,0,43,FAMILY,Teen
Casino AZ/Talking Stick Resort,4.3,5.308267697401205,9.210440366976517,45.0,0.0,0,24,TRAVEL_AND_LOCAL,Everyone
Graffiti Letters (A-Z),3.9,5.958424693029782,10.819798284210286,7.9,0.0,0,537,LIFESTYLE,Everyone
First Credit Union (AZ) Mobile,3.5,4.61512051684126,9.210440366976517,11.0,0.0,0,422,FINANCE,Everyone
Arizona Mobile,4.3,5.655991810819852,9.210440366976517,6.2,0.0,0,275,FAMILY,Everyone
AZ Mobile Gizmo,4.4,2.833213344056216,6.90875477931522,3.7,0.0,0,129,BUSINESS,Everyone
Az Video Status,4.8,2.6390573296152584,4.61512051684126,6.0,0.0,0,7,FAMILY,Everyone
"Arizona Statutes, ARS (AZ Law)",3.9,2.302585092994046,6.90875477931522,8.8,0.0,0,295,BOOKS_AND_REFERENCE,Everyone
Explore Sedona & Northern AZ,3.8,3.784189633918261,9.210440366976517,22.0,0.0,0,520,TRAVEL_AND_LOCAL,Everyone
Arizona DMV Permit Test - AZ,4.2,4.700480365792417,9.210440366976517,30.0,0.0,0,175,FAMILY,Everyone
Oxford A-Z of English Usage,4.0,8.575650760987806,13.815511557963774,11.0,0.0,0,254,BOOKS_AND_REFERENCE,Everyone
Cures A-Z,4.0,5.583496308781699,11.51293546492023,4.1,0.0,0,1092,HEALTH_AND_FITNESS,Everyone
AZ Practice Test & Questions,4.4,2.6390573296152584,6.90875477931522,3.4,0.0,0,504,FAMILY,Everyone
Arizona Trail,4.7,4.189654742026425,8.517393171418904,13.0,0.0,0,490,TRAVEL_AND_LOCAL,Everyone
Ultrasound A-Z,4.5,4.727387818712341,9.210440366976517,39.0,0.0,0,65,FAMILY,Everyone
A-Z Punjabi Songs & Music Videos 2018,4.3,5.908082938168931,11.51293546492023,5.1,0.0,0,84,FAMILY,Everyone
Manga AZ - Manga Comic Reader,3.3,4.844187086458591,8.517393171418904,4.7,0.0,0,16,COMICS,Teen
Barista Coffee Dictionary A-Z,4.3,4.852030263919617,9.210440366976517,5.5,0.0,0,797,LIFESTYLE,Everyone
Phoenix and Arizona Cameras,4.1,4.90527477843843,9.210440366976517,5.3,0.0,0,50,TRAVEL_AND_LOCAL,Everyone
AZ REMOTE CONTROL,2.1,5.0106352940962555,10.819798284210286,2.8,0.0,0,864,TOOLS,Everyone
Greater London A-Z 2016,3.7,3.713572066704308,6.90875477931522,9.0,8.49,1,721,TRAVEL_AND_LOCAL,Everyone
Ba Financial Calculator plus,4.4,3.4657359027997265,6.90875477931522,0.201171875,3.99,1,25,FINANCE,Everyone
Financial Calculator BA Chien.,4.2,3.1780538303479458,6.2166061010848646,0.931640625,3.99,1,603,FINANCE,Everyone
BA4You,2.1,4.477336814478207,8.517393171418904,26.0,0.0,0,105,BUSINESS,Everyone
BA Pro Financial Calculator,2.4,3.6109179126442243,6.90875477931522,9.4,1.99,1,997,FINANCE,Everyone
BA Calculator,4.1,3.1354942159291497,8.517393171418904,2.4,0.0,0,18,PRODUCTIVITY,Everyone
ba,3.1,7.45876269238096,13.122365377402328,5.8,0.0,0,792,FAMILY,Everyone
Ra Ga Ba,5.0,1.0986122886681098,0.6931471805599453,20.0,1.49,1,547,GAME,Everyone
Ba Cristi,3.5,5.2832037287379885,9.210440366976517,35.0,0.0,0,870,GAME,Everyone
Ba ba black sheep offline Video,4.2,3.044522437723423,9.210440366976517,17.0,0.0,0,403,PARENTING,Everyone
Goody.ba,4.7,5.717027701406222,9.210440366976517,42.0,0.0,0,18,FAMILY,Everyone
Learn alif ba ta,4.8,3.1780538303479458,9.210440366976517,35.0,0.0,0,254,FAMILY,Everyone
Arabic Alif Ba Ta For Kids,4.5,5.424950017481403,11.51293546492023,26.0,0.0,0,436,FAMILY,Everyone
Arabic Alphabet Alif Ba Ta Wooden Blocks,4.6,4.204692619390966,9.210440366976517,17.0,0.0,0,165,FAMILY,Everyone
Let's Learn Alif Ba Ta,4.6,3.4965075614664802,9.210440366976517,60.0,0.0,0,253,FAMILY,Everyone
Sufara.ba,4.9,5.655991810819852,9.210440366976517,25.0,0.0,0,216,FAMILY,Everyone
Elif Ba - Learn The Holy Quran,4.8,7.307872780763706,10.819798284210286,38.0,0.0,0,282,FAMILY,Everyone
Instant Ba-dum-tss,4.0,2.6390573296152584,6.90875477931522,2.0,0.0,0,1051,FAMILY,Everyone
Ba Zi Fortune,3.9,6.385194398997726,11.51293546492023,2.5,0.0,0,219,LIFESTYLE,Everyone
BA VPN - Free Unlimited VPN,4.1,5.204006687076795,9.210440366976517,9.2,0.0,0,56,FAMILY,Everyone
Ba dum tss - Rimshot widget,4.1,6.53813982376767,10.819798284210286,0.43359375,0.0,0,1045,COMICS,Everyone
Alif Ba Ta Song - Arabic Kids,4.5,5.429345628954441,10.819798284210286,15.0,0.0,0,166,FAMILY,Everyone
Fitness Dance for Zum.ba Workout Exercise,4.2,5.662960480135946,10.819798284210286,12.0,0.0,0,10,HEALTH_AND_FITNESS,Everyone
Cafe.ba,4.0,6.519147287940395,9.210440366976517,4.4,0.0,0,428,NEWS_AND_MAGAZINES,Everyone
058.ba,4.4,3.332204510175204,4.61512051684126,14.0,0.0,0,34,NEWS_AND_MAGAZINES,Everyone
Loreal - BA Makeup,1.9,2.1972245773362196,6.90875477931522,6.7,0.0,0,113,TOOLS,Everyone
Elif Ba Oyunu,3.7,3.295836866004329,8.517393171418904,2.2,0.0,0,1011,TOOLS,Everyone
Bedouin Rivals,4.2,11.287617072076507,13.815511557963774,,0.0,0,14,FAMILY,Everyone 10+
Klix.ba,4.0,8.201934351194222,11.51293546492023,5.7,0.0,0,530,NEWS_AND_MAGAZINES,Everyone
PBA® Bowling Challenge,4.3,12.397093751275644,16.118095750958314,87.0,0.0,0,7,SPORTS,Everyone
Avios for Android,2.5,6.760414691083428,11.51293546492023,30.0,0.0,0,121,TRAVEL_AND_LOCAL,Everyone
Banana Kong,4.4,15.054618143225998,18.420680753952364,68.0,0.0,0,183,GAME,Everyone
Elifba Quran Learning Game,4.7,7.261927092702751,11.51293546492023,19.0,0.0,0,63,FAMILY,Everyone
Space Shooter : Galaxy Attack,4.6,12.041563501574691,16.118095750958314,40.0,0.0,0,8,GAME,Everyone
Hunt Buddy BC,4.4,5.153291594497779,8.517393171418904,49.0,2.99,1,30,SPORTS,Everyone
"Survival Mobile:10,000 BC",4.3,8.914894908906568,13.122365377402328,52.0,0.0,0,7,FAMILY,Everyone 10+
iHunter BC,4.4,4.02535169073515,6.90875477931522,63.0,4.49,1,6,SPORTS,Everyone
Anthem BC Anywhere,2.6,6.208590026096629,11.51293546492023,24.0,0.0,0,13,MEDICAL,Everyone
iFish BC,3.6,3.258096538021482,6.90875477931522,6.0,3.99,1,1268,SPORTS,Everyone
BC Connect,3.8,2.4849066497880004,6.90875477931522,17.0,0.0,0,148,FAMILY,Everyone
Ice Crush 10.000 B.C.,4.4,3.4657359027997265,4.61512051684126,4.2,0.99,1,1820,FAMILY,Everyone
BC Navigator,4.4,3.091042453358316,6.90875477931522,32.0,0.0,0,91,FAMILY,Everyone
BC Lotto Check,3.0,2.3978952727983707,8.517393171418904,0.7001953125,0.0,0,778,FAMILY,Everyone
BC Liquor Stores,3.7,6.20050917404269,10.819798284210286,4.3,0.0,0,1039,LIFESTYLE,Everyone
BC MVA Fines,5.0,1.791759469228055,3.9318256327243257,7.2,1.75,1,1036,BOOKS_AND_REFERENCE,Everyone
BC Hospital Wait Times,4.2,2.1972245773362196,6.2166061010848646,1.2,0.0,0,933,MEDICAL,Everyone
"Town of Princeton, BC",4.8,1.6094379124341003,4.61512051684126,31.0,0.0,0,45,PRODUCTIVITY,Everyone
Explore British Columbia - BC Travel Guide,4.4,2.0794415416798357,6.2166061010848646,17.0,0.0,0,304,TRAVEL_AND_LOCAL,Everyone
Bridge Constructor Stunts FREE,4.1,10.495487551091115,13.815511557963774,46.0,0.0,0,474,FAMILY,Everyone
BC's Pizza,4.7,4.736198448394496,6.90875477931522,20.0,0.0,0,678,LIFESTYLE,Everyone
Baby Connect (activity log),4.7,9.029297996680608,10.819798284210286,8.3,4.99,1,30,PARENTING,Everyone
BC Wildfire,3.3,3.332204510175204,8.517393171418904,5.0,0.0,0,70,TOOLS,Everyone
BC Slots - The Lost Reels FREE,4.0,5.3471075307174685,9.210440366976517,22.0,0.0,0,27,GAME,Teen
Truck Driving Test Class 3 BC,1.0,0.6931471805599453,3.9318256327243257,2.0,1.49,1,2313,FAMILY,Everyone
BC Highways - Road Conditions,4.4,5.948034989180646,9.210440366976517,12.0,0.0,0,189,TRAVEL_AND_LOCAL,Everyone
BC Camera,4.2,1.791759469228055,6.2166061010848646,5.5,0.0,0,211,PHOTOGRAPHY,Everyone
BC iptv player,4.4,2.1972245773362196,6.90875477931522,14.0,0.0,0,301,VIDEO_PLAYERS,Everyone
Business Calendar Pro,4.6,10.20861653859163,11.51293546492023,,4.99,1,77,PRODUCTIVITY,Everyone
"Victoria, BC | Tour City",4.3,3.044522437723423,6.90875477931522,15.0,0.0,0,737,TRAVEL_AND_LOCAL,Everyone
BC Wildflowers,4.4,2.0794415416798357,6.90875477931522,81.0,0.0,0,395,FAMILY,Everyone
BC Hockey,3.7,3.044522437723423,6.90875477931522,8.9,0.0,0,244,SPORTS,Everyone
Outdoor Movies BC,2.9,2.0794415416798357,6.2166061010848646,,0.0,0,48,EVENTS,Everyone
British Columbia Tourist Places (Guide),4.0,0.6931471805599453,4.61512051684126,3.0,0.0,0,274,TRAVEL_AND_LOCAL,Everyone
PMHNP-BC Pocket Prep,4.4,4.727387818712341,6.90875477931522,13.0,0.0,0,28,MEDICAL,Everyone
British Columbia License,3.3,2.70805020110221,6.90875477931522,11.0,0.0,0,1298,FAMILY,Everyone
AP Calculus BC Practice Test,4.2,1.6094379124341003,6.2166061010848646,29.0,0.0,0,196,FAMILY,Everyone
BackCountry Navigator TOPO GPS PRO,4.5,8.737292112544221,11.51293546492023,,11.99,1,6,MAPS_AND_NAVIGATION,Everyone
BC Pizza,2.3,1.3862943611198906,6.2166061010848646,2.6,0.0,0,940,LIFESTYLE,Everyone
Railroad Radio Vancouver BC,5.0,1.6094379124341003,4.61512051684126,1.7,0.0,0,1138,FAMILY,Teen
AP Calculus BC: Practice Tests and Flashcards,3.6,1.791759469228055,6.90875477931522,5.4,0.0,0,37,FAMILY,Everyone
Bridge Constructor Playground FREE,3.9,11.830491529502053,15.424948670398354,30.0,0.0,0,484,FAMILY,Everyone
"BDCast - Bangla Live TV,Radio",4.4,8.917578753781104,13.815511557963774,31.0,0.0,0,81,FAMILY,Everyone
bd's Mongolian Grill,4.2,4.795790545596741,9.210440366976517,14.0,0.0,0,167,LIFESTYLE,Everyone
BD Briight: Your Diabetes Personal Assistant,4.8,2.8903717578961645,8.517393171418904,37.0,0.0,0,21,MEDICAL,Everyone
Jagobd - Bangla TV(Official),4.3,10.57413346774956,13.815511557963774,4.0,0.0,0,232,FAMILY,Everyone
Business Dictionary,4.2,8.697679732264463,13.122365377402328,,0.0,0,815,BUSINESS,Everyone
BD Data Plan (3G & 4G),4.4,9.243968552956167,13.122365377402328,6.9,0.0,0,35,COMMUNICATION,Everyone
বাংলা টিভি প্রো BD Bangla TV,4.3,5.267858159063328,9.210440366976517,14.0,0.0,0,467,FAMILY,Everyone
BD tools,4.0,3.091042453358316,9.210440366976517,0.205078125,0.0,0,965,TOOLS,Everyone
BD Provider App,1.4,3.828641396489095,8.517393171418904,13.0,0.0,0,696,HEALTH_AND_FITNESS,Everyone
"Izneo, Read Manga, Comics & BD",3.3,7.29776828253138,13.122365377402328,18.0,0.0,0,59,COMICS,Teen
BD Radio TV Free List,4.3,6.29156913955832,10.819798284210286,13.0,0.0,0,8,FAMILY,Everyone
BD Online News,4.6,3.4339872044851463,6.90875477931522,3.8,0.0,0,142,NEWS_AND_MAGAZINES,Everyone
BD Bank Interest,4.7,5.66988092298052,8.517393171418904,3.2,0.0,0,97,FINANCE,Everyone
BD Earn Pro,4.2,6.293419278846481,9.210440366976517,3.2,0.0,0,8,FAMILY,Everyone
Comics Reader,3.9,8.411165786770708,11.51293546492023,0.5947265625,0.0,0,284,COMICS,Everyone
Upohar BD,3.4,2.302585092994046,6.90875477931522,1.7,0.0,0,670,BUSINESS,Everyone
Electricity Bill Calculator BD,4.3,5.5134287461649825,9.210440366976517,4.0,0.0,0,778,PRODUCTIVITY,Everyone
BD Fishpedia,4.8,4.820281565605037,6.90875477931522,6.5,0.0,0,512,BOOKS_AND_REFERENCE,Everyone
BD Attendance,4.8,4.543294782270004,6.90875477931522,14.0,0.0,0,23,PRODUCTIVITY,Everyone
BD All Sim Offer,4.5,5.288267030694535,9.210440366976517,2.8,0.0,0,583,BOOKS_AND_REFERENCE,Everyone
BD TYCOON,3.3,2.833213344056216,6.2166061010848646,33.0,0.0,0,399,FAMILY,Everyone
BD Sports Box & TV,4.2,1.791759469228055,6.2166061010848646,3.3,0.0,0,118,FAMILY,Everyone
Tour BD (Bahir Dar Map),4.9,3.912023005428146,4.61512051684126,3.9,0.0,0,297,MAPS_AND_NAVIGATION,Everyone
BD Field Force,4.2,3.7376696182833684,6.90875477931522,15.0,0.0,0,8,PRODUCTIVITY,Everyone
BD CRICKET LIVE,4.6,7.122059881629142,11.51293546492023,9.5,0.0,0,206,SPORTS,Everyone
BD All Results,4.1,5.327876168789581,10.819798284210286,7.3,0.0,0,253,FAMILY,Everyone
BD Online Passport Application,4.6,2.5649493574615367,8.517393171418904,2.4,0.0,0,306,FAMILY,Everyone
BD Internet Packages (Updated),4.0,6.163314804034641,10.819798284210286,3.0,0.0,0,734,COMMUNICATION,Everyone
Live Radio BD,4.2,4.248495242049359,9.210440366976517,3.5,0.0,0,1193,FAMILY,Everyone
iCard BD Plus,5.0,1.0986122886681098,6.2166061010848646,2.4,0.0,0,755,SOCIAL,Everyone
BD Dialer,4.1,3.4011973816621555,9.210440366976517,13.0,0.0,0,31,COMMUNICATION,Everyone
"Youboox - Livres, BD et magazines",3.7,8.311889558230359,13.122365377402328,,0.0,0,128,BOOKS_AND_REFERENCE,Teen
BANGLA TV 3G/4G,4.1,4.962844630259907,11.51293546492023,5.3,0.0,0,63,SPORTS,Everyone
Earn Money BD,3.8,4.6443908991413725,8.517393171418904,6.9,0.0,0,29,FINANCE,Everyone
BD Hospital's,4.7,2.5649493574615367,4.61512051684126,2.3,0.0,0,1037,FAMILY,Everyone
Rabbithole,3.5,8.116118431609365,11.51293546492023,15.0,0.0,0,22,FAMILY,Everyone
Educationboard Results BD,4.0,6.891625897052253,11.51293546492023,7.2,0.0,0,58,FAMILY,Everyone
BD Online Shop,4.2,4.1588830833596715,8.517393171418904,13.0,0.0,0,1061,BUSINESS,Everyone
Remote for Samsung TV & BluRay Players (Read Desc),3.3,7.5953872788539725,13.122365377402328,7.3,0.0,0,6,TOOLS,Everyone
Vehicle Case Checker BD,3.7,3.4011973816621555,9.210440366976517,3.3,0.0,0,392,TOOLS,Everyone
Remote for Sony TV & Sony Blu-Ray Players MyAV,3.4,8.158229916959494,13.815511557963774,7.3,0.0,0,9,TOOLS,Everyone
Remote for Panasonic TV+BD+AVR,3.7,6.280395838960195,11.51293546492023,7.3,0.0,0,9,TOOLS,Everyone
Exam Result BD,5.0,1.0986122886681098,6.2166061010848646,2.6,0.0,0,383,FAMILY,Everyone
BD Live Call,4.4,2.0794415416798357,8.517393171418904,0.30078125,0.0,0,702,COMMUNICATION,Everyone
Helping BD,5.0,2.772588722239781,4.61512051684126,4.5,0.0,0,51,LIFESTYLE,Everyone
Best Browser BD social networking,4.8,1.9459101490553132,2.3978952727983707,21.0,0.0,0,36,COMMUNICATION,Everyone
Traffic signs BD,4.4,2.0794415416798357,6.2166061010848646,5.3,0.0,0,1036,COMMUNICATION,Everyone
BD Internet Package Activator,4.9,2.6390573296152584,4.61512051684126,2.3,0.0,0,153,NEWS_AND_MAGAZINES,Everyone
be Produbanco,4.0,6.875232087276577,11.51293546492023,22.0,0.0,0,7,FINANCE,Everyone
Millionaire : Who want to be?,4.4,8.388677769180811,11.51293546492023,40.0,0.0,0,484,GAME,Everyone
Photo Editor by BeFunky,4.5,12.169678334337071,16.118095750958314,,0.0,0,331,PHOTOGRAPHY,Everyone
Be My Eyes - Helping the blind,4.9,9.038246335337664,13.122365377402328,21.0,0.0,0,29,LIFESTYLE,Everyone
Be My Princess: PARTY,4.4,9.153134898205403,11.51293546492023,21.0,0.0,0,605,FAMILY,Teen
Movement BE,5.0,3.044522437723423,4.61512051684126,1.2,0.0,0,637,SOCIAL,Teen
Be Stronger,4.8,6.669498089857879,6.90875477931522,53.0,1.99,1,9,HEALTH_AND_FITNESS,Everyone
Be My Love Animated Keyboard,4.6,6.732210706467206,10.819798284210286,11.0,0.0,0,132,PERSONALIZATION,Teen
Be My Princess 2,4.3,7.939871576361883,11.51293546492023,27.0,0.0,0,142,FAMILY,Teen
Millionaire Quiz Free: Be Rich,3.8,11.097925039878724,16.118095750958314,6.8,0.0,0,220,FAMILY,Everyone
Be the Manager 2018 - Football Strategy,4.3,8.930361883909434,11.51293546492023,7.4,0.0,0,150,SPORTS,Everyone
Be like Me - Hay Nhu Toi,4.3,3.8066624897703196,6.90875477931522,3.5,0.0,0,805,PERSONALIZATION,Teen
Be Fabulous PHOTO BOOTH,4.1,6.329720905522696,9.210440366976517,1.7,0.0,0,554,PHOTOGRAPHY,Everyone
RadarNow!,4.5,10.898423092400252,15.424948670398354,4.0,0.0,0,162,WEATHER,Everyone
Be My Princess,4.2,8.04044688130311,11.51293546492023,8.8,0.0,0,324,FAMILY,Teen
Fat No More - Be the Biggest Loser in the Gym!,3.8,10.790267081035894,13.815511557963774,38.0,0.0,0,6,FAMILY,Everyone
Be Like Bill - Maker,4.3,2.9444389791664403,6.90875477931522,1.7,0.0,0,925,FAMILY,Everyone
Top Eleven 2018 - Be a Soccer Manager,4.4,15.054178079327064,17.72753358339242,,0.0,0,14,SPORTS,Everyone
Free GPS Navigation,4.2,13.335154324964476,17.72753358339242,,0.0,0,66,MAPS_AND_NAVIGATION,Everyone
Be the Manager 2016 (football),4.2,8.373553741214627,11.51293546492023,6.1,0.0,0,294,SPORTS,Everyone
Hair Salon - Fun Games,3.8,13.090309084013233,17.72753358339242,27.0,0.0,0,55,FAMILY,Teen
Adobe Photoshop Fix,4.2,10.253827472516985,15.424948670398354,38.0,0.0,0,386,PHOTOGRAPHY,Everyone
Make your Be Like Bill,4.0,4.3694478524670215,8.517393171418904,2.8,0.0,0,936,COMICS,Everyone
Be like Bill Generator,4.2,4.219507705176107,8.517393171418904,6.5,0.0,0,923,FAMILY,Teen
Be you GO Launcher Theme,4.3,7.365812837209472,11.51293546492023,3.6,0.0,0,1366,PERSONALIZATION,Everyone
"Star Girl - Fashion, Makeup & Dress Up",4.3,13.230194837762326,16.118095750958314,53.0,0.0,0,112,FAMILY,Teen
Be Like Bro - Compilation,4.4,4.990432586778736,9.210440366976517,3.9,0.0,0,132,FAMILY,Teen
YAY - TBH,4.1,7.83241092718792,11.51293546492023,12.0,0.0,0,265,SOCIAL,Teen
The Sims™ Mobile,4.5,13.234973947785662,16.118095750958314,89.0,0.0,0,14,FAMILY,Teen
Find My Friends,4.2,12.62927288566121,16.118095750958314,46.0,0.0,0,8,SOCIAL,Everyone
Beauty Idol: Fashion Queen,4.3,11.762656417993437,13.815511557963774,54.0,0.0,0,286,GAME,Everyone
Unseen - No Last Seen,4.4,11.551280418846693,15.424948670398354,9.2,0.0,0,90,TOOLS,Everyone
OK K.O.! Lakewood Plaza Turbo,4.5,11.246469842299451,13.815511557963774,24.0,0.0,0,581,FAMILY,Everyone 10+
Hard Time (Prison Sim),4.3,12.527590767512418,16.118095750958314,41.0,0.0,0,21,GAME,Teen
Battlefield™ Companion,4.0,12.483355836545012,16.118095750958314,62.0,0.0,0,646,GAME,Everyone 10+
Wolf of the BF:Commando MOBILE,3.4,3.4965075614664802,6.90875477931522,27.0,0.99,1,504,GAME,Everyone 10+
BF at Sea Refueled,4.4,7.52294091807237,9.210440366976517,37.0,0.0,0,1024,GAME,Everyone
BF Movies Fun,3.8,4.1588830833596715,9.210440366976517,3.7,0.0,0,124,FAMILY,Teen
BF Browser by Betfilter - Stop Gambling Today!,3.0,3.6888794541139363,9.210440366976517,4.6,0.0,0,339,COMMUNICATION,Everyone
My BF App,4.1,4.955827057601261,10.819798284210286,9.9,0.0,0,233,COMMUNICATION,Everyone
Funny videos for whatsapp,4.4,8.028455164114252,13.815511557963774,9.0,0.0,0,235,VIDEO_PLAYERS,Everyone
BF games,4.1,5.572154032177765,10.819798284210286,29.0,0.0,0,281,FAMILY,Everyone
BF 3d Wallpapers,4.1,5.54907608489522,11.51293546492023,2.5,0.0,0,1148,FAMILY,Teen
Hot Bhojpuri Video songs,4.1,10.271354630228974,15.424948670398354,6.3,0.0,0,29,FAMILY,Teen
Bullet Force,4.5,13.360056567511037,16.118095750958314,58.0,0.0,0,49,GAME,Teen
GF - BF Chat Stories - Hindi English Convesation,4.1,3.4965075614664802,9.210440366976517,4.1,0.0,0,52,FAMILY,Everyone
BF Scale Health Fitness Tool,2.2,2.995732273553991,6.90875477931522,9.6,0.0,0,253,HEALTH_AND_FITNESS,Everyone
BF-Calc,3.9,6.061456918928017,11.51293546492023,3.8,0.0,0,1227,TOOLS,Everyone
BF 4 Guns,4.0,7.341483852363161,10.819798284210286,13.0,0.0,0,1157,FAMILY,Everyone
My Virtual Boyfriend,4.3,4.663439094112067,6.90875477931522,51.0,0.99,1,538,FAMILY,Teen
Sexy Hot Detector Prank,3.9,9.744960644307891,15.424948670398354,2.7,0.0,0,177,FAMILY,Everyone
BF Combat: Genesis,4.0,8.108623268354595,11.51293546492023,82.0,0.0,0,525,GAME,Mature 17+
"Women""s Health Tips(Breast,Face,Body,weight lose)",4.2,7.828038032125829,13.815511557963774,5.0,0.0,0,111,HEALTH_AND_FITNESS,Mature 17+
Combat BF: Black Ops 3,4.2,8.948975607841776,13.122365377402328,83.0,0.0,0,525,GAME,Mature 17+
BF Beautiful Nature,3.6,1.791759469228055,6.90875477931522,2.5,0.0,0,1155,FAMILY,Mature 17+
BF 3d Images,4.3,2.995732273553991,6.90875477931522,2.5,0.0,0,1149,FAMILY,Teen
Hot Bhojpuri Video Song 2018 - Free Movies,4.4,6.104793232414985,11.51293546492023,3.7,0.0,0,127,FAMILY,Mature 17+
Body Scanner xray Real Camera Prank Entertaintment,2.6,2.8903717578961645,8.517393171418904,4.6,0.0,0,96,FAMILY,Everyone
BF Frontline City,4.1,10.302230114883466,13.815511557963774,80.0,0.0,0,521,GAME,Mature 17+
Droid PRoCon BF3,3.5,6.023447592961033,8.517393171418904,2.6,0.99,1,1246,TOOLS,Everyone
BF Abstract 3d Pictures,4.2,4.290459441148391,9.210440366976517,2.5,0.0,0,1148,FAMILY,Teen
Random Love (BF),3.7,1.3862943611198906,3.9318256327243257,10.0,0.0,0,1040,FAMILY,Everyone
BeFunky Photo Editor Pro,4.5,8.460622839927844,10.819798284210286,,1.99,1,360,PHOTOGRAPHY,Everyone
Virtual Boyfriend Chat,2.4,6.0112671744041615,10.819798284210286,0.298828125,0.0,0,485,FAMILY,Mature 17+
Talking Boyfriend,2.9,6.97914527506881,11.51293546492023,2.8,0.0,0,711,FAMILY,Everyone
Faketalk - Chatbot,4.2,11.05179435822809,13.815511557963774,8.1,0.0,0,37,GAME,Teen
XXX DISTILLERY,4.2,6.234410725718371,11.51293546492023,3.2,0.0,0,372,BUSINESS,Everyone
Cute Questions BF,4.0,1.3862943611198906,6.90875477931522,3.3,0.0,0,68,LIFESTYLE,Everyone
BG Score,2.6,4.174387269895637,9.210440366976517,1.6,0.0,0,379,SPORTS,Everyone
BG Advisor™,4.4,2.0794415416798357,6.90875477931522,5.6,0.0,0,576,TOOLS,Everyone
BG Products,4.8,1.6094379124341003,6.2166061010848646,4.5,0.0,0,254,AUTO_AND_VEHICLES,Everyone
BG LINKED (BGLINKED),4.7,3.1354942159291497,6.90875477931522,11.0,0.0,0,202,SOCIAL,Everyone
BG Monitor Diabetes,4.4,6.467698726104354,9.210440366976517,2.8,0.0,0,473,MEDICAL,Everyone
BG Monitor Diabetes Pro,4.6,4.477336814478207,6.2166061010848646,2.8,5.99,1,473,MEDICAL,Everyone
HTC Sense Input-BG,2.7,5.293304824724492,11.51293546492023,2.8,0.0,0,1570,TOOLS,Everyone
Photo BG Changer,3.8,2.4849066497880004,6.90875477931522,17.0,0.0,0,169,PHOTOGRAPHY,Everyone
BG TV App,1.7,1.9459101490553132,4.61512051684126,2.9,0.0,0,231,FAMILY,Everyone
BG BRIDAL GALLERY,4.6,2.8903717578961645,6.90875477931522,19.0,0.0,0,43,LIFESTYLE,Everyone
HTC Sense Input - BG,3.3,5.389071729816501,9.210440366976517,4.1,0.0,0,1004,TOOLS,Everyone
Board Game Stats: Play tracking for tabletop games,4.6,5.62040086571715,8.517393171418904,3.9,2.99,1,23,LIFESTYLE,Everyone
Bg TV Online,2.3,3.9318256327243257,9.210440366976517,2.8,0.0,0,292,FAMILY,Everyone
"PhotoLayers〜Superimpose,Eraser",4.5,11.304916801240289,16.118095750958314,2.6,0.0,0,1152,PHOTOGRAPHY,Everyone
BG+Phone Backup,4.8,2.833213344056216,6.90875477931522,2.6,0.0,0,538,PRODUCTIVITY,Everyone
ReactNative BG Geolocation,5.0,1.791759469228055,6.90875477931522,9.1,0.0,0,76,TOOLS,Everyone
BG video - floating video - background video,4.1,4.174387269895637,8.517393171418904,2.0,0.0,0,80,VIDEO_PLAYERS,Everyone
BG Future School,4.9,2.833213344056216,4.61512051684126,10.0,0.0,0,383,FAMILY,Everyone
Cordova BG Geolocation,3.0,1.6094379124341003,6.90875477931522,,0.0,0,76,MAPS_AND_NAVIGATION,Everyone
BGKontakti Vienna BG Kontakti,4.8,4.718498871295094,6.90875477931522,5.9,0.0,0,22,SOCIAL,Everyone
CARS.bg,4.5,5.6240175061873385,11.51293546492023,1.7,0.0,0,400,AUTO_AND_VEHICLES,Everyone
bgtime.tv,3.4,6.543911845564792,10.819798284210286,,0.0,0,13,VIDEO_PLAYERS,Everyone
Auto Background Changer,4.0,10.46848881274789,13.815511557963774,6.2,0.0,0,168,PHOTOGRAPHY,Everyone
Block Gun 3D: Call of Destiny,3.7,10.369859595547814,13.815511557963774,20.0,0.0,0,504,GAME,Teen
BG Remover & Eraser Pro,2.2,1.6094379124341003,6.2166061010848646,4.8,0.0,0,128,TOOLS,Everyone
BG Metro - Red voznje,4.8,4.499809670330265,6.90875477931522,,0.0,0,534,TRAVEL_AND_LOCAL,Everyone
BG Guide,5.0,1.3862943611198906,4.61512051684126,2.4,0.0,0,619,TRAVEL_AND_LOCAL,Everyone
trip.bg,4.5,4.6443908991413725,6.90875477931522,9.8,0.0,0,10,TRAVEL_AND_LOCAL,Everyone
BLOOD & GLORY: IMMORTALS,4.3,11.530401859271464,13.815511557963774,11.0,0.0,0,1155,GAME,Teen
Change photo background,3.8,10.263292592608767,15.424948670398354,6.4,0.0,0,141,PHOTOGRAPHY,Everyone
Baldur's Gate: Enhanced Edition,4.5,9.908574591584685,11.51293546492023,7.8,9.99,1,1042,FAMILY,Teen
Shadow Fight 2 Special Edition,4.5,9.25349564229011,10.819798284210286,86.0,4.99,1,71,GAME,Teen
Revita.bg,4.8,2.3978952727983707,2.3978952727983707,4.0,0.0,0,57,HEALTH_AND_FITNESS,Everyone
Background Eraser,4.5,12.496422406534608,16.118095750958314,1.9,0.0,0,1125,PHOTOGRAPHY,Everyone
ePay.bg,4.4,7.609862200913554,11.51293546492023,2.4,0.0,0,14,FINANCE,Everyone
Block Gun 3D: Ghost Ops,3.9,11.868457756330084,15.424948670398354,21.0,0.0,0,63,GAME,Teen
"Music for Youtube - Tube Music BG, Red+",4.3,3.871201010907891,6.90875477931522,8.7,0.0,0,320,VIDEO_PLAYERS,Teen
Bg+ Call Blocker,4.3,4.394449154672439,9.210440366976517,1.7,0.0,0,142,TOOLS,Everyone
Background Changer & Eraser,4.0,7.638679823876112,13.122365377402328,11.0,0.0,0,80,PHOTOGRAPHY,Teen
Cut Out : Background Eraser and background changer,4.1,8.870522545103873,13.815511557963774,9.2,0.0,0,41,PHOTOGRAPHY,Everyone
Photo Background Changer 2018 - Blur Background,3.7,10.436465980943252,15.424948670398354,9.2,0.0,0,80,LIFESTYLE,Everyone
BGCN TV,3.4,8.374476889214643,11.51293546492023,4.9,0.0,0,1009,VIDEO_PLAYERS,Everyone
ScorePal,4.5,7.272398392570047,9.210440366976517,15.0,0.0,0,31,TOOLS,Everyone
Backgammon NJ for Android,4.4,7.405495663199472,9.210440366976517,15.0,7.99,1,491,GAME,Everyone
JOBS.bg,4.4,7.396948602621014,11.51293546492023,2.2,0.0,0,352,BUSINESS,Everyone
CSCS BG (в български),2.4,2.0794415416798357,4.61512051684126,2.1,3.99,1,504,FAMILY,Everyone
LEGO ® Batman: Beyond Gotham,4.1,9.283497892593909,11.51293546492023,8.0,4.99,1,968,FAMILY,Everyone 10+
Blood Glucose Tracker,4.6,9.170871628065816,11.51293546492023,3.5,0.0,0,83,HEALTH_AND_FITNESS,Everyone
Baldur's Gate II,4.3,8.6020856584342,10.819798284210286,16.0,9.99,1,42,FAMILY,Teen
Rento - Dice Board Game Online,4.3,12.234810722719518,16.118095750958314,63.0,0.0,0,50,GAME,Everyone
Learn Bulgarian Free,4.7,8.022896869601457,10.819798284210286,,0.0,0,97,FAMILY,Everyone
Remix Second Hand,4.2,6.7661917146603505,11.51293546492023,7.5,0.0,0,7,SHOPPING,Everyone
Ultimate Background Eraser,4.3,9.578726471842927,13.815511557963774,21.0,0.0,0,149,PHOTOGRAPHY,Everyone
OnTrack Diabetes,4.3,8.712759974960212,13.122365377402328,1.8,0.0,0,204,MEDICAL,Everyone
ALL-IN-ONE PACKAGE TRACKING,4.7,12.028183252172806,13.815511557963774,18.0,0.0,0,17,PRODUCTIVITY,Everyone
Survival Run with Bear Grylls,4.2,11.764306557695678,15.424948670398354,,0.0,0,95,GAME,Everyone
VIP Backgammon Free : Play Backgammon Online,4.1,5.966146739123692,9.210440366976517,,0.0,0,37,GAME,Teen
Grabo.bg,4.6,9.008958312443486,11.51293546492023,3.2,0.0,0,126,SHOPPING,Everyone
BusyBox Pro,4.7,9.00146947994869,11.51293546492023,,2.49,1,61,TOOLS,Everyone
GEM™,4.3,1.9459101490553132,6.2166061010848646,33.0,0.0,0,17,TOOLS,Everyone
Diabetes Connect,4.5,8.301025253838453,11.51293546492023,8.4,0.0,0,303,MEDICAL,Everyone
B&H Photo Video Pro Audio,4.6,9.751559401061966,13.815511557963774,31.0,0.0,0,6,SHOPPING,Everyone
BH by Kinomap,2.9,4.955827057601261,9.210440366976517,22.0,0.0,0,10,HEALTH_AND_FITNESS,Everyone
BH Cosmetics,4.0,1.0986122886681098,6.90875477931522,3.6,0.0,0,72,BEAUTY,Everyone
BH Bikes Premium,3.0,3.295836866004329,6.90875477931522,15.0,0.0,0,457,SPORTS,Everyone
B&H Kids AR,3.9,5.659482215759621,9.210440366976517,18.0,0.0,0,314,BOOKS_AND_REFERENCE,Everyone
BH Patrole,4.8,3.332204510175204,6.2166061010848646,2.5,0.0,0,175,AUTO_AND_VEHICLES,Everyone
CINEMA.BH,3.9,2.4849066497880004,6.90875477931522,16.0,0.0,0,191,FAMILY,Everyone
DSLR Photography Training apps,4.0,6.516193076042964,11.51293546492023,15.0,0.0,0,376,PHOTOGRAPHY,Everyone
Bh Public School,5.0,1.0986122886681098,2.3978952727983707,8.7,0.0,0,141,FAMILY,Everyone
VIVA BH,4.0,7.628517626575055,11.51293546492023,2.6,0.0,0,122,TOOLS,Everyone
Barbers.BH,5.0,1.0986122886681098,2.3978952727983707,6.0,0.0,0,77,LIFESTYLE,Everyone
Photo Editor - BPhoto,4.5,3.7612001156935624,6.90875477931522,20.0,0.0,0,691,PHOTOGRAPHY,Everyone
BH Challenge - Museum of the Jewish People,4.8,2.5649493574615367,6.90875477931522,28.0,0.0,0,136,FAMILY,Everyone
B y H Niños ES,4.6,3.9889840465642745,8.517393171418904,16.0,0.0,0,1052,BOOKS_AND_REFERENCE,Everyone
ZUL - Rotativo Digital BH,4.2,3.4011973816621555,9.210440366976517,,0.0,0,8,AUTO_AND_VEHICLES,Everyone
BH Mail,3.4,2.0794415416798357,6.90875477931522,6.0,0.0,0,128,COMMUNICATION,Everyone
FitConsole,2.6,5.393627546352362,10.819798284210286,1.8,0.0,0,1014,HEALTH_AND_FITNESS,Everyone
Run on Earth,2.4,6.359573868672378,10.819798284210286,3.7,0.0,0,106,HEALTH_AND_FITNESS,Everyone
Battleheart Legacy,4.6,8.912069097970134,10.819798284210286,7.4,4.99,1,1368,FAMILY,Teen
Treadmill Workouts Free (P),3.3,2.3978952727983707,6.90875477931522,3.3,0.0,0,126,HEALTH_AND_FITNESS,Everyone
ZiraatBank BH,4.1,4.07753744390572,9.210440366976517,3.5,0.0,0,401,FINANCE,Everyone
Digital Tourist BH Itinerary,4.6,2.995732273553991,6.2166061010848646,14.0,0.0,0,1031,TRAVEL_AND_LOCAL,Everyone
BH Táxi,3.9,4.5217885770490405,8.517393171418904,8.9,0.0,0,63,BUSINESS,Everyone
Bi en Línea,4.0,8.528330935826693,11.51293546492023,17.0,0.0,0,157,FINANCE,Everyone
Gayvox - Gay Lesbian Bi Dating,3.4,8.200013648175434,13.122365377402328,9.1,0.0,0,787,SOCIAL,Mature 17+
Microsoft Power BI–Business data analytics,4.5,7.506591780070841,11.51293546492023,10.0,0.0,0,24,BUSINESS,Everyone
BI Mobile Banking,4.0,5.198497031265826,9.210440366976517,27.0,0.0,0,43,FINANCE,Everyone
BI News,5.0,3.1354942159291497,6.90875477931522,25.0,0.0,0,60,NEWS_AND_MAGAZINES,Everyone
BI SmartLINK,3.6,2.833213344056216,8.517393171418904,33.0,0.0,0,15,BUSINESS,Everyone
BI-LO,3.5,3.784189633918261,9.210440366976517,30.0,0.0,0,29,LIFESTYLE,Everyone
Bitmoji – Your Personal Emoji,4.6,14.653660272804482,18.420680753952364,,0.0,0,15,FAMILY,Teen
Sisense Mobile BI,4.9,3.1780538303479458,6.90875477931522,28.0,0.0,0,101,BUSINESS,Everyone
"Starg - Gay, Same Sex, Bi",3.7,4.204692619390966,9.210440366976517,7.3,0.0,0,618,DATING,Mature 17+
Propel BI APP,5.0,1.3862943611198906,4.61512051684126,23.0,0.0,0,16,BUSINESS,Everyone
BI Office,4.0,4.343805421853684,9.210440366976517,0.1962890625,0.0,0,428,BUSINESS,Everyone
BI-LO Rx,3.9,4.356708826689592,9.210440366976517,,0.0,0,136,LIFESTYLE,Everyone
BI APP,5.0,1.0986122886681098,4.61512051684126,2.7,0.0,0,902,FINANCE,Everyone
Oracle BI Mobile,4.0,5.645446897643238,9.210440366976517,7.7,0.0,0,8,BUSINESS,Everyone
Business Intelligence & Data,4.9,2.0794415416798357,6.90875477931522,3.5,0.0,0,744,FAMILY,Everyone
BI Mobile,4.4,5.823045895483019,9.210440366976517,3.3,0.0,0,147,FINANCE,Everyone
Grindr - Gay chat,3.6,12.559528413477507,16.118095750958314,31.0,0.0,0,6,SOCIAL,Mature 17+
Zoho Reports - Mobile BI,4.7,3.828641396489095,8.517393171418904,12.0,0.0,0,78,BUSINESS,Everyone
Power BI Ultimate Orientation,4.3,2.5649493574615367,8.517393171418904,8.1,0.0,0,549,FAMILY,Everyone
Pool Billiards Classic - bi a,3.9,8.638525476583762,13.815511557963774,14.0,0.0,0,281,SPORTS,Everyone
Lesbian Chat & Dating - SPICY,4.5,11.062975411922519,13.815511557963774,11.0,0.0,0,9,SOCIAL,Mature 17+
"Moco - Chat, Meet People",4.2,12.656415512416423,16.118095750958314,,0.0,0,5,DATING,Mature 17+
Bi-Tank,4.6,2.5649493574615367,3.9318256327243257,18.0,0.0,0,374,GAME,Everyone
Hot or Not - Find someone right now,4.1,12.630483805027774,16.118095750958314,,0.0,0,7,DATING,Mature 17+
happn – Local dating app,4.3,13.927232596161886,16.118095750958314,,0.0,0,16,LIFESTYLE,Mature 17+
Dictionary.com: Find Definitions for English Words,4.6,13.709050549196476,16.118095750958314,,0.0,0,10,BOOKS_AND_REFERENCE,Everyone
TED,4.6,12.111553153050222,16.118095750958314,18.0,0.0,0,13,FAMILY,Everyone 10+
"Learn English Vocabulary - 6,000 Words",4.5,12.235218741260878,16.118095750958314,54.0,0.0,0,6,FAMILY,Everyone
English Dictionary - Offline,4.4,12.740326668471255,16.118095750958314,30.0,0.0,0,142,BOOKS_AND_REFERENCE,Everyone 10+
Zalo – Video Call,4.2,13.856816595316893,17.72753358339242,,0.0,0,13,COMMUNICATION,Everyone
Bible KJV,4.5,10.66265652863807,15.424948670398354,,0.0,0,1352,BOOKS_AND_REFERENCE,Everyone
All Language Translator,4.0,10.307117644698563,15.424948670398354,2.1,0.0,0,1041,TOOLS,Everyone
Bike Rivals,4.2,12.264662256940333,16.118095750958314,48.0,0.0,0,1121,GAME,Everyone
Bingo Party - Free Bingo Games,4.7,11.955654244268562,13.815511557963774,92.0,0.0,0,27,GAME,Teen
OkCupid Dating,4.1,12.563183994230494,16.118095750958314,15.0,0.0,0,10,DATING,Mature 17+
Little Big City 2,4.4,12.749512592849092,16.118095750958314,30.0,0.0,0,142,FAMILY,Everyone
"Mint: Budget, Bills, Finance",4.3,11.769936967395626,15.424948670398354,,0.0,0,7,FINANCE,Everyone
English Grammar Test,4.6,11.558634697463829,15.424948670398354,2.6,0.0,0,22,FAMILY,Everyone
BJ's Wholesale Club,4.2,8.318742252692399,11.51293546492023,17.0,0.0,0,13,SHOPPING,Everyone
BJ’s Mobile App,4.0,8.460199469896118,13.122365377402328,35.0,0.0,0,31,SHOPPING,Everyone
BJ's Express Scan,2.3,4.248495242049359,9.210440366976517,11.0,0.0,0,143,SHOPPING,Everyone
BJ's Bingo & Gaming Casino,4.5,6.218600119691729,9.210440366976517,65.0,0.0,0,14,GAME,Teen
BJ-UFO,3.6,5.424950017481403,10.819798284210286,25.0,0.0,0,91,FAMILY,Everyone
BJ Bridge Pro 2018,4.4,2.8903717578961645,6.2166061010848646,4.8,4.49,1,80,GAME,Everyone
BJ Bridge Free (2018),3.9,3.044522437723423,9.210440366976517,4.8,0.0,0,80,GAME,Everyone
BJ & Jamie,3.9,2.6390573296152584,4.61512051684126,17.0,0.0,0,1130,FAMILY,Everyone
The Daily BJ,4.8,3.6635616461296463,6.2166061010848646,24.0,0.0,0,30,HEALTH_AND_FITNESS,Everyone
BJ-FPV,4.2,2.833213344056216,6.90875477931522,26.0,0.0,0,9,FAMILY,Everyone
BJ Bridge Acol Beginner 2018,3.7,2.4849066497880004,8.517393171418904,4.8,0.0,0,80,GAME,Everyone
BJ Memo Widget,4.0,6.424869023905388,10.819798284210286,0.1708984375,0.0,0,1417,PRODUCTIVITY,Everyone
BJ Bridge Standard American 2018,1.0,0.6931471805599453,6.90875477931522,4.9,0.0,0,80,GAME,Everyone
Eating Show - Food BJ,4.4,4.6443908991413725,9.210440366976517,36.0,0.0,0,283,FAMILY,Everyone
Virtual DJ Sound Mixer,4.2,8.296795865770052,13.122365377402328,8.7,0.0,0,456,TOOLS,Everyone
Cards Casino:Video Poker & BJ,4.7,5.786897381366708,9.210440366976517,23.0,0.0,0,1189,GAME,Teen
DJ Music Pad,3.6,10.4665829937358,15.424948670398354,5.1,0.0,0,79,FAMILY,Everyone
"Real Casino:Slot,Keno,BJ,Poker",4.1,5.834810737062605,10.819798284210286,26.0,0.0,0,727,GAME,Teen
AfreecaTV,3.3,12.850617644250901,16.118095750958314,53.0,0.0,0,14,VIDEO_PLAYERS,Everyone
HON. B.J. ACS COLLEGE ALE,5.0,1.3862943611198906,4.61512051684126,1.8,0.0,0,591,FAMILY,Mature 17+
One Launcher,4.3,10.18874167991324,13.815511557963774,5.4,0.0,0,24,PERSONALIZATION,Everyone
BJ Toys,4.7,4.02535169073515,6.2166061010848646,8.0,0.0,0,120,SHOPPING,Everyone
Real DJ Simulator,4.0,11.136994886964382,16.118095750958314,55.0,0.0,0,111,FAMILY,Everyone
BLACKJACK!,4.4,13.170139694471096,16.118095750958314,33.0,0.0,0,763,GAME,Teen
Blackjack Verite Drills,4.6,2.8903717578961645,4.61512051684126,4.7,14.0,1,396,GAME,Teen
BJ Foods,5.0,1.3862943611198906,2.3978952727983707,1.5,0.0,0,183,BUSINESS,Everyone
Blackjack,4.3,10.86283777387073,13.815511557963774,,0.0,0,448,GAME,Teen
3D DJ – DJ Mixer 2018,4.3,8.753687227098585,13.815511557963774,30.0,0.0,0,76,FAMILY,Everyone
Phonics Puzzles,3.8,1.6094379124341003,4.61512051684126,54.0,2.99,1,712,FAMILY,Everyone
Spider grinder in screen funny,4.1,6.863803391452954,11.51293546492023,10.0,0.0,0,814,FAMILY,Teen
BJJ Roadmap by Stephan Kesting,4.6,6.877296071497429,9.210440366976517,3.6,0.0,0,1449,SPORTS,Everyone
KISW 99.9 FM SEATTLE,4.0,7.293017679772782,11.51293546492023,5.2,0.0,0,192,FAMILY,Everyone
BlackJack -21 Casino Card Game,4.7,7.633853559681768,11.51293546492023,25.0,0.0,0,148,GAME,Teen
Metal Detector Pro 2015,3.6,7.062191632286556,11.51293546492023,0.341796875,0.0,0,1228,TOOLS,Everyone
BlackJack 21 Pro,4.5,10.19410281896535,13.122365377402328,51.0,0.0,0,13,GAME,Teen
24 megapixel hd camera,4.0,6.688354713946762,11.51293546492023,5.1,0.0,0,463,PHOTOGRAPHY,Everyone
Ultimate BlackJack 3D FREE,4.1,7.430707082545968,11.51293546492023,4.6,0.0,0,1207,GAME,Teen
BURGER KING® App,4.0,10.639406824939943,15.424948670398354,39.0,0.0,0,574,LIFESTYLE,Everyone
BURGER KING® MOBILE APP,3.8,9.863810735383229,15.424948670398354,13.0,0.0,0,77,LIFESTYLE,Everyone
BURGER KING® Puerto Rico,4.5,7.803435056952168,11.51293546492023,19.0,0.0,0,342,FOOD_AND_DRINK,Everyone
Free Coupons for Burger King,2.8,2.8903717578961645,8.517393171418904,3.1,0.0,0,11,LIFESTYLE,Everyone
Power Widget,4.2,6.834108738813838,9.210440366976517,0.3740234375,1.99,1,1603,TOOLS,Everyone
BK Murli Offline April 2017,4.8,3.5263605246161616,8.517393171418904,2.4,0.0,0,463,LIFESTYLE,Everyone
Read it easy for BK,5.0,0.6931471805599453,3.9318256327243257,3.2,0.0,0,25,LIFESTYLE,Everyone
BK Video Status,5.0,2.6390573296152584,4.61512051684126,2.1,0.0,0,33,FAMILY,Everyone
Service Disabler,4.3,6.282266746896006,11.51293546492023,3.0,0.0,0,47,TOOLS,Everyone
BK Photography,4.3,3.044522437723423,6.90875477931522,4.8,0.0,0,580,PHOTOGRAPHY,Everyone
Keyboard Theme Dusk BK Purple,4.5,5.517452896464707,9.210440366976517,2.8,0.0,0,808,PERSONALIZATION,Mature 17+
Coupons for Burger King,4.5,3.7376696182833684,6.2166061010848646,4.0,0.0,0,23,FOOD_AND_DRINK,Teen
BK Formula Calculator,5.0,1.9459101490553132,4.61512051684126,11.0,0.0,0,1097,TOOLS,Everyone
VK,3.8,15.572210046175709,18.420680753952364,,0.0,0,6,SOCIAL,Mature 17+
Korean English Translator,4.4,6.453624998892692,11.51293546492023,1.8,0.0,0,338,FAMILY,Everyone
Dr Bk Sachin bhai,5.0,2.995732273553991,6.90875477931522,3.1,0.0,0,245,LIFESTYLE,Everyone
Audio Murli Glossary For BK,4.7,3.6888794541139363,6.90875477931522,20.0,0.0,0,927,FAMILY,Everyone
BK Traffic Control cum Chart,4.7,6.309918278226516,9.210440366976517,17.0,0.0,0,771,SOCIAL,Teen
Hungry Girl Diet Bk. Companion,2.2,1.6094379124341003,6.90875477931522,28.0,0.0,0,189,HEALTH_AND_FITNESS,Everyone
Daily Murli Saar Widget,4.6,5.733341276897746,9.210440366976517,0.443359375,0.0,0,1156,SOCIAL,Everyone
BK Suraj bhai,4.6,2.302585092994046,6.90875477931522,3.1,0.0,0,244,LIFESTYLE,Everyone
BK Shivani Videos,4.7,3.4011973816621555,6.90875477931522,3.2,0.0,0,15,LIFESTYLE,Everyone
BK News Channel,4.6,5.627621113690637,9.210440366976517,6.8,0.0,0,754,VIDEO_PLAYERS,Everyone
BK Dinos,4.4,3.4339872044851463,8.517393171418904,99.0,0.0,0,131,FAMILY,Everyone
Make a burger king,3.8,4.836281906951478,9.210440366976517,17.0,0.0,0,534,FAMILY,Everyone
King Burger Dash,3.6,6.100318952020064,10.819798284210286,12.0,0.0,0,1236,FAMILY,Everyone
Official Madhuban Murli,4.9,5.71042701737487,9.210440366976517,25.0,0.0,0,19,LIFESTYLE,Everyone
Baba Yaad Hai?(BK's),4.8,5.081404364984463,9.210440366976517,13.0,0.0,0,522,FAMILY,Everyone
Burger King Foot Lettuce,4.4,5.017279836814924,9.210440366976517,5.9,0.0,0,59,FAMILY,Everyone
BK Arogyam Task Track,5.0,2.1972245773362196,4.61512051684126,3.7,0.0,0,65,BUSINESS,Everyone
BK murli today (Mobile Murli) - Gyan,4.8,4.61512051684126,8.517393171418904,4.5,0.0,0,4,FAMILY,Everyone
BK Murli Dictionary (H to E),4.6,4.672828834461906,9.210440366976517,3.9,0.0,0,628,FAMILY,Everyone
Bk Usha behn,5.0,2.3978952727983707,6.90875477931522,3.0,0.0,0,207,LIFESTYLE,Everyone
BkEmu - BK-0010/11M emulator,4.6,5.407171771460119,9.210440366976517,1.4,0.0,0,914,FAMILY,Everyone
BK Gold App,5.0,1.6094379124341003,3.9318256327243257,11.0,0.0,0,76,FINANCE,Everyone
Burger King Italia,4.0,8.333510708982942,13.122365377402328,30.0,0.0,0,34,LIFESTYLE,Everyone
Red Embrace (BL/Yaoi Game),4.3,6.424869023905388,9.210440366976517,25.0,0.0,0,58,FAMILY,Teen
Blood Domination - BL Game,4.5,6.030685260261263,9.210440366976517,52.0,0.0,0,34,GAME,Mature 17+
Yaoi Ooku: Distorted Love,4.0,7.869019376499023,11.51293546492023,6.3,0.0,0,1213,FAMILY,Mature 17+
Yaoi Novels - Shounen ai Book&fiction,3.2,5.720311776607412,9.210440366976517,4.7,0.0,0,176,FAMILY,Teen
Cerulean Heart,4.6,7.895063498091573,9.210440366976517,25.0,0.0,0,55,FAMILY,Mature 17+
BL 女性向け恋愛ゲーム◆俺プリクロス,4.2,8.125630988477065,11.51293546492023,62.0,0.0,0,504,FAMILY,Mature 17+
WebComics,4.8,10.42774259661378,13.815511557963774,6.4,0.0,0,12,COMICS,Teen
Lezhin Comics - Daily Releases,3.0,10.255833138313632,13.815511557963774,15.0,0.0,0,9,COMICS,Teen
Heirs & Graces,4.3,4.836281906951478,8.517393171418904,70.0,0.0,0,769,GAME,Teen
BL Driver,3.9,5.442417710521793,9.210440366976517,12.0,0.0,0,27,MAPS_AND_NAVIGATION,Everyone
Daily Manga - Comic & Webtoon,3.2,7.288244401020124,11.51293546492023,7.1,0.0,0,83,COMICS,Mature 17+
Gaydorado,3.9,9.038365107236372,11.51293546492023,47.0,0.0,0,8,FAMILY,Teen
Chess of Blades (BL/Yaoi Game) (No VA),4.8,1.6094379124341003,2.3978952727983707,23.0,14.99,1,197,FAMILY,Teen
TappyToon Comics & Webtoons,3.5,8.344267356262645,11.51293546492023,10.0,0.0,0,27,COMICS,Teen
SecondSecret ‐「恋を読む」BLノベルゲーム‐,4.4,7.355001921105257,10.819798284210286,40.0,0.0,0,406,GAME,Teen
Lust in Terror Manor - The Truth Unveiled | Otome,4.1,5.87493073085203,9.210440366976517,53.0,0.0,0,30,GAME,Teen
BL 女性向け恋愛ゲーム◆ごくメン,4.2,7.550661243105336,11.51293546492023,8.2,0.0,0,763,FAMILY,Mature 17+
あなカレ【BL】無料ゲーム,4.7,8.711772645605693,11.51293546492023,8.5,0.0,0,165,FAMILY,Mature 17+
K-Rain BL,4.0,2.302585092994046,6.90875477931522,33.0,0.0,0,73,TOOLS,Everyone
감성학원 BL 첫사랑,4.4,5.25227342804663,9.210440366976517,34.0,0.0,0,265,COMICS,Everyone
Chess of Blades (Demo),4.2,3.828641396489095,6.90875477931522,23.0,0.0,0,196,FAMILY,Teen
BL Flowers Digital,5.0,3.091042453358316,4.61512051684126,2.5,0.0,0,282,SHOPPING,Everyone
BL 1-Click Camera - Free,3.5,3.970291913552122,9.210440366976517,1.8,0.0,0,721,PHOTOGRAPHY,Everyone
Manga Books,3.8,8.899321434159964,13.122365377402328,,0.0,0,6,COMICS,Adults only 18+
OTOME of Ikemen cafe,4.5,7.1846291527173145,10.819798284210286,24.0,0.0,0,157,FAMILY,Teen
BL info,4.1,4.59511985013459,8.517393171418904,2.0,0.0,0,23,TRAVEL_AND_LOCAL,Everyone
BL IP-Camera,4.3,2.772588722239781,4.61512051684126,1.2,3.99,1,1526,TOOLS,Everyone
Skill Tree - BL Pre Sequel,4.3,6.752270376141742,9.210440366976517,7.0,0.0,0,899,FAMILY,Teen
BL Holo Theme,4.4,2.9444389791664403,6.2166061010848646,2.1,2.0,1,1865,PERSONALIZATION,Everyone
BL Community Icon Pack,4.0,5.66988092298052,9.210440366976517,2.7,0.0,0,1921,PERSONALIZATION,Everyone
BL Mobile Banking,4.3,3.1780538303479458,6.90875477931522,93.0,0.0,0,8,FINANCE,Everyone
MEGA MAN MOBILE,4.0,5.5909869805108565,9.210440366976517,40.0,1.99,1,538,GAME,Everyone
BL Taxi,4.9,4.8283137373023015,6.90875477931522,3.4,0.0,0,136,MAPS_AND_NAVIGATION,Everyone
BL!TZ - Endless,4.7,3.091042453358316,4.61512051684126,9.0,0.0,0,405,GAME,Everyone
BL PowerPoint Remote,4.3,3.5263605246161616,6.2166061010848646,1.0,3.99,1,1261,TOOLS,Everyone
BL Kennedy Theme,4.2,5.634789603169249,9.210440366976517,1.1,0.0,0,1921,PERSONALIZATION,Everyone
Teen Patti by BL Games,4.1,6.208590026096629,11.51293546492023,39.0,0.0,0,555,GAME,Teen
BBM - Free Calls & Messages,4.3,16.36834349953415,18.420680753952364,,0.0,0,7,COMMUNICATION,Everyone
BeyondMenu Food Delivery,4.7,10.850191090818479,13.815511557963774,,0.0,0,8,FOOD_AND_DRINK,Everyone
bm offers,3.2,5.771441123130016,10.819798284210286,31.0,0.0,0,239,LIFESTYLE,Everyone
B.M.Snowboard Free,3.9,9.186662244621605,13.815511557963774,14.0,0.0,0,465,SPORTS,Everyone
BM Wallet,4.2,6.683360945766275,10.819798284210286,29.0,0.0,0,218,FINANCE,Everyone
BM Online OEC Verification,4.1,6.664409020350408,11.51293546492023,4.2,0.0,0,734,TOOLS,Everyone
Business Mitra (BM),4.9,2.6390573296152584,4.61512051684126,5.3,0.0,0,28,BUSINESS,Everyone
Basket Manager 2018 Pro,3.7,4.442651256490317,6.90875477931522,6.3,2.99,1,114,SPORTS,Everyone
bm Wallet,3.5,5.2832037287379885,9.210440366976517,27.0,0.0,0,354,FINANCE,Everyone
BatControl Pro,4.9,4.430816798843313,6.2166061010848646,3.1,3.99,1,69,TOOLS,Everyone
DMR BrandMeister Tool,3.3,4.3694478524670215,9.210440366976517,2.5,0.0,0,131,COMMUNICATION,Everyone
"Borneo Bible, BM Bible",4.9,6.492239835020471,9.210440366976517,5.0,0.0,0,346,BOOKS_AND_REFERENCE,Everyone
Basket Manager 2018 Free,3.4,7.327123292259293,10.819798284210286,6.3,0.0,0,114,SPORTS,Everyone
Basket Manager 2017 Free,4.5,7.905072849498666,11.51293546492023,4.8,0.0,0,255,SPORTS,Everyone
BM Box,4.3,3.367295829986474,6.90875477931522,,0.0,0,658,BOOKS_AND_REFERENCE,Everyone
BM SPM Practice,5.0,1.9459101490553132,6.90875477931522,9.2,0.0,0,197,FAMILY,Everyone
BM FlexCheck,3.5,1.0986122886681098,4.61512051684126,34.0,0.0,0,62,AUTO_AND_VEHICLES,Everyone
Poop Tracker - Toilet Log,4.4,6.434546518787453,9.210440366976517,2.5,0.0,0,92,HEALTH_AND_FITNESS,Everyone
B&M Stores,3.7,5.262690188904886,11.51293546492023,36.0,0.0,0,6,SHOPPING,Everyone
Mobilight-BM,4.8,1.9459101490553132,6.2166061010848646,6.2,0.0,0,6,FINANCE,Everyone
Basket Manager 2016 Free,4.3,7.539027055823995,11.51293546492023,4.4,0.0,0,546,SPORTS,Everyone
BM Pharmacy,4.9,3.7612001156935624,6.90875477931522,18.0,0.0,0,59,HEALTH_AND_FITNESS,Everyone
BM Physiotherapy Clinic,5.0,1.3862943611198906,4.61512051684126,9.3,0.0,0,304,HEALTH_AND_FITNESS,Everyone
BBMoji - Your personalized BBM Stickers,4.3,9.085683767376628,13.815511557963774,,0.0,0,79,COMMUNICATION,Everyone
Dormi - Baby Monitor,4.3,9.372544251851037,13.815511557963774,,0.0,0,48,PARENTING,Everyone
Bet Master Pro Soccer Predictions,4.4,5.796057750765372,9.210440366976517,11.0,0.0,0,9,SPORTS,Everyone
MbH BM,1.0,0.6931471805599453,4.61512051684126,2.3,0.0,0,603,MEDICAL,Everyone
Basket Manager 2016 Pro,4.5,4.770684624465665,6.90875477931522,4.4,0.99,1,546,SPORTS,Everyone
BAMMS for BM SQ,4.0,1.0986122886681098,2.3978952727983707,10.0,0.0,0,16,PRODUCTIVITY,Everyone
BM speed test,5.0,0.6931471805599453,2.3978952727983707,3.7,0.0,0,27,TOOLS,Everyone
Word Hunt,4.9,4.0943445622221,6.2166061010848646,21.0,0.0,0,48,GAME,Everyone
Basket Manager 2017 Pro,4.7,5.099866427824199,6.90875477931522,4.6,0.99,1,307,SPORTS,Everyone
NOOK: Read eBooks & Magazines,4.5,11.954188769430344,16.118095750958314,,0.0,0,106,BOOKS_AND_REFERENCE,Teen
BN Más Cerca de Usted,3.9,9.010180657052349,13.122365377402328,45.0,0.0,0,34,FINANCE,Everyone
My College Bookstore,3.2,6.495265555937008,11.51293546492023,7.6,0.0,0,143,SHOPPING,Everyone
NOOK Audiobooks,3.5,7.8399193600125825,13.122365377402328,8.6,0.0,0,14,BOOKS_AND_REFERENCE,Everyone
BNCR Token Celular,3.7,6.81783057145415,11.51293546492023,0.068359375,0.0,0,2211,FINANCE,Everyone
BN Mi Banco,3.0,6.393590753950631,11.51293546492023,17.0,0.0,0,28,BUSINESS,Everyone
BN Pro BlueICS-b HD Text,4.2,4.3694478524670215,9.210440366976517,0.79296875,0.0,0,550,LIBRARIES_AND_DEMO,Everyone
BN Whitening Shoppe Ph,4.0,1.0986122886681098,4.61512051684126,13.0,0.0,0,156,BEAUTY,Everyone
BN Pro ArialXL Legacy Text,4.1,4.962844630259907,9.210440366976517,0.431640625,0.0,0,550,LIBRARIES_AND_DEMO,Everyone
NOOK App for NOOK Devices,4.7,9.856972298794659,13.122365377402328,,0.0,0,106,BOOKS_AND_REFERENCE,Everyone
BN Pro PercentXL-b Neon HD Txt,4.0,3.828641396489095,8.517393171418904,0.822265625,0.0,0,550,LIBRARIES_AND_DEMO,Everyone
BN Bank Mobilbank,3.1,4.290459441148391,9.210440366976517,2.4,0.0,0,177,FINANCE,Everyone
BN Pro Play-b HD Text,4.4,3.5553480614894135,6.90875477931522,0.4072265625,0.0,0,550,LIBRARIES_AND_DEMO,Everyone
[BN] Blitz,3.2,1.6094379124341003,4.61512051684126,5.6,0.0,0,84,SPORTS,Everyone
BN Pro LcdD Legacy Text,3.9,4.276666119016055,9.210440366976517,0.40234375,0.0,0,550,LIBRARIES_AND_DEMO,Everyone
BN Pro RobotoXL-b HD Text,4.2,4.465908118654584,9.210440366976517,0.4482421875,0.0,0,550,LIBRARIES_AND_DEMO,Everyone
Browsery by Barnes & Noble,4.7,4.990432586778736,8.517393171418904,34.0,0.0,0,101,BOOKS_AND_REFERENCE,Everyone
BN Pro ArialXL-b HD Text,4.0,3.2188758248682006,6.90875477931522,0.466796875,0.0,0,550,LIBRARIES_AND_DEMO,Everyone
BN Pro Percent White HD Text,4.0,3.828641396489095,8.517393171418904,0.3271484375,0.0,0,550,LIBRARIES_AND_DEMO,Everyone
RTVBN,3.7,6.280395838960195,10.819798284210286,3.8,0.0,0,4,NEWS_AND_MAGAZINES,Everyone
BN Pro White HD Text,4.1,4.795790545596741,9.210440366976517,0.763671875,0.0,0,550,LIBRARIES_AND_DEMO,Everyone
BN Pro Roboto-b Neon HD Text,4.4,3.4339872044851463,8.517393171418904,0.7041015625,0.0,0,550,LIBRARIES_AND_DEMO,Everyone
BN Pro LcdD HD Text,4.0,3.9318256327243257,8.517393171418904,0.419921875,0.0,0,550,LIBRARIES_AND_DEMO,Everyone
BN Pro LcdD-b HD Text,3.9,4.882801922586371,9.210440366976517,0.4189453125,0.0,0,550,LIBRARIES_AND_DEMO,Everyone
BN Pro Solid Battery-White,3.6,2.0794415416798357,6.90875477931522,0.1875,0.0,0,550,LIBRARIES_AND_DEMO,Everyone
"Calendars (En, Bn, Ar)",4.6,3.332204510175204,6.90875477931522,2.5,0.0,0,430,PRODUCTIVITY,Everyone
BN Pro Play HD Text,4.4,4.1588830833596715,8.517393171418904,0.4072265625,0.0,0,550,LIBRARIES_AND_DEMO,Everyone
Yuzu eReader,1.9,5.5254529391317835,10.819798284210286,,0.0,0,22,FAMILY,Everyone
BN Pro RobotoXL HD Text,4.3,2.772588722239781,6.90875477931522,0.44921875,0.0,0,550,LIBRARIES_AND_DEMO,Everyone
New York Mysteries (Full),4.5,6.244166900663736,8.517393171418904,5.9,6.99,1,66,GAME,Teen
BN Pro ArialXL-b Neon HD Text,4.1,4.204692619390966,9.210440366976517,0.7109375,0.0,0,550,LIBRARIES_AND_DEMO,Everyone
BN Pro Black Text,3.8,2.9444389791664403,6.90875477931522,0.484375,0.0,0,550,LIBRARIES_AND_DEMO,Everyone
BN Pro BlueICS HD Text,4.1,5.1647859739235145,9.210440366976517,0.796875,0.0,0,550,LIBRARIES_AND_DEMO,Everyone
The Legacy (Full),4.6,4.976733742420574,6.90875477931522,6.3,6.99,1,86,GAME,Everyone
BN Pro Arial Legacy Text,3.7,4.430816798843313,9.210440366976517,0.404296875,0.0,0,550,LIBRARIES_AND_DEMO,Everyone
BN Pro Black Text on White,3.9,3.9889840465642745,9.210440366976517,0.326171875,0.0,0,550,LIBRARIES_AND_DEMO,Everyone
BN Pro White Text,4.4,3.9318256327243257,8.517393171418904,0.494140625,0.0,0,550,LIBRARIES_AND_DEMO,Everyone
Bangla Calendar 1425: (EN-BN-AR) Holiday,4.5,3.4657359027997265,6.90875477931522,2.3,0.0,0,110,LIFESTYLE,Everyone
Skip-Bo™,4.4,10.424124883686112,11.51293546492023,60.0,2.99,1,6,GAME,Everyone
Skip-Bo™ Free,3.5,10.753681216035357,13.815511557963774,60.0,0.0,0,6,GAME,Everyone
Beck & Bo: Toddler First Words,4.3,3.7376696182833684,6.90875477931522,7.9,2.99,1,70,FAMILY,Everyone
Bubble Bo-Bo,4.5,4.189654742026425,9.210440366976517,24.0,0.0,0,35,FAMILY,Everyone
Boom Beach,4.5,15.536785686875636,17.72753358339242,95.0,0.0,0,22,FAMILY,Everyone 10+
Red Ball 4,4.4,14.174895426737644,17.72753358339242,59.0,0.0,0,273,GAME,Everyone
Bo's Bedtime Story,4.2,2.6390573296152584,6.90875477931522,23.0,2.49,1,227,FAMILY,Everyone
Skater Boy,4.3,13.97007029697256,18.420680753952364,12.0,0.0,0,323,GAME,Everyone
FX LITE BO,3.6,4.30406509320417,9.210440366976517,14.0,0.0,0,660,FINANCE,Everyone
Casual Sic Bo (骰寶),4.0,1.3862943611198906,6.2166061010848646,2.2,0.0,0,18,FAMILY,Teen
Sic Bo Online! Free Casino,3.8,6.192362489474872,11.51293546492023,30.0,0.0,0,790,GAME,Teen
Hambo,4.4,11.740690321584953,15.424948670398354,17.0,0.0,0,1130,GAME,Everyone
HBO GO: Stream with TV Package,3.8,11.382076186545236,16.118095750958314,32.0,0.0,0,21,FAMILY,Teen
Sic Bo Rave,3.9,5.10594547390058,9.210440366976517,33.0,0.0,0,1781,GAME,Teen
Thai Sic Bo,4.1,9.566895308714338,13.815511557963774,4.2,0.0,0,312,GAME,Teen
Bo's Dinnertime Story,4.3,1.9459101490553132,6.90875477931522,33.0,2.49,1,227,FAMILY,Everyone
BOO! - Next Generation Messenger,3.5,9.93672888631593,13.815511557963774,96.0,0.0,0,7,SOCIAL,Teen
Wishbone - Compare Anything,4.3,10.850695387045004,13.815511557963774,26.0,0.0,0,10,SOCIAL,Teen
Bo's School Day,4.7,2.3978952727983707,6.90875477931522,30.0,2.99,1,234,FAMILY,Everyone
Bounce Classic,4.5,10.553152954484112,16.118095750958314,6.4,0.0,0,35,GAME,Everyone
Habbo - Virtual World,3.8,11.979165771792852,15.424948670398354,28.0,0.0,0,71,FAMILY,Teen
Bomber Friends,4.5,13.562849366061368,16.118095750958314,49.0,0.0,0,14,GAME,Everyone 10+
Sic Bo (Tai Xiu) - Multiplayer Casino,4.2,5.030437921392435,9.210440366976517,16.0,0.0,0,32,GAME,Teen
Power Spheres by BoBoiBoy,4.3,11.169082128418234,15.424948670398354,51.0,0.0,0,98,FAMILY,Everyone
Bo Aung Din,4.1,4.709530201312334,8.517393171418904,2.6,0.0,0,65,EVENTS,Teen
Township,4.6,15.308710790065133,17.72753358339242,,0.0,0,21,FAMILY,Everyone
Hungry Shark World,4.5,14.033052851482125,17.72753358339242,27.0,0.0,0,22,GAME,Teen
Go-Go-Goat! Free Game,4.5,11.108574735711244,13.815511557963774,23.0,0.0,0,762,FAMILY,Everyone
BPme - Mobile Fuel Payment & BP Driver Rewards app,3.0,4.248495242049359,9.210440366976517,31.0,0.0,0,59,TRAVEL_AND_LOCAL,Everyone
My BP Lab,2.6,5.231108616854587,9.210440366976517,25.0,0.0,0,82,HEALTH_AND_FITNESS,Everyone
BP World Energy,3.4,3.258096538021482,9.210440366976517,16.0,0.0,0,13,BUSINESS,Everyone
iBP Blood Pressure,4.4,6.361302477572996,9.210440366976517,0.6875,0.99,1,1348,MEDICAL,Everyone
Blood Pressure,4.2,10.405292613081036,15.424948670398354,7.4,0.0,0,16,MEDICAL,Everyone
BP and Sugar Test Prank,4.0,8.963032193662675,13.815511557963774,5.0,0.0,0,1008,LIFESTYLE,Everyone
iFORA BP,3.4,2.9444389791664403,6.90875477931522,45.0,0.0,0,65,MEDICAL,Everyone
MbH BP,3.7,2.302585092994046,6.90875477931522,23.0,0.0,0,310,MEDICAL,Everyone
Cardio Journal — Blood Pressure Log,4.5,8.108021221376747,11.51293546492023,8.3,0.0,0,178,MEDICAL,Everyone
Blood Pressure Info,3.9,12.069244395667884,16.118095750958314,7.9,0.0,0,7,FAMILY,Everyone
Blood Pressure Monitor,4.3,2.8903717578961645,9.210440366976517,6.0,0.0,0,530,MEDICAL,Everyone
Blood Pressure Companion,4.2,5.187385805840755,6.90875477931522,4.8,0.99,1,18,MEDICAL,Everyone
MedM Blood Pressure,4.0,5.545177444479562,9.210440366976517,16.0,0.0,0,76,MEDICAL,Everyone
"Diabetes, Blood Pressure, Health Tracker App",4.5,5.736572297479192,9.210440366976517,5.9,0.0,0,512,MEDICAL,Everyone
Blood Pressure(BP) Report Lite,4.0,4.5217885770490405,9.210440366976517,0.3271484375,0.0,0,2374,MEDICAL,Everyone
bp e-store,4.4,3.970291913552122,6.90875477931522,2.2,0.0,0,937,BOOKS_AND_REFERENCE,Everyone
Wireless BP,1.8,3.4339872044851463,6.2166061010848646,0.8662109375,0.0,0,804,MEDICAL,Everyone
BP Tracker,4.3,2.5649493574615367,6.90875477931522,0.5986328125,0.0,0,901,HEALTH_AND_FITNESS,Everyone
BP Log lite,5.0,1.3862943611198906,4.61512051684126,1.5,0.0,0,1363,LIFESTYLE,Everyone
MI-BP,5.0,0.6931471805599453,3.9318256327243257,12.0,0.0,0,122,HEALTH_AND_FITNESS,Everyone
BP-Tech,3.2,2.5649493574615367,6.90875477931522,13.0,0.0,0,187,FAMILY,Everyone
Blood Pressure Log - bpresso.com,4.2,8.641532465671846,13.122365377402328,,0.0,0,477,MEDICAL,Everyone
Blood Pressure Diary,4.6,3.871201010907891,8.517393171418904,3.3,0.0,0,8,FAMILY,Everyone
High Blood Pressure,3.8,1.6094379124341003,6.90875477931522,2.9,0.0,0,799,MEDICAL,Everyone
Simple Blood Pressure log,3.9,3.4657359027997265,6.90875477931522,10.0,0.0,0,937,MEDICAL,Everyone
BP Tracker-Symptoms & Solution,4.2,3.5553480614894135,6.90875477931522,3.2,0.0,0,666,MEDICAL,Everyone
Blood Pressure Tracker,4.0,2.4849066497880004,6.90875477931522,1.8,0.0,0,274,MEDICAL,Everyone
Hypertension Hi blood pressure,3.8,5.680172609017068,11.51293546492023,2.7,0.0,0,115,MEDICAL,Everyone
BP Scanner Prank,4.1,5.062595033026967,10.819798284210286,7.0,0.0,0,688,FAMILY,Everyone
Deep Breathe BP,3.9,3.295836866004329,6.90875477931522,12.0,0.0,0,61,HEALTH_AND_FITNESS,Everyone
bpresso PRO,4.4,6.246106765481563,6.90875477931522,,5.49,1,477,MEDICAL,Everyone
BP Toolbox,2.1,3.4965075614664802,6.90875477931522,9.6,0.0,0,79,HEALTH_AND_FITNESS,Everyone
bp Magazine for Bipolar,1.8,1.791759469228055,6.90875477931522,18.0,0.0,0,178,LIFESTYLE,Everyone 10+
Blood Pressure - Heartcare,4.2,4.2626798770413155,9.210440366976517,1.9,0.0,0,804,MEDICAL,Everyone
UM BP Track,2.0,0.6931471805599453,3.9318256327243257,29.0,0.0,0,408,MEDICAL,Everyone
Blood pressure,3.4,7.721791776817535,13.122365377402328,1.6,0.0,0,1470,HEALTH_AND_FITNESS,Everyone
BQ Camera,3.6,7.834788107388194,13.815511557963774,,0.0,0,38,PHOTOGRAPHY,Everyone
BQ Services,3.7,8.518192691749322,13.815511557963774,2.5,0.0,0,31,TOOLS,Everyone
BQ-መጽሐፍ ቅዱሳዊ ጥያቄዎች,4.7,5.2574953720277815,8.517393171418904,7.2,0.0,0,9,GAME,Everyone
"Brilliant Quotes: Life, Love, Family & Motivation",4.5,11.115235055415964,13.815511557963774,6.3,0.0,0,83,BOOKS_AND_REFERENCE,Everyone 10+
BQ Scan,4.6,2.9444389791664403,4.61512051684126,4.0,0.0,0,130,TOOLS,Everyone
Add-On: bq (a),3.6,3.295836866004329,8.517393171418904,1.2,0.0,0,1178,PRODUCTIVITY,Everyone
Software Update,4.4,9.019179866515024,13.815511557963774,3.5,0.0,0,22,TOOLS,Everyone
RoboPad,4.6,3.7376696182833684,6.90875477931522,9.2,0.0,0,398,FAMILY,Everyone
Bono’s Pit Bar-B-Q,2.3,1.3862943611198906,6.90875477931522,36.0,0.0,0,198,FAMILY,Everyone 10+
BQ Scanner,3.0,1.0986122886681098,4.61512051684126,2.7,0.0,0,303,TOOLS,Everyone
Bar-B-Q Rib House,5.0,1.0986122886681098,3.9318256327243257,33.0,0.0,0,154,FOOD_AND_DRINK,Everyone
Gold Wallpapers,4.5,3.784189633918261,9.210440366976517,28.0,0.0,0,136,PERSONALIZATION,Everyone
[Substratum] M5 Theme,4.4,2.833213344056216,8.517393171418904,6.7,0.0,0,152,PERSONALIZATION,Everyone
Zowi App,4.5,6.248042874508429,10.819798284210286,21.0,0.0,0,596,FAMILY,Everyone
Bar-B-Q Recipes,4.8,2.9444389791664403,8.517393171418904,3.5,0.0,0,724,FOOD_AND_DRINK,Everyone
System Update Free,4.3,8.029107054619736,11.51293546492023,6.0,0.0,0,20,TOOLS,Everyone
Woody's Bar-B-Q,3.7,1.3862943611198906,6.90875477931522,27.0,0.0,0,157,FOOD_AND_DRINK,Everyone
Launcher Oreo 8.1,4.5,9.507997527450042,13.122365377402328,3.4,0.0,0,51,PERSONALIZATION,Everyone
Free antivirus and VPN,4.3,10.23099111917458,13.815511557963774,16.0,0.0,0,21,TOOLS,Everyone
RoboPad++,4.4,4.356708826689592,9.210440366976517,10.0,0.0,0,398,FAMILY,Everyone
IKEA Store,3.4,10.147060985361845,16.118095750958314,,0.0,0,24,SHOPPING,Everyone
Simple Gallery,4.5,10.24106631958382,13.815511557963774,9.0,0.0,0,7,TOOLS,Everyone
Pick-a-Paint,1.6,5.493061443340548,10.819798284210286,36.0,0.0,0,87,LIFESTYLE,Everyone
Left vs Right: Brain Training,4.5,11.234797605323259,15.424948670398354,30.0,0.0,0,258,FAMILY,Everyone
Baskin-Robbins,3.8,7.00669522683704,11.51293546492023,6.6,0.0,0,62,FOOD_AND_DRINK,Everyone
Infinity Dungeon VIP,4.3,9.989894580276866,13.815511557963774,44.0,0.99,1,37,FAMILY,Everyone 10+
Carros Rebaixados BR,4.3,9.937502431123406,13.815511557963774,89.0,0.0,0,9,GAME,Everyone
BR,3.0,6.756932389247553,11.51293546492023,3.5,0.0,0,21,LIFESTYLE,Everyone
Bleacher Report Live,4.0,5.4510384535657,10.819798284210286,32.0,0.0,0,8,SPORTS,Everyone
Cardboard,4.2,11.777502663706912,16.118095750958314,50.0,0.0,0,878,LIBRARIES_AND_DEMO,Everyone
QR Code Pro,4.8,8.676928249537397,11.51293546492023,15.0,4.49,1,22,PRODUCTIVITY,Everyone
BR Video Player,4.0,3.8501476017100584,8.517393171418904,3.1,0.0,0,1207,VIDEO_PLAYERS,Everyone
Br. Parking - Busy road Parking 3D 2018,4.5,3.7376696182833684,8.517393171418904,30.0,0.0,0,208,FAMILY,Everyone
B R Telco FCU Mobile Banking,4.7,6.025865973825314,9.210440366976517,13.0,0.0,0,71,FINANCE,Everyone
BR Chat Bot,1.9,2.833213344056216,6.90875477931522,2.6,0.0,0,770,SOCIAL,Everyone
Br Browser,4.9,3.4011973816621555,6.2166061010848646,2.5,0.0,0,142,SOCIAL,Everyone
TV Guide BR Gold,4.4,6.300785794663244,8.517393171418904,,1.49,1,354,FAMILY,Everyone
Dr B R Ambedkar (Jai Bhim),4.7,7.634820677745543,11.51293546492023,7.5,0.0,0,1579,SOCIAL,Everyone
Br Shafi,4.9,7.161622002939187,9.210440366976517,26.0,0.0,0,29,FAMILY,Everyone
Dr. B.R.Ambedkar,4.8,7.551186867296149,11.51293546492023,5.2,0.0,0,1526,SOCIAL,Everyone
Texas HoldEm Poker Deluxe (BR),4.5,7.257707677160043,9.210440366976517,26.0,0.0,0,71,GAME,Teen
Companion for Fortnite & Fortnite Battle Royale,4.6,7.914617709040679,11.51293546492023,,0.0,0,6,FAMILY,Everyone
Mu Mobile BR,4.5,3.784189633918261,4.61512051684126,92.0,0.0,0,20,BUSINESS,Everyone
Brick Breaker BR,5.0,2.0794415416798357,1.791759469228055,19.0,0.0,0,17,GAME,Everyone
BR Series,3.9,6.92461239604856,10.819798284210286,13.0,0.0,0,73,VIDEO_PLAYERS,Teen
CJ - BR MEMES,4.3,4.700480365792417,9.210440366976517,3.5,0.0,0,203,COMICS,Everyone
Vlogger Go Viral - Tuber Game,4.8,14.081305852786599,16.118095750958314,68.0,0.0,0,13,FAMILY,Everyone
Next Portuguese(BR) Langpack,4.3,7.186144304522325,11.51293546492023,0.759765625,0.0,0,1791,TOOLS,Everyone
BR Ambedkar Biography & Quotes,4.6,5.056245805348308,9.210440366976517,2.1,0.0,0,59,BOOKS_AND_REFERENCE,Everyone
Black Commando | Special Ops | FPS Shooting,4.1,7.0630481633881725,11.51293546492023,72.0,0.0,0,98,GAME,Teen
GearBest Online Shopping,4.5,12.40944196914493,15.424948670398354,35.0,0.0,0,8,SHOPPING,Everyone
iPlayIT for YouTube VR Player,4.3,8.679312040892672,13.815511557963774,,0.0,0,58,VIDEO_PLAYERS,Teen
True Skateboarding Ride Skateboard Game Freestyle,3.8,9.008958312443486,13.815511557963774,31.0,0.0,0,218,GAME,Everyone 10+
Bullshit! (Free),2.4,3.828641396489095,9.210440366976517,4.1,0.0,0,713,GAME,Teen
BSPlayer FREE,4.3,11.837455244915475,16.118095750958314,,0.0,0,128,VIDEO_PLAYERS,Everyone
Bullshite!,2.8,3.8918202981106265,9.210440366976517,13.0,0.0,0,851,GAME,Teen
Block Strike,4.5,13.761599102339678,16.118095750958314,60.0,0.0,0,15,GAME,Teen
Loved by King Bs,4.6,8.621012520055235,11.51293546492023,85.0,0.0,0,55,FAMILY,Everyone
BombSquad Remote,4.1,9.49589518341179,13.815511557963774,1.3,0.0,0,617,GAME,Everyone
BSPlayer,4.2,8.43076346341785,10.819798284210286,,5.99,1,132,VIDEO_PLAYERS,Everyone
BS CS IT & SE,4.6,2.302585092994046,6.90875477931522,6.9,0.0,0,85,FAMILY,Everyone
BSPlayer ARMv7 VFP CPU support,4.3,9.207034914967457,13.815511557963774,5.5,0.0,0,496,VIDEO_PLAYERS,Everyone
Marked by King Bs,4.6,11.161039037763294,13.122365377402328,58.0,0.0,0,296,FAMILY,Teen
COMSATS BOOK STORE FOR BS(CS),5.0,2.772588722239781,3.9318256327243257,94.0,0.0,0,29,FAMILY,Everyone
BS-Mobile,5.0,0.6931471805599453,3.9318256327243257,0.6669921875,0.0,0,1071,COMMUNICATION,Everyone
BS Meter (Ad Supported),3.9,2.70805020110221,6.90875477931522,0.578125,0.0,0,1821,FAMILY,Teen
BS Calendar / Patro / पात्रो,4.2,5.389071729816501,10.819798284210286,,0.0,0,25,PRODUCTIVITY,Everyone
Simulator Brawl Box for BS,3.9,5.1298987149230735,8.517393171418904,6.4,0.0,0,408,FAMILY,Everyone
BS Generator,4.2,1.791759469228055,4.61512051684126,3.3,0.0,0,747,FAMILY,Everyone
BS player remote,3.5,4.007333185232471,9.210440366976517,0.181640625,0.0,0,1935,VIDEO_PLAYERS,Everyone
King of B.S.,4.0,1.6094379124341003,4.61512051684126,0.8203125,0.0,0,1522,FAMILY,Everyone
BS Play,3.7,4.04305126783455,8.517393171418904,1.5,0.0,0,1254,FAMILY,Everyone
B@dL!bs Lite,3.8,2.3978952727983707,6.90875477931522,36.0,0.0,0,856,GAME,Mature 17+
BS Battery+,4.3,5.598421958998375,10.819798284210286,0.6318359375,0.0,0,2182,TOOLS,Everyone
BS MAPS,4.5,1.9459101490553132,3.9318256327243257,2.5,0.0,0,12,MAPS_AND_NAVIGATION,Everyone
Beauty Rental Shop,4.6,9.348448774093812,11.51293546492023,93.0,0.0,0,76,FAMILY,Everyone
Bsc Agri Notes,4.5,5.71042701737487,9.210440366976517,5.6,0.0,0,39,FAMILY,Everyone
Love Signal: D-Mate,4.3,7.547501682814967,10.819798284210286,72.0,0.0,0,163,FAMILY,Everyone
BSC IT,4.4,6.742880635791903,9.210440366976517,21.0,0.0,0,24,FAMILY,Everyone
Sleeping Delivery,4.6,9.8853744971092,11.51293546492023,67.0,0.0,0,83,FAMILY,Teen
CABLE SIZE CALCULATOR BS 7671,3.9,5.811140992976701,11.51293546492023,1.1,0.0,0,918,TOOLS,Everyone
Banco Sabadell App. Your mobile bank,3.9,10.134837340397437,13.815511557963774,,0.0,0,13,FINANCE,Everyone
Strætó.is,3.1,6.610696044717759,11.51293546492023,15.0,0.0,0,31,MAPS_AND_NAVIGATION,Everyone
VOLT DROP CALCULATOR BS 7671,3.9,4.276666119016055,9.210440366976517,1.1,0.0,0,926,TOOLS,Everyone
BSc Ag Entrance Preparation,4.4,4.9344739331306915,9.210440366976517,6.2,0.0,0,70,FAMILY,Everyone
17th Edition Cable Sizer,4.4,3.871201010907891,6.90875477931522,1.4,3.08,1,804,BOOKS_AND_REFERENCE,Everyone
Black Survival,4.4,10.788328896136694,13.815511557963774,52.0,0.0,0,8,FAMILY,Teen
Black Social,4.6,3.1354942159291497,6.90875477931522,8.7,0.0,0,4,SOCIAL,Teen
BTNotification,3.9,9.659248037927183,15.424948670398354,0.3642578125,0.0,0,762,TOOLS,Everyone
Little Magnet BT,4.6,8.21716859576607,11.51293546492023,3.8,0.0,0,4,TOOLS,Everyone
BT Notifier,2.5,7.9355873855892,13.815511557963774,3.8,0.0,0,73,TOOLS,Everyone
Little Magnet BT Pro,4.6,5.529429087511423,6.90875477931522,3.8,0.99,1,4,TOOLS,Everyone
Bt Notifier -Smartwatch notice,2.8,6.450470422144176,13.122365377402328,8.2,0.0,0,443,TOOLS,Everyone
BT One Voice mobile access,4.0,3.4965075614664802,8.517393171418904,0.4267578125,0.0,0,1106,COMMUNICATION,Everyone
BT One Mobile secure access,3.4,4.007333185232471,9.210440366976517,5.7,0.0,0,742,BUSINESS,Everyone
BT Communicator,3.8,3.4965075614664802,9.210440366976517,1.6,0.0,0,601,SOCIAL,Teen
BT One Voice anywhere,4.5,4.394449154672439,9.210440366976517,16.0,0.0,0,594,BUSINESS,Everyone
BT Find Address for Bluetooth,4.8,2.1972245773362196,8.517393171418904,2.6,0.0,0,282,BUSINESS,Everyone
BT Camera,3.3,7.176254532017144,13.122365377402328,6.6,0.0,0,531,PHOTOGRAPHY,Everyone
BT Messenger,3.9,4.584967478670572,10.819798284210286,0.583984375,0.0,0,1182,COMMUNICATION,Everyone
BT One Phone Mobile App,3.5,3.5263605246161616,9.210440366976517,2.7,0.0,0,325,COMMUNICATION,Everyone
BitTorrent®- Torrent Downloads,4.5,13.371127890746997,16.118095750958314,,0.0,0,14,VIDEO_PLAYERS,Everyone
SW-100.tch by Callstel,4.0,7.563719668414366,13.815511557963774,0.69921875,0.0,0,967,COMMUNICATION,Everyone
BT MeetMe with Dolby Voice,3.6,6.082218910376446,11.51293546492023,12.0,0.0,0,27,COMMUNICATION,Everyone
BT Share It,4.7,2.5649493574615367,6.2166061010848646,13.0,0.0,0,85,BUSINESS,Everyone
Bluetooth Auto Connect,3.9,9.944149534255018,15.424948670398354,1.9,0.0,0,265,COMMUNICATION,Everyone
Wifi BT Scanner,5.0,1.0986122886681098,6.2166061010848646,1.2,0.0,0,644,FAMILY,Everyone
Ultimate Control BT,4.6,2.70805020110221,6.2166061010848646,4.3,0.0,0,64,BUSINESS,Everyone
BT Controller,3.9,8.383661798791715,13.815511557963774,13.0,0.0,0,45,TOOLS,Everyone
BT Church,4.9,3.295836866004329,6.90875477931522,8.4,0.0,0,45,LIFESTYLE,Teen
Mediatek SmartDevice,3.6,9.32259705432185,13.815511557963774,7.3,0.0,0,510,TOOLS,Everyone
LG BT Reader Plus,3.7,8.0040315078527,13.122365377402328,0.5712890625,0.0,0,896,TOOLS,Everyone
BT Mobile,3.9,3.1354942159291497,6.90875477931522,3.2,0.0,0,36,MAPS_AND_NAVIGATION,Everyone
MagicLight BT,2.7,4.912654885736052,9.210440366976517,6.5,0.0,0,29,LIFESTYLE,Everyone
Bluetooth Control BT->uC FREE,3.8,4.219507705176107,9.210440366976517,2.7,0.0,0,794,TOOLS,Everyone
B.T.,2.8,6.456769655572163,11.51293546492023,1.4,0.0,0,62,NEWS_AND_MAGAZINES,Everyone
Autool BT-BOX,3.5,1.6094379124341003,6.2166061010848646,17.0,0.0,0,89,TOOLS,Everyone
BT Remote (SPP) for Bluetooth,4.1,3.6109179126442243,9.210440366976517,3.1,0.0,0,654,TOOLS,Everyone
Battery Notifier Pro BT,4.7,7.218176838403408,9.210440366976517,1.6,2.59,1,428,TOOLS,Everyone
BT Panorama,4.3,3.5553480614894135,8.517393171418904,,0.0,0,421,FINANCE,Everyone
Battery Notifier BT Free,4.5,9.997888227957612,13.815511557963774,0.958984375,0.0,0,428,TOOLS,Everyone
"BT Dating -Find your match, help cupid, be social",4.1,5.0689042022202315,10.819798284210286,26.0,0.0,0,21,SOCIAL,Mature 17+
Aegis BT,4.8,2.833213344056216,6.2166061010848646,4.5,0.0,0,337,BUSINESS,Everyone
AudioBT: BT audio GPS/SMS/Text,3.4,5.293304824724492,10.819798284210286,0.2138671875,0.0,0,534,COMMUNICATION,Everyone
Jabbla BT,5.0,1.3862943611198906,4.61512051684126,0.0537109375,0.0,0,1403,TOOLS,Everyone
SenseView BT Zephyr Sensor,4.3,3.6375861597263857,8.517393171418904,0.3154296875,0.0,0,1182,TOOLS,Everyone
Bu the Baby Bunny - Cute pet care game,4.4,10.521992002599978,13.815511557963774,89.0,0.0,0,56,FAMILY,Everyone
Boston University Alumni,1.8,1.791759469228055,6.90875477931522,5.2,0.0,0,250,FAMILY,Everyone
BU Bus Tracker,4.2,4.060443010546419,9.210440366976517,15.0,0.0,0,338,MAPS_AND_NAVIGATION,Everyone
kick the buddy,3.3,5.68697535633982,9.210440366976517,19.0,0.0,0,21,GAME,Everyone
BU Study,5.0,2.0794415416798357,2.3978952727983707,5.6,0.0,0,245,FAMILY,Everyone
sustainability@BU,4.8,2.3978952727983707,6.90875477931522,11.0,0.0,0,203,LIFESTYLE,Everyone
BU Mobile,4.5,6.159095388491933,9.210440366976517,4.3,0.0,0,34,FAMILY,Everyone
Barisal University App-BU Face,5.0,4.61512051684126,6.90875477931522,10.0,0.0,0,95,FAMILY,Everyone
"Pu - Cute giant panda bear, baby pet care game",4.5,10.006405086542815,13.815511557963774,88.0,0.0,0,58,FAMILY,Everyone
BU Students' Rep. Council,4.7,3.6635616461296463,6.2166061010848646,5.3,0.0,0,35,FAMILY,Everyone
BU Calculator,4.6,4.248495242049359,6.90875477931522,3.1,0.0,0,381,FAMILY,Everyone
BU Syllabus,4.5,3.6635616461296463,6.90875477931522,6.5,0.0,0,322,FAMILY,Everyone
BU Bison Nation,3.5,1.6094379124341003,4.61512051684126,40.0,0.0,0,322,SPORTS,Everyone
BU Library,3.5,1.6094379124341003,6.90875477931522,21.0,0.0,0,321,FAMILY,Everyone
SkyTest BU/GU Lite,2.9,3.367295829986474,6.2166061010848646,20.0,17.99,1,289,BUSINESS,Everyone
Catholic La Bu Zo Kam,5.0,3.1780538303479458,6.2166061010848646,,0.0,0,872,BOOKS_AND_REFERENCE,Everyone
Kick the Buddy,4.3,13.82020950062074,17.72753358339242,,0.0,0,35,GAME,Teen
Kristian Hla Bu,4.8,5.476463551931511,9.210440366976517,27.0,0.0,0,76,BOOKS_AND_REFERENCE,Everyone
SA HLA BU,4.7,4.787491742782046,6.90875477931522,1.5,0.0,0,322,BOOKS_AND_REFERENCE,Everyone
Bubble Witch 2 Saga,4.3,14.85863303989298,18.420680753952364,,0.0,0,3,FAMILY,Everyone
Büfe BU,4.1,2.70805020110221,4.61512051684126,13.0,0.0,0,1027,LIFESTYLE,Everyone
BV Mobile Apps,5.0,1.3862943611198906,4.61512051684126,4.8,0.0,0,65,PRODUCTIVITY,Everyone
BV,5.0,1.3862943611198906,4.61512051684126,1.6,0.0,0,735,COMMUNICATION,Everyone
Bacteria Vaginosis,4.0,8.298041661371565,13.815511557963774,7.7,0.0,0,469,HEALTH_AND_FITNESS,Mature 17+
BV Smart,4.3,3.367295829986474,6.90875477931522,3.4,0.0,0,1196,BUSINESS,Everyone
Bacterial Vaginosis Symptoms,4.1,6.54965074223381,11.51293546492023,2.4,0.0,0,1283,MEDICAL,Everyone 10+
BV Sridhara Maharaj,5.0,2.1972245773362196,4.61512051684126,2.7,0.0,0,249,FAMILY,Everyone
Bacterial vaginosis Treatment - Sexual disease,5.0,1.0986122886681098,6.2166061010848646,5.9,0.0,0,45,HEALTH_AND_FITNESS,Everyone
Schulman B.V.,4.0,1.9459101490553132,4.61512051684126,20.0,0.0,0,694,SHOPPING,Everyone
BV Taxi Sudan,3.5,2.1972245773362196,2.3978952727983707,26.0,0.0,0,204,MAPS_AND_NAVIGATION,Everyone
Meu Cartão BV,4.1,9.619664690410067,13.122365377402328,5.7,0.0,0,6,FINANCE,Everyone
StartPage Private Search,4.6,9.230044955250518,11.51293546492023,2.2,0.0,0,353,LIFESTYLE,Everyone
TomTom GPS Navigation Traffic,4.1,11.796546803791832,16.118095750958314,62.0,0.0,0,288,MAPS_AND_NAVIGATION,Everyone
OLX Uganda Sell Buy Cellphones,4.2,8.512783482927537,11.51293546492023,9.8,0.0,0,15,SHOPPING,Everyone
Feel Performer,2.2,4.143134726391533,9.210440366976517,34.0,0.0,0,122,COMMUNICATION,Everyone
Smashy Road: Arena,4.3,10.726763468242096,15.424948670398354,53.0,0.0,0,77,GAME,Everyone 10+
My Budget Book,4.7,9.892679353819524,11.51293546492023,7.3,2.99,1,57,FINANCE,Everyone
VictronConnect,3.8,5.993961427306569,10.819798284210286,,0.0,0,35,TOOLS,Everyone
Allsetra B.V.,4.1,2.772588722239781,6.90875477931522,24.0,0.0,0,126,BUSINESS,Everyone
Philips Hue,3.1,9.211040127090456,13.815511557963774,53.0,0.0,0,14,LIFESTYLE,Everyone
Evolution: Battle for Utopia,4.2,12.415952623259393,13.815511557963774,27.0,0.0,0,97,FAMILY,Teen
Best Western To Go,3.0,7.908387159290043,11.51293546492023,17.0,0.0,0,7,TRAVEL_AND_LOCAL,Teen
BW-Go,4.8,5.583496308781699,6.90875477931522,1.3,3.49,1,1148,GAME,Everyone
BW Smart,3.7,3.9318256327243257,8.517393171418904,19.0,0.0,0,429,TOOLS,Everyone
Watch Face BW Inter,3.1,4.727387818712341,6.90875477931522,8.8,0.99,1,470,PERSONALIZATION,Everyone
BW-Go Free,4.6,6.306275286948016,9.210440366976517,1.3,0.0,0,1148,GAME,Everyone
BlitzWolf Shutter - BW Shutter,2.9,5.811140992976701,10.819798284210286,1.8,0.0,0,260,PHOTOGRAPHY,Everyone
Black & White Camera - Lovely BW,4.2,5.799092654460526,11.51293546492023,4.8,0.0,0,269,PHOTOGRAPHY,Everyone
BW-Joseki,4.7,6.559615237493242,9.210440366976517,1.8,0.0,0,1108,GAME,Everyone
BW-DGS plugin,4.5,4.2626798770413155,6.90875477931522,0.6748046875,0.0,0,88,GAME,Everyone
BW App,2.8,3.8918202981106265,8.517393171418904,12.0,0.0,0,316,LIFESTYLE,Everyone
Next Launcher 3D Theme Stun-BW,4.4,7.951559331155252,11.51293546492023,5.1,0.0,0,1671,PERSONALIZATION,Everyone
Standard Chartered Mobile (BW),4.4,4.574710978503383,9.210440366976517,7.2,0.0,0,4,FINANCE,Everyone
BW Mobilbanking für Smartphone und Tablet,4.1,7.6251071482389,11.51293546492023,24.0,0.0,0,30,FINANCE,Everyone
BW COMPANY FINDER,4.6,3.8918202981106265,6.90875477931522,7.4,0.0,0,353,BUSINESS,Everyone
BW Taxi,3.0,4.219507705176107,8.517393171418904,53.0,0.0,0,100,MAPS_AND_NAVIGATION,Everyone
BW-GnuGo,4.1,4.174387269895637,8.517393171418904,1.3,0.0,0,1894,GAME,Everyone
Beautiful Widgets Pro,4.2,11.491609893751361,13.815511557963774,14.0,2.49,1,715,PERSONALIZATION,Everyone
Bw Events,4.4,2.833213344056216,4.61512051684126,1.7,0.0,0,730,EVENTS,Everyone
BW Wallpaper,4.5,1.6094379124341003,3.9318256327243257,0.4990234375,0.0,0,586,PERSONALIZATION,Everyone
Skull Widget BW,4.5,1.6094379124341003,2.3978952727983707,1.7,0.0,0,162,PERSONALIZATION,Everyone
BW Map mobile,3.6,4.060443010546419,9.210440366976517,32.0,0.0,0,70,TRAVEL_AND_LOCAL,Everyone
Bell and Wyson Camera BW Pix +,2.0,2.1972245773362196,6.90875477931522,12.0,0.0,0,633,LIFESTYLE,Everyone
Best Western e-Concierge Hotel,4.0,3.7376696182833684,9.210440366976517,23.0,0.0,0,66,TRAVEL_AND_LOCAL,Everyone
BlackCam Pro - B&W Camera,4.5,7.227662498728654,11.51293546492023,5.5,1.49,1,136,PHOTOGRAPHY,Everyone
SAP BW Tutorial,4.0,2.4849066497880004,6.90875477931522,9.4,0.0,0,942,FAMILY,Everyone
Kromium BW Theme for NEXT,4.3,7.002155954403621,10.819798284210286,18.0,0.0,0,1398,PERSONALIZATION,Everyone
Color Changer Pro [root],4.5,4.248495242049359,6.90875477931522,0.9287109375,0.99,1,574,PERSONALIZATION,Everyone
Fantasy theme dark bw black building,4.8,3.7376696182833684,8.517393171418904,1.9,0.0,0,142,ART_AND_DESIGN,Everyone
Keyboard Theme Gate Flat BW,4.5,4.330733340286331,9.210440366976517,2.6,0.0,0,805,PERSONALIZATION,Mature 17+
BL Essentials BW Icon Pack,4.2,2.8903717578961645,6.90875477931522,0.9404296875,0.0,0,1921,PERSONALIZATION,Everyone
Hypocam,4.5,9.439306936593182,13.815511557963774,8.5,0.0,0,148,PHOTOGRAPHY,Everyone
Hitman GO,4.6,11.33994018915326,13.122365377402328,23.0,0.99,1,35,FAMILY,Everyone 10+
B&W Photo Filter Editor,3.9,5.327876168789581,10.819798284210286,2.4,0.0,0,376,PHOTOGRAPHY,Everyone
BX Memo,4.3,4.882801922586371,8.517393171418904,2.0,0.0,0,630,FAMILY,Everyone
Bixby Button Remapper - bxActions Pro / Coffee,3.9,5.768320995793772,9.210440366976517,0.0244140625,2.99,1,468,TOOLS,Everyone
Bixby Button Remapper - bxActions,4.3,9.477692177954713,13.815511557963774,4.6,0.0,0,78,TOOLS,Everyone
Bitcoin BX Thailand,3.7,4.795790545596741,9.210440366976517,31.0,0.0,0,290,FINANCE,Everyone
Bx Thailand Alert (Bitcoin),4.7,1.3862943611198906,4.61512051684126,8.2,0.0,0,185,FINANCE,Everyone
bX Hot Articles by Ex Libris,4.3,3.7612001156935624,8.517393171418904,0.541015625,0.0,0,457,FAMILY,Everyone
Bitcoin BX Thailand PRO,1.7,3.091042453358316,4.61512051684126,21.0,4.99,1,291,FINANCE,Everyone
Bitcoin Bx (Thailand),4.5,4.624972813284271,9.210440366976517,6.9,0.0,0,5,FINANCE,Everyone
BX Mobile TMC for SAP B1,4.7,1.3862943611198906,4.61512051684126,11.0,0.0,0,1297,BUSINESS,Everyone
BxPort - Bitcoin Bx (Thailand),5.0,1.6094379124341003,3.9318256327243257,4.1,0.0,0,26,FINANCE,Everyone
BX Diff - Crypto Coins Checker,4.6,4.430816798843313,8.517393171418904,4.0,0.0,0,24,FINANCE,Everyone
bitcoin exchange bx thailand,2.9,2.995732273553991,8.517393171418904,2.2,0.0,0,409,FINANCE,Everyone
Bitcoin & Cryptocurrency - Bx,4.8,2.4849066497880004,6.90875477931522,3.7,0.0,0,254,FINANCE,Everyone
Benefit Extras Mobile App,2.3,1.3862943611198906,6.90875477931522,2.4,0.0,0,22,HEALTH_AND_FITNESS,Everyone
Car Driving Simulator Citroen,3.8,5.1647859739235145,9.210440366976517,44.0,0.0,0,387,FAMILY,Everyone
LEDSHOWTW,4.2,1.791759469228055,6.2166061010848646,31.0,0.0,0,108,TOOLS,Everyone
Water Surfer Floating BMX Bicycle Rider Racing,4.4,6.313548046277095,11.51293546492023,38.0,0.0,0,402,FAMILY,Everyone
RC Monster Truck - Offroad Driving Simulator,4.0,10.55708796679324,15.424948670398354,27.0,0.0,0,54,GAME,Everyone
Tiny Call Confirm,4.1,10.033769922799051,13.815511557963774,0.3427734375,0.0,0,1233,COMMUNICATION,Everyone
Casa de Bolsa Bx+ Móvil,3.4,1.791759469228055,6.2166061010848646,8.8,0.0,0,387,FINANCE,Everyone
Super Jabber Jump,4.3,11.360741183846496,16.118095750958314,23.0,0.0,0,275,GAME,Everyone
Commando Adventure Assassin,4.0,10.840913356940241,15.424948670398354,48.0,0.0,0,72,GAME,Teen
Limbo PC Emulator QEMU ARM x86,4.2,9.473166068429098,13.815511557963774,9.7,0.0,0,200,TOOLS,Everyone
Lollipop Launcher Plus,4.1,4.882801922586371,6.90875477931522,0.0263671875,4.99,1,1250,PERSONALIZATION,Everyone
Crypto Tracker by BitScreener,4.7,5.983936280687191,9.210440366976517,12.0,0.0,0,4,FINANCE,Everyone
City Builder 2016: County Mall,4.2,10.638112512542383,13.815511557963774,74.0,0.0,0,66,FAMILY,Everyone
Fists For Fighting (Fx3),3.9,11.840356956939292,16.118095750958314,44.0,0.0,0,33,SPORTS,Teen
Train driving simulator,3.8,11.425688608016447,16.118095750958314,36.0,0.0,0,93,FAMILY,Teen
Roulette Advisor LITE,4.1,3.7376696182833684,8.517393171418904,1.4,0.0,0,1449,GAME,Everyone
Mini Motor Racing WRT,4.2,11.585227521725622,13.815511557963774,,0.0,0,919,GAME,Everyone
BMX Boy Bike Stunt Rider Game,3.8,5.703782474656201,9.210440366976517,25.0,0.0,0,272,GAME,Everyone
"CoinMarketApp - CryptoCurrency Portfolio, News,ICO",4.7,9.929934722550977,13.122365377402328,,0.0,0,9,FINANCE,Everyone
Best Friends Dress Up & Makeup,3.7,8.944419791305915,13.122365377402328,44.0,0.0,0,1065,FAMILY,Everyone
World of Warriors: Duel,4.3,10.164042488848484,13.122365377402328,36.0,0.0,0,1067,GAME,Everyone 10+
Trinomial Factoring Wizard,4.0,3.1354942159291497,6.90875477931522,0.080078125,0.99,1,1399,TOOLS,Everyone
Driving Zone,4.2,10.854990976166025,13.815511557963774,57.0,0.0,0,64,GAME,Everyone
Bitcoin Ticker Widget,4.6,10.155995712480241,13.122365377402328,,0.0,0,10,FINANCE,Everyone
Quadratic Equation Solver with Steps and Graphs,4.7,6.2422232654551655,10.819798284210286,9.8,0.0,0,238,FAMILY,Everyone
Color by Number – New Coloring Book,4.7,11.86575602873994,15.424948670398354,24.0,0.0,0,8,GAME,Everyone 10+
Car Race by Fun Games For Free,4.3,10.900842009130011,13.815511557963774,47.0,0.0,0,1881,GAME,Everyone
Adult Color By Number Book: Number Coloring Pages,4.2,7.710653323501202,13.122365377402328,37.0,0.0,0,17,FAMILY,Everyone
Glitter Color By Number - Glitter Number Coloring,3.5,7.2305631534092925,13.122365377402328,6.9,0.0,0,22,FAMILY,Everyone
Sandbox - Color by Number Coloring Pages,4.7,12.93058524783862,16.118095750958314,10.0,0.0,0,21,FAMILY,Everyone
Sandbox Art-Sandbox Color by Number Coloring Pages,4.7,9.456027887725288,13.815511557963774,15.0,0.0,0,5,FAMILY,Everyone
One Today by Google,4.5,7.8582541821860294,11.51293546492023,9.4,0.0,0,966,LIFESTYLE,Everyone
Art Pixel Coloring. Color by Number.,4.5,6.900730664045173,11.51293546492023,49.0,0.0,0,7,FAMILY,Teen
Color By Number - Sandbox Pixel Coloring Book,4.7,10.108792945720458,13.815511557963774,24.0,0.0,0,6,FAMILY,Everyone
PixelDot - Color by Number Sandbox Pixel Art,4.6,9.68296556192687,13.815511557963774,7.3,0.0,0,35,FAMILY,Everyone
Slot Machines by IGG,4.6,12.495864989791313,16.118095750958314,24.0,0.0,0,73,GAME,Teen
PixPanda - Color by Number Pixel Art Coloring Book,4.9,10.928166212826115,13.815511557963774,14.0,0.0,0,66,FAMILY,Everyone
Sandbox Number Coloring Book Art - Color By Number,4.2,9.571992907127694,13.815511557963774,,0.0,0,153,FAMILY,Everyone
Adult Color by Number Book - Paint Mandala Pages,4.3,6.905753276311464,11.51293546492023,,0.0,0,43,FAMILY,Everyone
No.Color – Color by Number,4.4,10.063691304076464,15.424948670398354,8.8,0.0,0,14,FAMILY,Everyone
PixBox Coloring - Color by number Sandbox,4.5,9.416866617466955,13.815511557963774,4.0,0.0,0,95,FAMILY,Everyone
"3D Color by Number: Voxel, Unicorn, Pixel Art 3D",4.3,7.609862200913554,11.51293546492023,,0.0,0,174,FAMILY,Everyone
Pixelmania - Color by number & create pixel art,4.4,8.185628891147607,13.122365377402328,18.0,0.0,0,165,FAMILY,Everyone
Valentines love color by number-Pixel art coloring,4.4,6.643789733147672,11.51293546492023,18.0,0.0,0,167,FAMILY,Everyone
Rized ‼️ Color By Number & Pixel Coloring Book,3.0,7.154615356913663,11.51293546492023,13.0,0.0,0,57,FAMILY,Everyone
Pixyfy: coloring by number coloring book,4.8,10.011938288540932,13.122365377402328,13.0,0.0,0,4,FAMILY,Everyone
Draw Color by Number - Sandbox Pixel Art,4.7,10.442317372711717,13.815511557963774,24.0,0.0,0,7,FAMILY,Everyone
Project Fi by Google,4.6,8.90150275745161,13.815511557963774,,0.0,0,10,TOOLS,Everyone
Tattoo Color By Number Draw Book Page Pixel Art,4.0,5.736572297479192,11.51293546492023,25.0,0.0,0,99,FAMILY,Everyone
SegPlay Mobile Paint by Number,3.7,7.2991214627108,11.51293546492023,43.0,0.0,0,474,FAMILY,Everyone
Paint By Number,3.5,6.694562058521095,13.122365377402328,4.6,0.0,0,100,FAMILY,Everyone
Color by Disney,2.7,8.649448770536708,13.122365377402328,47.0,0.0,0,392,FAMILY,Everyone
Bingo by IGG: Top Bingo+Slots!,4.7,12.119119448666229,15.424948670398354,20.0,0.0,0,73,GAME,Teen
Painting By Numbers,4.1,5.365976015021851,10.819798284210286,26.0,0.0,0,62,FAMILY,Everyone
3D Color by Number with Voxels,4.5,8.60922527686273,13.122365377402328,69.0,0.0,0,33,FAMILY,Everyone
Butterfly Pixel Art - coloring by number,4.6,6.646390514847729,11.51293546492023,13.0,0.0,0,127,FAMILY,Everyone
Best Hairstyles step by step,4.5,10.724434104027946,15.424948670398354,9.2,0.0,0,21,BEAUTY,Everyone
Halloween Sandbox Number Coloring- Color By Number,4.4,5.66988092298052,11.51293546492023,19.0,0.0,0,173,FAMILY,Everyone
"Fiesta by Tango - Find, Meet and Make New Friends",4.3,11.628252152939904,13.815511557963774,34.0,0.0,0,35,SOCIAL,Mature 17+
"Poly Art: Paint by Sticker, Color by Number Puzzle",4.4,7.650168700845001,11.51293546492023,,0.0,0,12,FAMILY,Everyone
"Pixel art pro-Sand box,paint by number,number draw",4.5,7.8009820712577405,11.51293546492023,13.0,0.0,0,34,FAMILY,Everyone
Color by Number: Pixel Art,4.6,9.395574350217172,13.815511557963774,34.0,0.0,0,75,FAMILY,Everyone
UNICORN - Color By Number & Pixel Art Coloring,4.7,9.019785010255125,13.122365377402328,24.0,0.0,0,7,FAMILY,Everyone
FunnyPixels - Color by number Sandbox,4.6,7.589841512182657,11.51293546492023,3.8,0.0,0,169,FAMILY,Everyone
Color By Numbers - Art Game for Kids and Adults,3.1,5.723585101952381,11.51293546492023,8.3,0.0,0,763,FAMILY,Everyone
Voxel - 3D Color by Number & Pixel Coloring Book,4.7,11.043913344017648,13.815511557963774,53.0,0.0,0,9,GAME,Everyone
No.Diamond – Colors by Number,4.6,9.106866963499908,13.815511557963774,24.0,0.0,0,3,FAMILY,Everyone
BZ Reminder,4.7,10.636480251018197,13.815511557963774,5.4,0.0,0,231,BUSINESS,Everyone
420 BZ Budeze Delivery,5.0,1.0986122886681098,4.61512051684126,11.0,0.0,0,64,MEDICAL,Mature 17+
Weather BZ,4.4,9.040026434306505,11.51293546492023,5.6,0.0,0,64,WEATHER,Everyone
BZ Reminder PRO,4.8,6.588926477533519,6.90875477931522,5.4,3.99,1,232,BUSINESS,Everyone
Evasion.bz,4.1,2.1972245773362196,4.61512051684126,4.4,0.0,0,391,SOCIAL,Teen
BZ-Smart,4.3,6.720220155135295,9.210440366976517,8.2,0.0,0,303,NEWS_AND_MAGAZINES,Everyone
BZ Zombie VR,4.4,2.5649493574615367,6.90875477931522,98.0,0.0,0,183,GAME,Mature 17+
BZ Conferencing,4.7,2.0794415416798357,6.90875477931522,29.0,0.0,0,43,TOOLS,Everyone
GITZ.bz,4.0,1.6094379124341003,2.3978952727983707,2.4,0.0,0,370,SHOPPING,Everyone
Berner Zeitung,3.4,6.602587892189336,10.819798284210286,8.5,0.0,0,6,NEWS_AND_MAGAZINES,Teen
BZ Fingers,4.6,2.772588722239781,3.9318256327243257,3.2,0.0,0,400,GAME,Everyone
bz Basellandschaftliche News,2.8,3.5263605246161616,6.90875477931522,33.0,0.0,0,64,NEWS_AND_MAGAZINES,Everyone
24/7 BZ Reis,3.1,6.045005314036012,11.51293546492023,53.0,0.0,0,153,TRAVEL_AND_LOCAL,Everyone
Badische Zeitung,3.9,5.572154032177765,9.210440366976517,22.0,0.0,0,44,NEWS_AND_MAGAZINES,Everyone
bz Baselland E-Paper,4.2,4.248495242049359,8.517393171418904,25.0,0.0,0,350,NEWS_AND_MAGAZINES,Everyone
BZWBK24 mobile,4.5,11.08189636473079,13.815511557963774,39.0,0.0,0,52,FINANCE,Everyone
BZ Vesper-App,4.1,4.110873864173311,6.90875477931522,13.0,0.0,0,1099,TRAVEL_AND_LOCAL,Everyone
Dragon BZ Super Wallpapers,4.2,2.5649493574615367,6.90875477931522,13.0,0.0,0,205,FAMILY,Everyone
Südtirol2Go,3.3,6.320768294250582,10.819798284210286,31.0,0.0,0,232,MAPS_AND_NAVIGATION,Everyone
TFO BZ Lessons,4.4,4.330733340286331,6.2166061010848646,3.7,0.0,0,468,FAMILY,Everyone
City Driving Jeep Mania: Parking Passion 2018,4.4,3.6109179126442243,9.210440366976517,24.0,0.0,0,56,FAMILY,Everyone
Sniper Gun Shot 3D: Impossible Missions,4.6,3.044522437723423,4.61512051684126,34.0,0.0,0,97,GAME,Mature 17+
ePN Cashback AliExpress,4.4,9.8633424122317,13.122365377402328,6.9,0.0,0,6,SHOPPING,Everyone
Elite Commando Shooting War,4.5,2.70805020110221,4.61512051684126,45.0,0.0,0,41,GAME,Teen
Restaurantführer Südbaden,4.1,3.8501476017100584,6.90875477931522,12.0,0.0,0,575,TRAVEL_AND_LOCAL,Everyone
bz Basel News,2.2,3.1780538303479458,6.90875477931522,33.0,0.0,0,64,NEWS_AND_MAGAZINES,Everyone
Contractor City Construction - Heavy Logistics,4.2,3.4657359027997265,8.517393171418904,35.0,0.0,0,58,FAMILY,Everyone
Park Limousine: Realistic Limo Parking Simulator,4.8,1.6094379124341003,6.90875477931522,25.0,0.0,0,20,FAMILY,Everyone
Inwestor mobile,3.2,4.8283137373023015,9.210440366976517,7.2,0.0,0,218,FINANCE,Everyone
BZ Straußenführer,4.3,5.676753802268282,9.210440366976517,14.0,0.0,0,875,TRAVEL_AND_LOCAL,Everyone
Zoosk Dating App: Meet Singles,4.0,13.155639533560993,16.118095750958314,,0.0,0,7,DATING,Mature 17+
Putzmeister Experts,4.6,3.091042453358316,6.90875477931522,8.9,0.0,0,93,TOOLS,Everyone
Filmi Gaane,4.4,6.35088571671474,11.51293546492023,,0.0,0,357,FAMILY,Everyone
Bubble,4.5,10.36160835987009,15.424948670398354,0.203125,0.0,0,2587,TOOLS,Everyone
CA Service Management,3.4,4.5217885770490405,9.210440366976517,8.3,0.0,0,142,BUSINESS,Everyone
CA Mobile OTP,3.3,6.535241271013659,11.51293546492023,5.5,0.0,0,338,TOOLS,Everyone
CA Lottery Official App,4.2,8.853808274977197,13.815511557963774,26.0,0.0,0,7,FAMILY,Teen
CA Case Management,2.4,2.833213344056216,6.2166061010848646,5.2,0.0,0,827,BUSINESS,Everyone
CA UIM Mobile,3.2,4.007333185232471,6.90875477931522,7.7,0.0,0,892,BUSINESS,Everyone
CA Clarity Mobile Time Manager,3.1,4.653960350157523,9.210440366976517,5.3,0.0,0,1183,BUSINESS,Everyone
CA Auth ID,3.8,3.6888794541139363,9.210440366976517,0.3662109375,0.0,0,1392,TOOLS,Teen
CA Speakers Free,4.8,4.31748811353631,8.517393171418904,2.9,0.0,0,1044,LIFESTYLE,Teen
CA World '17,3.7,2.0794415416798357,6.90875477931522,18.0,0.0,0,60,PRODUCTIVITY,Teen
CA DMV,4.2,8.605936401250625,13.815511557963774,6.0,0.0,0,349,TOOLS,Everyone
Save.ca,3.7,7.647308832356238,11.51293546492023,34.0,0.0,0,38,SHOPPING,Everyone
California Cop Assist CA Cop,3.0,1.791759469228055,4.61512051684126,7.0,4.99,1,1640,PRODUCTIVITY,Everyone
CA Laws 2018 (California Laws and Codes),3.9,4.04305126783455,8.517393171418904,38.0,0.0,0,138,BOOKS_AND_REFERENCE,Everyone
California Cameras - Traffic,4.0,5.723585101952381,9.210440366976517,5.4,0.0,0,50,TRAVEL_AND_LOCAL,Everyone
CA Speakers,5.0,2.5649493574615367,4.61512051684126,1.2,0.99,1,1598,LIFESTYLE,Teen
CB Radio Chat - for friends!,4.0,9.798071479779479,13.815511557963774,7.9,0.0,0,135,COMMUNICATION,Teen
Truck Chat & CB for Truckers,2.7,4.499809670330265,9.210440366976517,2.3,0.0,0,9,MAPS_AND_NAVIGATION,Mature 17+
CB Frequencies FREE!,3.1,5.8998973535824915,11.51293546492023,2.3,0.0,0,160,TOOLS,Everyone
CB On Mobile,4.1,6.804614520062624,11.51293546492023,0.3154296875,0.0,0,470,COMMUNICATION,Teen
CB Frequencies,4.0,1.791759469228055,4.61512051684126,1.4,0.99,1,959,TOOLS,Everyone
Virtual Walkie Talkie,3.8,9.989022840642392,13.815511557963774,2.5,0.0,0,1092,COMMUNICATION,Everyone
CB Outdoors,3.8,1.791759469228055,6.90875477931522,12.0,0.0,0,436,FAMILY,Everyone
Viking CB Radios,4.3,1.9459101490553132,6.90875477931522,15.0,0.0,0,442,BUSINESS,Everyone
Frequencies Free,3.5,5.948034989180646,11.51293546492023,3.1,0.0,0,186,TOOLS,Everyone
CB-Mobile Banking,4.5,4.574710978503383,9.210440366976517,12.0,0.0,0,48,FINANCE,Everyone
CBRadioTab,3.9,4.852030263919617,10.819798284210286,1.5,0.0,0,495,TOOLS,Everyone
CB Bank Mobile Banking,4.5,7.1770187659099,11.51293546492023,3.7,0.0,0,1158,FINANCE,Everyone
CB Underground,3.3,1.3862943611198906,6.2166061010848646,7.4,0.0,0,1059,LIFESTYLE,Everyone
CB Background - Free HD Wallpaper Images,4.1,8.420462002456466,13.815511557963774,3.3,0.0,0,138,PERSONALIZATION,Everyone
CB Fit,5.0,0.6931471805599453,2.3978952727983707,7.8,0.0,0,31,HEALTH_AND_FITNESS,Everyone
Channel 19,3.7,6.821107472256465,11.51293546492023,12.0,0.0,0,27,COMMUNICATION,Mature 17+
Citizens Bank - CB Mobile,4.8,1.9459101490553132,6.90875477931522,11.0,0.0,0,7,FINANCE,Everyone
CB Mobile Access,1.5,4.060443010546419,6.90875477931522,25.0,0.0,0,164,FINANCE,Everyone
CB VIDEO VISION,5.0,2.6390573296152584,4.61512051684126,2.6,0.0,0,331,PHOTOGRAPHY,Everyone
CB Hair Png - New Hair Png For CB Editing,4.6,3.295836866004329,6.2166061010848646,7.2,0.0,0,11,PHOTOGRAPHY,Everyone
C B Patel Health Club,5.0,1.791759469228055,4.61512051684126,14.0,0.0,0,38,HEALTH_AND_FITNESS,Everyone
CB Trader,4.7,2.4849066497880004,6.90875477931522,2.2,0.0,0,120,FINANCE,Everyone
Football-CB GO Clock Theme,4.7,3.295836866004329,6.90875477931522,5.6,0.0,0,524,PERSONALIZATION,Everyone
CB News,5.0,2.0794415416798357,3.9318256327243257,20.0,0.0,0,698,FAMILY,Everyone
CB Pay,4.5,5.293304824724492,9.210440366976517,11.0,0.0,0,31,FINANCE,Everyone
CB Register,5.0,0.6931471805599453,2.3978952727983707,5.6,0.0,0,43,FAMILY,Everyone
Cb browser,5.0,1.791759469228055,3.9318256327243257,3.7,0.0,0,129,COMMUNICATION,Everyone
CB Edits PNG & CB Backgrounds,4.2,2.8903717578961645,8.517393171418904,3.4,0.0,0,20,PHOTOGRAPHY,Everyone
CB Mobile Biz,1.0,1.3862943611198906,6.2166061010848646,8.4,0.0,0,899,FINANCE,Everyone
Antenna Tool Premium,4.5,2.70805020110221,6.2166061010848646,2.9,0.99,1,287,TOOLS,Everyone
Antenna Tool,4.2,6.259581464064923,10.819798284210286,2.9,0.0,0,287,TOOLS,Everyone
CB Heroes,5.0,1.791759469228055,1.791759469228055,1.8,0.0,0,5,SOCIAL,Everyone
Frequencies,4.2,2.4849066497880004,6.2166061010848646,3.1,0.99,1,186,TOOLS,Everyone
Creative Destruction,4.4,12.213182311850167,15.424948670398354,80.0,0.0,0,7,GAME,Teen
CD Library,3.9,3.8066624897703196,9.210440366976517,3.3,0.0,0,537,PRODUCTIVITY,Everyone
Sonic CD Classic,4.6,10.171183730899397,13.815511557963774,15.0,0.0,0,176,GAME,Everyone
ARK: Survival Evolved,3.8,10.849802997515978,13.122365377402328,36.0,0.0,0,7,GAME,Teen
DIY Crafts Cds,4.0,5.3471075307174685,10.819798284210286,3.1,0.0,0,562,LIFESTYLE,Everyone
CD Ready,4.6,3.970291913552122,6.90875477931522,,0.0,0,553,BUSINESS,Everyone
Bootable Methods(USB-CD-DVD),3.4,3.6375861597263857,9.210440366976517,3.4,0.0,0,70,BOOKS_AND_REFERENCE,Everyone
CD CHOICE TUBE,5.0,2.3978952727983707,6.2166061010848646,5.8,0.0,0,382,FAMILY,Everyone
My Movies Pro - Movie & TV Collection Library,4.6,8.776167099731275,9.210440366976517,20.0,7.99,1,24,LIFESTYLE,Everyone
Yazdani Cd Center EllahAbad Official App,5.0,2.1972245773362196,6.2166061010848646,3.8,0.0,0,209,FAMILY,Everyone
Disc Label Print,3.0,5.572154032177765,9.210440366976517,37.0,0.0,0,688,TOOLS,Everyone
CD-Zing,3.8,4.2626798770413155,6.90875477931522,,0.0,0,652,BUSINESS,Everyone
Nero AirBurn,4.2,6.9167150203536085,11.51293546492023,1.7,0.0,0,1140,VIDEO_PLAYERS,Everyone
CD COMET,4.3,2.5649493574615367,4.61512051684126,2.6,0.0,0,5,MAPS_AND_NAVIGATION,Everyone
DIY CD Craft Ideas,4.4,1.791759469228055,6.90875477931522,4.6,0.0,0,572,LIFESTYLE,Everyone
РееI Smart Remote MP3 CD Player,3.2,3.332204510175204,8.517393171418904,2.7,0.0,0,199,TOOLS,Everyone
Music Collector Inventory Organizer UPC Discogs,3.5,5.049856007249537,9.210440366976517,12.0,0.0,0,300,LIFESTYLE,Everyone
CE on the go,4.4,4.382026634673881,9.210440366976517,3.7,0.0,0,175,TOOLS,Everyone
CE Map - Interactive Conan Exiles Map,4.5,4.143134726391533,6.90875477931522,1.6,0.99,1,40,MAPS_AND_NAVIGATION,Everyone
CE Broker,3.7,5.25227342804663,9.210440366976517,12.0,0.0,0,505,FAMILY,Everyone
CE Smart,5.0,1.3862943611198906,4.61512051684126,29.0,0.0,0,73,TOOLS,Everyone
PAC-MAN CE DX,4.5,7.4342573821331355,9.210440366976517,36.0,4.99,1,108,GAME,Everyone
CEHQ - CE Credits for Nurses,4.5,2.5649493574615367,6.90875477931522,4.0,0.0,0,76,FAMILY,Everyone
Theatre of the Absurd CE(Full),4.1,7.042286171939743,9.210440366976517,15.0,2.99,1,1906,FAMILY,Everyone 10+
OE TRACKER CE Attendance App,3.4,2.833213344056216,8.517393171418904,7.8,0.0,0,142,MEDICAL,Everyone
Professor Online SEDUC-CE,4.1,5.241747015059643,9.210440366976517,4.6,0.0,0,34,FAMILY,Everyone
TI-84 CE Graphing Calculator Manual TI 84,5.0,0.6931471805599453,4.61512051684126,27.0,4.99,1,134,FAMILY,Everyone
Ultra CE calculator,4.2,3.367295829986474,6.90875477931522,7.3,0.0,0,53,SPORTS,Everyone
Shiver: Moonlit Grove CE,4.1,8.141481041457421,10.819798284210286,23.0,0.0,0,878,FAMILY,Everyone 10+
Beast of Lycan Isle CE,4.1,7.895063498091573,10.819798284210286,20.0,0.0,0,1659,FAMILY,Everyone 10+
Volvo CE Insider,4.2,3.828641396489095,6.90875477931522,24.0,0.0,0,146,BUSINESS,Everyone
Grim Tales: The Wishes CE,4.3,8.501876487304344,11.51293546492023,20.0,0.0,0,1079,GAME,Everyone 10+
MCQ CE IT,5.0,3.1354942159291497,6.90875477931522,3.6,0.0,0,275,FAMILY,Everyone
Placement Tips for BE (CE/IT),4.4,2.0794415416798357,6.2166061010848646,6.3,0.0,0,776,FAMILY,Everyone
Depths of Betrayal CE (Full),4.3,5.8971538676367405,6.90875477931522,14.0,2.99,1,1816,FAMILY,Everyone 10+
Merck CE,4.5,1.0986122886681098,4.61512051684126,25.0,0.0,0,542,BUSINESS,Everyone
Magana Jari ce Littafi Na Uku : Part 3 of 3,4.8,4.189654742026425,8.517393171418904,55.0,0.0,0,263,FAMILY,Everyone
CCleaner,4.4,13.693555330808673,17.72753358339242,22.0,0.0,0,21,TOOLS,Everyone
Terminal Emulator for Android,4.4,11.643532586077503,16.118095750958314,0.5380859375,0.0,0,1212,TOOLS,Everyone
Pregnancy Tracker & Countdown to Baby Due Date,4.7,13.397093939967068,16.118095750958314,62.0,0.0,0,77,PARENTING,Everyone
CrossFire: Legends,4.3,11.87785326025468,15.424948670398354,29.0,0.0,0,15,GAME,Teen
CF.lumen,4.4,8.497398564088058,11.51293546492023,1.9,0.0,0,546,TOOLS,Everyone
CF-Bench Pro,4.6,5.075173815233827,6.90875477931522,0.0283203125,1.49,1,2604,TOOLS,Everyone
CF SHOP!,2.8,4.48863636973214,9.210440366976517,43.0,0.0,0,40,LIFESTYLE,Everyone
CF Life,5.0,1.6094379124341003,4.61512051684126,8.3,0.0,0,43,FAMILY,Everyone
CF-Bench,4.4,7.665284718471351,11.51293546492023,0.1005859375,0.0,0,1863,TOOLS,Everyone
CF Appreciation,2.0,2.4849066497880004,6.90875477931522,6.2,0.0,0,58,LIFESTYLE,Everyone
Unity CF,5.0,1.791759469228055,4.61512051684126,8.3,0.0,0,849,LIFESTYLE,Everyone
Next Launcher 3D Bold-CF Theme,4.4,5.170483995038151,6.90875477931522,5.5,0.99,1,1671,PERSONALIZATION,Everyone
Overcomers CF - GA,5.0,2.0794415416798357,4.61512051684126,11.0,0.0,0,507,LIFESTYLE,Everyone
CF Chat: Connecting Friends,3.4,1.791759469228055,4.61512051684126,2.4,0.0,0,834,COMMUNICATION,Teen
CF Invest,4.4,2.4849066497880004,6.2166061010848646,4.6,0.0,0,188,FINANCE,Everyone
iOBD2-CF,3.4,1.791759469228055,6.2166061010848646,21.0,0.0,0,591,TOOLS,Everyone
CF Calculator,3.3,3.258096538021482,6.90875477931522,4.7,0.0,0,1248,LIFESTYLE,Everyone
CF Climb,1.5,1.0986122886681098,4.61512051684126,3.0,0.0,0,63,LIFESTYLE,Everyone
CF,5.0,1.0986122886681098,4.61512051684126,2.0,0.0,0,862,FINANCE,Everyone
CF cal,4.3,4.820281565605037,9.210440366976517,2.9,0.0,0,912,TOOLS,Everyone
CF GeneE,4.3,2.833213344056216,6.90875477931522,40.0,0.0,0,70,MEDICAL,Everyone
Thrive CF,2.2,1.9459101490553132,4.61512051684126,8.0,0.0,0,216,HEALTH_AND_FITNESS,Everyone
Special Forces Group 2,4.6,14.175148109045434,16.118095750958314,29.0,0.0,0,11,GAME,Mature 17+
CF Townsville,5.0,1.6094379124341003,4.61512051684126,14.0,0.0,0,31,HEALTH_AND_FITNESS,Everyone
"Cystic Fibrosis Symptoms, Doctors & Treatments",4.7,1.9459101490553132,4.61512051684126,9.7,0.0,0,107,HEALTH_AND_FITNESS,Teen
Casa CF,4.7,2.5649493574615367,6.2166061010848646,6.3,0.0,0,28,HEALTH_AND_FITNESS,Everyone
CampGladiator,3.5,5.683579767338681,10.819798284210286,19.0,0.0,0,20,HEALTH_AND_FITNESS,Everyone
CG Creative Sets: 2D/3D Artist,4.3,4.770684624465665,9.210440366976517,5.0,0.0,0,778,NEWS_AND_MAGAZINES,Everyone
Motocross Motorbike Simulator Offroad,3.6,10.84675122191171,15.424948670398354,16.0,0.0,0,421,GAME,Everyone
CG Daily News,4.3,4.189654742026425,9.210440366976517,3.5,0.0,0,102,NEWS_AND_MAGAZINES,Everyone
CG - Calendars Add-On,3.6,3.912023005428146,8.517393171418904,2.3,0.0,0,1107,PRODUCTIVITY,Everyone 10+
CG Fit Scale,2.6,2.6390573296152584,6.90875477931522,3.3,0.0,0,1031,HEALTH_AND_FITNESS,Everyone
All Info about Cg,4.7,2.772588722239781,6.90875477931522,4.1,0.0,0,272,FAMILY,Teen
cg guruji,4.5,5.14166355650266,9.210440366976517,4.1,0.0,0,268,FAMILY,Everyone
CG Yojna & Jansampark,4.0,4.007333185232471,8.517393171418904,4.1,0.0,0,331,FAMILY,Teen
Offline Jízdní řády CG Transit,4.6,8.897682313454224,11.51293546492023,7.0,0.0,0,336,MAPS_AND_NAVIGATION,Everyone
CG Prints,5.0,0.6931471805599453,4.61512051684126,2.3,0.0,0,562,PHOTOGRAPHY,Everyone
CG Job Alerts,4.2,4.762173934797756,9.210440366976517,4.1,0.0,0,332,FAMILY,Everyone
CG Samanya Gyan,4.2,4.983606621708336,9.210440366976517,4.1,0.0,0,331,FAMILY,Teen
CG Freelancer,4.7,2.3978952727983707,6.90875477931522,2.3,0.0,0,1471,NEWS_AND_MAGAZINES,Everyone
CG Wallpapers,4.5,2.4849066497880004,6.2166061010848646,3.5,0.0,0,51,FAMILY,Mature 17+
Best CG Backgrounds,3.6,2.1972245773362196,6.2166061010848646,3.7,0.0,0,81,FAMILY,Everyone
CG Districts,3.8,2.70805020110221,6.90875477931522,,0.0,0,98,SOCIAL,Everyone
Amazing CG Backgrounds,4.2,3.5553480614894135,6.90875477931522,4.0,0.0,0,84,FAMILY,Everyone
CG BILASPUR CARNIVAL,3.8,4.0943445622221,8.517393171418904,1.8,0.0,0,120,EVENTS,Everyone
Chat Anónimo Gratis Español CG,3.5,4.248495242049359,8.517393171418904,4.0,0.0,0,395,DATING,Everyone
CG Shikshak Mitan,4.1,5.69035945432406,10.819798284210286,3.8,0.0,0,157,TOOLS,Everyone
CG FM,5.0,1.0986122886681098,6.2166061010848646,6.6,0.0,0,190,FAMILY,Everyone
Best CG views,4.2,1.6094379124341003,4.61512051684126,2.5,0.0,0,1142,FAMILY,Teen
Bhunaksha CG,4.1,4.219507705176107,9.210440366976517,4.1,0.0,0,94,TOOLS,Everyone
BF CG View Wallpapers,3.6,2.6390573296152584,6.90875477931522,2.5,0.0,0,1147,FAMILY,Teen
CG Sanyukt Bharti Pariksha 2018,4.3,2.70805020110221,6.90875477931522,4.3,0.0,0,211,FAMILY,Teen
Betting Tips / Sports Tips by CG Tipster,4.1,5.755742213586912,9.210440366976517,7.7,0.0,0,22,SPORTS,Everyone
CG Shikshak,4.4,5.356586274672012,9.210440366976517,6.8,0.0,0,765,FAMILY,Everyone
CG Backgrounds,4.0,2.1972245773362196,6.2166061010848646,3.6,0.0,0,51,FAMILY,Everyone
CG - Chemistry free,5.0,2.0794415416798357,6.90875477931522,2.3,0.0,0,76,FAMILY,Everyone
CG Jobs,5.0,2.1972245773362196,2.3978952727983707,14.0,0.0,0,8,FAMILY,Everyone
CG Patwari Exam,3.8,3.367295829986474,6.90875477931522,4.1,0.0,0,290,FAMILY,Teen
Naidunia: MP News & CG News,4.3,7.918264686095274,11.51293546492023,8.7,0.0,0,122,NEWS_AND_MAGAZINES,Everyone
BF CG Abstract Pictures,4.7,1.9459101490553132,6.90875477931522,2.5,0.0,0,1147,FAMILY,Teen
Bhuiyan Land Records Chhattisgarh (CG),4.5,2.5649493574615367,8.517393171418904,2.9,0.0,0,187,NEWS_AND_MAGAZINES,Everyone
CG JOKES - Copy & Share,4.4,3.4657359027997265,6.90875477931522,4.3,0.0,0,67,FAMILY,Everyone
"Ultimate Public Campgrounds (Over 37,100 in US&CA)",4.7,5.365976015021851,8.517393171418904,6.1,3.99,1,4,TRAVEL_AND_LOCAL,Everyone
20 minutes (CH),3.7,8.384804003370492,13.815511557963774,,0.0,0,6,NEWS_AND_MAGAZINES,Teen
"OurHome – chores, rewards, groceries and calendar",4.3,8.054204897064407,11.51293546492023,,0.0,0,190,FAMILY,Everyone
Dots puzzle,4.0,5.19295685089021,10.819798284210286,14.0,0.99,1,113,FAMILY,Everyone
CH info,3.9,3.828641396489095,8.517393171418904,15.0,0.0,0,170,NEWS_AND_MAGAZINES,Everyone
FAV KWGT,4.9,4.48863636973214,6.90875477931522,66.0,0.99,1,14,PERSONALIZATION,Everyone
Flo's CH Boss Timer,3.5,5.099866427824199,6.90875477931522,3.4,0.0,0,500,FAMILY,Everyone
20 Minuten (CH),3.5,9.55775254863573,13.815511557963774,,0.0,0,6,NEWS_AND_MAGAZINES,Everyone 10+
Calvary.ch App,4.4,2.3978952727983707,6.2166061010848646,7.7,0.0,0,45,LIFESTYLE,Teen
autolina.ch has over 120'000 cars on offer.,4.2,3.258096538021482,9.210440366976517,6.5,0.0,0,372,AUTO_AND_VEHICLES,Everyone
Chrome Canary (Unstable),4.3,9.992733930050322,13.815511557963774,,0.0,0,5,PRODUCTIVITY,Everyone
boattheory.ch Full 2018,4.7,4.007333185232471,6.90875477931522,50.0,19.4,1,264,FAMILY,Everyone
waut.ch!,4.5,2.3978952727983707,4.61512051684126,2.5,0.0,0,40,FAMILY,Everyone
search.ch,4.4,9.351405812254786,13.122365377402328,2.2,0.0,0,133,TRAVEL_AND_LOCAL,Everyone
homegate.ch,4.2,7.841492924460013,11.51293546492023,4.6,0.0,0,13,HOUSE_AND_HOME,Everyone
tutti.ch - Free Classifieds,4.4,9.205428327615163,13.122365377402328,15.0,0.0,0,22,SHOPPING,Everyone
autoricardo.ch – vehicles,3.3,6.952728644624869,11.51293546492023,13.0,0.0,0,149,LIFESTYLE,Everyone
Chrome Dev,4.4,11.060007048702303,15.424948670398354,,0.0,0,7,COMMUNICATION,Everyone
Legit Check App by Ch Daniel,4.9,4.204692619390966,6.90875477931522,8.1,0.0,0,22,LIFESTYLE,Everyone
Threema,4.5,10.841755017213652,13.815511557963774,,2.99,1,6,COMMUNICATION,Everyone
Battery HD Pro,4.7,9.790430830243832,11.51293546492023,,3.99,1,95,TOOLS,Everyone
DRAGON QUEST IV,4.7,7.4073177104694174,9.210440366976517,16.0,14.99,1,527,FAMILY,Everyone
swissinfo.ch,3.9,5.605802066295998,10.819798284210286,9.6,0.0,0,22,NEWS_AND_MAGAZINES,Everyone 10+
Automagic * Automation,4.7,7.5745584842024805,9.210440366976517,,3.9,1,82,TOOLS,Everyone
FlashLight HD LED Pro,4.7,8.502891406705377,10.819798284210286,,2.99,1,12,TOOLS,Everyone
CH Kadels,4.4,3.6109179126442243,6.90875477931522,10.0,0.0,0,136,BUSINESS,Everyone
Sermon on Proverbs CH Spurgeon,4.8,3.58351893845611,9.210440366976517,3.1,0.0,0,741,GAME,Everyone
Pixxy KWGT,4.8,4.110873864173311,6.90875477931522,78.0,0.99,1,11,PERSONALIZATION,Everyone
ricardo.ch,4.0,9.49046898877305,13.122365377402328,27.0,0.0,0,19,SHOPPING,Everyone
usgang.ch,3.7,6.20050917404269,11.51293546492023,,0.0,0,59,LIFESTYLE,Everyone 10+
"Startupticker.ch News, Events",5.0,1.6094379124341003,4.61512051684126,10.0,0.0,0,17,NEWS_AND_MAGAZINES,Everyone
ci,3.0,7.433666540166168,13.122365377402328,5.8,0.0,0,792,FAMILY,Everyone
Green Build - An unofficial Travis CI client,3.9,2.0794415416798357,4.61512051684126,3.2,0.0,0,64,TOOLS,Everyone
CI Remote for Go,4.6,3.044522437723423,4.61512051684126,,0.0,0,38,PRODUCTIVITY,Everyone
myNaida CI,4.6,4.174387269895637,8.517393171418904,57.0,0.0,0,30,MEDICAL,Everyone
CI MOBI,4.3,4.6913478822291435,8.517393171418904,42.0,0.0,0,306,FAMILY,Everyone
Paris ci la Sortie du Métro,4.2,6.118097198041348,9.210440366976517,36.0,2.99,1,129,MAPS_AND_NAVIGATION,Everyone
CI 174 Gray Icon Pack,5.0,0.6931471805599453,2.3978952727983707,46.0,0.99,1,80,PERSONALIZATION,Everyone
Pharmacy CI - Pharmacies de garde Côte d'Ivoire,4.5,8.61431990214696,11.51293546492023,3.2,0.0,0,37,HEALTH_AND_FITNESS,Everyone
IQ Test,4.2,7.392647520721623,11.51293546492023,1.8,0.0,0,156,PRODUCTIVITY,Everyone
Thistletown CI,1.0,0.6931471805599453,4.61512051684126,6.6,0.0,0,147,PRODUCTIVITY,Everyone
CI Dictionary,4.6,3.4657359027997265,6.90875477931522,3.2,0.0,0,1073,FAMILY,Everyone
C I Patel School,4.1,4.624972813284271,6.90875477931522,5.1,0.0,0,517,FAMILY,Everyone
CI Screwed - Icon Pack,4.7,2.995732273553991,6.90875477931522,6.4,0.0,0,770,PERSONALIZATION,Everyone
Pharmacie de Garde CI et Prix,4.4,7.8632667240095735,11.51293546492023,6.9,0.0,0,212,HEALTH_AND_FITNESS,Mature 17+
CI Capital - Dynamic,4.8,1.6094379124341003,3.9318256327243257,5.1,0.0,0,78,FINANCE,Everyone
Chicken Invaders 3,4.2,10.86649009983224,15.424948670398354,20.0,0.0,0,97,GAME,Everyone
Trovami se ci riesci,5.0,2.4849066497880004,2.3978952727983707,6.1,0.0,0,516,GAME,Everyone
CircleCI Viewer,4.6,2.833213344056216,6.90875477931522,3.2,0.0,0,351,PRODUCTIVITY,Everyone
SimCity BuildIt,4.5,15.255011032865678,17.72753358339242,100.0,0.0,0,51,FAMILY,Everyone 10+
Nur təfsiri 1-ci cild,5.0,2.772588722239781,6.90875477931522,1.4,0.0,0,469,LIBRARIES_AND_DEMO,Everyone
Test de Inteligencia CI,2.9,3.091042453358316,8.517393171418904,2.1,0.0,0,1186,FAMILY,Everyone
South Park: Phone Destroyer™,4.4,12.573614331971788,15.424948670398354,91.0,0.0,0,21,FAMILY,Mature 17+
CI On The Go,3.0,1.0986122886681098,4.61512051684126,14.0,0.0,0,22,NEWS_AND_MAGAZINES,Everyone
CJ SO COOL,4.5,4.983606621708336,9.210440366976517,14.0,0.0,0,29,FAMILY,Everyone
CJ Fitness,2.4,5.402677381872279,9.210440366976517,43.0,0.0,0,176,HEALTH_AND_FITNESS,Everyone
CJ: Strike Back,4.3,10.286400256173781,13.815511557963774,6.9,0.0,0,2183,GAME,Everyone
The Grand Wars: San Andreas,3.9,10.30865261563529,13.815511557963774,96.0,0.0,0,244,GAME,Teen
CJ Fallon eBook Reader,1.9,4.343805421853684,8.517393171418904,14.0,0.0,0,1638,FAMILY,Everyone
Grand Theft Auto: San Andreas,4.4,12.762721178372367,13.815511557963774,26.0,6.99,1,1237,GAME,Mature 17+
CJ Gospel Hour,5.0,2.0794415416798357,4.61512051684126,18.0,0.0,0,15,SOCIAL,Everyone
CJ's Tire & Automotive,4.0,1.791759469228055,6.90875477931522,34.0,0.0,0,10,AUTO_AND_VEHICLES,Everyone
CJ Camcorder,4.7,1.3862943611198906,6.2166061010848646,2.8,0.0,0,256,VIDEO_PLAYERS,Everyone
The Grand Way,3.9,7.59890045687141,13.122365377402328,92.0,0.0,0,37,GAME,Teen
CJ'S TIRE AND AUTO INC.,5.0,1.791759469228055,4.61512051684126,11.0,0.0,0,71,PRODUCTIVITY,Everyone
CJ Browser - Fast & Private,4.2,1.791759469228055,4.61512051684126,15.0,0.0,0,275,COMMUNICATION,Everyone
CJ WOW SHOP,4.2,7.649692623711514,11.51293546492023,4.0,0.0,0,229,SHOPPING,Everyone
Gold Teeth Photo Editor,2.8,6.930494765951626,11.51293546492023,3.8,0.0,0,715,PHOTOGRAPHY,Everyone
CJ VLC HD Remote (+ Stream),4.2,8.312626025674962,13.122365377402328,1.3,0.0,0,1730,VIDEO_PLAYERS,Everyone
CJ DVD Rentals,1.0,1.791759469228055,4.61512051684126,13.0,0.0,0,307,COMMUNICATION,Everyone
San Andreas City : Auto Theft Car gangster,3.9,6.828712071641684,11.51293546492023,67.0,0.0,0,23,GAME,Teen
Miami Crime Vice Town,4.1,11.948078816780217,16.118095750958314,99.0,0.0,0,457,GAME,Mature 17+
CJ Poker Odds Calculator,4.1,5.337538079701318,10.819798284210286,0.11328125,0.0,0,2748,GAME,Everyone
Commission Manager,3.2,2.5649493574615367,6.90875477931522,2.2,0.0,0,1232,PRODUCTIVITY,Everyone
The CJ Rubric,5.0,1.791759469228055,4.61512051684126,43.0,0.0,0,247,HEALTH_AND_FITNESS,Everyone
CJ's Coffee Cafe,5.0,1.9459101490553132,6.2166061010848646,2.4,0.0,0,353,TRAVEL_AND_LOCAL,Everyone
Gangster City Auto Theft,4.3,5.860786223465865,10.819798284210286,67.0,0.0,0,13,GAME,Everyone
China Town Auto Theft 2,4.1,5.8998973535824915,10.819798284210286,67.0,0.0,0,78,GAME,Everyone 10+
Codes for GTA San Andreas,3.8,9.426660697942268,13.815511557963774,13.0,0.0,0,370,FAMILY,Everyone
CJ Wilson's ZoomZoomnation,4.0,1.6094379124341003,6.2166061010848646,8.2,0.0,0,29,PRODUCTIVITY,Everyone
Grand Gangsters 3D,4.2,12.903321403111194,16.118095750958314,,0.0,0,22,GAME,Teen
Sir C J New Primary School,5.0,1.3862943611198906,4.61512051684126,9.2,0.0,0,15,FAMILY,Everyone
Gang Wars of San Andreas,4.1,9.200189020919808,13.815511557963774,63.0,0.0,0,175,GAME,Mature 17+
CJ the REALTOR,5.0,0.6931471805599453,2.3978952727983707,4.2,0.0,0,435,BUSINESS,Everyone
CJmall,3.7,9.812139513076822,16.118095750958314,10.0,0.0,0,3,SHOPPING,Everyone
Sin City Hero : Crime Simulator of Vegas,4.1,8.123261319121745,11.51293546492023,78.0,0.0,0,335,GAME,Teen
Courier Journal,3.5,5.541263545158426,9.210440366976517,38.0,0.0,0,50,NEWS_AND_MAGAZINES,Everyone 10+
FANDOM for: GTA,3.9,10.572316425444868,15.424948670398354,9.5,0.0,0,64,FAMILY,Mature 17+
San Andreas Crime City Gangster 3D,4.2,9.14889040965996,13.815511557963774,,0.0,0,37,FAMILY,Teen
Zombie Death Shooter,3.8,9.7626725558939,13.815511557963774,45.0,0.0,0,1097,GAME,Mature 17+
Project Grand Auto Town Sandbox Beta,3.7,8.972844314437573,13.122365377402328,28.0,0.0,0,181,GAME,Mature 17+
Credit Karma,4.7,13.468246902874853,16.118095750958314,,0.0,0,9,FINANCE,Everyone
Company Kitchen,2.8,4.406719247264253,9.210440366976517,7.7,0.0,0,156,LIFESTYLE,Everyone
Calvin Klein – US Store,4.7,5.402677381872279,10.819798284210286,9.5,0.0,0,373,SHOPPING,Teen
CK FFXIV Companion,4.3,7.21890970761906,11.51293546492023,5.2,0.0,0,28,FAMILY,Everyone
Can Knockdown,4.1,11.955365175869755,16.118095750958314,38.0,0.0,0,29,FAMILY,Everyone
Louis CK,4.7,5.501258210544727,9.210440366976517,25.0,0.0,0,302,FAMILY,Mature 17+
CK-12: Practice Math & Science,4.2,6.333279628139691,10.819798284210286,20.0,0.0,0,231,FAMILY,Everyone
CK 初一 十五,4.0,5.68697535633982,9.210440366976517,0.1494140625,0.0,0,1863,LIFESTYLE,Everyone
CK Eorzea Timepiece,3.2,2.1972245773362196,4.61512051684126,5.3,0.0,0,1161,PERSONALIZATION,Everyone
F*ck This Game,4.6,2.1972245773362196,4.61512051684126,6.3,0.99,1,1118,GAME,Teen
211:CK,5.0,2.1972245773362196,2.3978952727983707,38.0,0.99,1,120,GAME,Teen
CONTRACT KILLER: ZOMBIES (NR),4.4,12.238554356375415,15.424948670398354,13.0,0.0,0,1865,GAME,Mature 17+
ck-modelcars Shop,4.5,4.77912349311153,8.517393171418904,6.4,0.0,0,55,SHOPPING,Everyone
Brainf*ck Interpreter,4.0,3.2188758248682006,6.90875477931522,1.9,0.0,0,705,FAMILY,Mature 17+
ck-modelcars-UK Shop,4.6,4.248495242049359,8.517393171418904,6.4,0.0,0,55,SHOPPING,Everyone
CK Multimedia - Gaming Accessories,4.7,2.3978952727983707,6.2166061010848646,2.0,0.0,0,552,SHOPPING,Everyone
CK-12 Physics Simulations,4.1,3.4339872044851463,8.517393171418904,24.0,0.0,0,113,FAMILY,Everyone
CKZ ORIGINS,4.5,12.3005734069347,13.815511557963774,10.0,0.0,0,1746,GAME,Mature 17+
211:CK Lite,4.3,1.3862943611198906,2.3978952727983707,39.0,0.0,0,321,GAME,Mature 17+
USMLE Step 2 CK Flashcards,5.0,0.6931471805599453,2.3978952727983707,40.0,19.99,1,1536,FAMILY,Everyone
CK Employee Portal,5.0,2.0794415416798357,6.90875477931522,15.0,0.0,0,581,BUSINESS,Everyone
FML F*ck my life + widget,4.2,7.255591274253665,11.51293546492023,0.2041015625,0.0,0,3002,FAMILY,Everyone
USMLE Step 2 CK Cards Lite,4.0,3.367295829986474,8.517393171418904,1.5,0.0,0,1542,FAMILY,Everyone
Tic Tac CK,5.0,1.3862943611198906,2.3978952727983707,13.0,0.0,0,37,FAMILY,Everyone
CK Pharmacies,2.7,1.3862943611198906,4.61512051684126,9.4,0.0,0,42,HEALTH_AND_FITNESS,Everyone 10+
INFAMY RO,4.1,7.681560362559537,10.819798284210286,3.7,0.0,0,238,FAMILY,Everyone
CONTRACT KILLER: ZOMBIES,4.4,11.881353074975829,15.424948670398354,13.0,0.0,0,2443,GAME,Teen
FlexBook,4.3,4.653960350157523,9.210440366976517,12.0,0.0,0,80,FAMILY,Everyone
Can Knockdown 3,4.1,12.764270285511826,16.118095750958314,19.0,0.0,0,1079,GAME,Everyone
Fu*** Weather (Funny Weather),4.7,9.90358754753646,13.815511557963774,,0.0,0,14,WEATHER,Mature 17+
OB-GYN USMLE Stp2 CK 300 Q & A,4.4,3.5553480614894135,9.210440366976517,4.9,0.0,0,1181,MEDICAL,Everyone
Night Camera Blur Effect,3.6,4.61512051684126,9.210440366976517,2.5,0.0,0,4,PHOTOGRAPHY,Everyone
Camera V7 24 Megapixel,4.0,7.816416983691801,11.51293546492023,2.5,0.0,0,8,PHOTOGRAPHY,Everyone
CL Mobile Pro - Classifieds for Craigslist,4.1,7.161622002939187,11.51293546492023,18.0,0.0,0,31,SHOPPING,Mature 17+
cloudLibrary,4.0,9.28498391497195,11.51293546492023,35.0,0.0,0,42,BOOKS_AND_REFERENCE,Everyone
"CL Reader for Craigslist(For sale, jobs, rental..)",4.1,4.127134385045092,6.90875477931522,6.3,0.0,0,329,TOOLS,Everyone
CL Pro App for Craigslist,4.0,4.787491742782046,9.210440366976517,1.3,0.0,0,404,SHOPPING,Everyone
Castle Clash: Heroes of the Empire US,4.6,15.336967387031818,17.72753358339242,24.0,0.0,0,23,FAMILY,Everyone 10+
CL REPL,5.0,3.871201010907891,6.90875477931522,17.0,0.0,0,121,TOOLS,Everyone
CL Pro Client for Craigslist,3.6,3.8918202981106265,8.517393171418904,2.2,0.0,0,698,SHOPPING,Everyone
DAILY: Free Classifieds App for Android,4.1,8.522379718103538,13.122365377402328,,0.0,0,7,LIFESTYLE,Mature 17+
App for Craigslist Pro - Buy & Sell Postings,4.3,6.56244409369372,11.51293546492023,5.0,0.0,0,92,LIFESTYLE,Everyone
Pro App for Craigslist,4.1,8.633908991112198,13.122365377402328,4.6,0.0,0,92,SHOPPING,Teen
Car Search For Craigslist CL Free,2.6,1.791759469228055,6.90875477931522,9.0,0.0,0,93,AUTO_AND_VEHICLES,Everyone
CL Clock,2.7,2.0794415416798357,6.90875477931522,1.3,0.0,0,748,BUSINESS,Everyone
Old: CL-150,3.8,4.795790545596741,9.210440366976517,24.0,0.0,0,80,FAMILY,Everyone
CL Keyboard - Myanmar Keyboard (No Ads),5.0,3.2188758248682006,8.517393171418904,3.2,0.0,0,57,TOOLS,Everyone
Clash of Kings : The King Of Fighters version,4.2,14.619161902910704,17.72753358339242,97.0,0.0,0,8,FAMILY,Teen
CL Notifier,5.0,3.6109179126442243,4.61512051684126,3.2,0.0,0,372,TOOLS,Teen
Leica CL,2.6,2.1972245773362196,6.90875477931522,2.4,0.0,0,261,PHOTOGRAPHY,Everyone
cPro Marketplace: Buy. Sell. Rent. Date. Jobs.,4.4,12.862983654757793,16.118095750958314,8.4,0.0,0,4,SHOPPING,Mature 17+
Postings (Craigslist Search App),4.3,11.925670675375683,15.424948670398354,12.0,0.0,0,39,SHOPPING,Mature 17+
CL-Phlebotomist,4.7,2.995732273553991,4.61512051684126,7.3,0.0,0,54,MEDICAL,Everyone
New: CL-150,2.8,1.6094379124341003,6.2166061010848646,4.2,0.0,0,15,FAMILY,Everyone
Battle of Zombies: Clans War,4.1,13.09815264868927,16.118095750958314,58.0,0.0,0,267,FAMILY,Teen
CL Pebble Apps,3.6,4.219507705176107,8.517393171418904,0.4873046875,0.0,0,960,LIFESTYLE,Everyone
CL e-bank,4.0,5.351858133476067,9.210440366976517,3.7,0.0,0,10,FINANCE,Everyone
Color CL,5.0,1.0986122886681098,4.61512051684126,1.3,0.0,0,553,LIFESTYLE,Everyone
CL Strength,5.0,1.3862943611198906,3.9318256327243257,40.0,0.0,0,43,HEALTH_AND_FITNESS,Everyone
CL-App,4.7,1.9459101490553132,4.61512051684126,5.2,0.0,0,538,MEDICAL,Everyone
"Security Master - Antivirus, VPN, AppLock, Booster",4.7,17.030418521271088,20.030118658386467,,0.0,0,5,TOOLS,Everyone
CM Launcher 3D Pro💎,4.7,10.077566902136047,11.51293546492023,0.1689453125,4.99,1,630,PERSONALIZATION,Everyone
Clean Master Lite - For Low-End Phone,4.6,14.624830589640093,17.72753358339242,5.1,0.0,0,42,TOOLS,Everyone
"CM Security Open VPN - Free, fast unlimited proxy",4.6,11.356236566589965,13.815511557963774,5.8,0.0,0,176,TOOLS,Everyone
CM Security Lite - Antivirus,4.6,12.47639363269488,16.118095750958314,1.2,0.0,0,217,TOOLS,Everyone
CM Transfer - Share any files with friends nearby,4.6,11.180817690214102,15.424948670398354,5.8,0.0,0,43,COMMUNICATION,Everyone
CM Apps,3.8,8.114324709155339,11.51293546492023,1.9,0.0,0,844,TOOLS,Everyone
CM AppLock,4.1,6.738152494595957,11.51293546492023,3.6,0.0,0,896,TOOLS,Everyone
"Ruler(cm, inch)",3.4,7.969011781106478,13.122365377402328,2.5,0.0,0,743,TOOLS,Everyone
AppLock - Fingerprint Unlock,4.5,11.630557378097066,15.424948670398354,2.1,0.0,0,30,TOOLS,Everyone
CM Launcher Default Theme,4.5,8.29154650988391,11.51293546492023,1.1,0.0,0,1063,PERSONALIZATION,Everyone
Battery Doctor-Battery Life Saver & Battery Cooler,4.5,15.91843361329648,18.420680753952364,17.0,0.0,0,69,TOOLS,Everyone
Inch/cm/Foot Conversion,4.0,5.768320995793772,11.51293546492023,2.1,0.0,0,354,PRODUCTIVITY,Everyone
"Speed Booster - Ram, Battery & Game Speed Booster",4.7,11.351347269314173,13.815511557963774,2.8,0.0,0,23,TOOLS,Everyone
CM FILE MANAGER,4.4,13.768199848861293,17.72753358339242,,0.0,0,4,TOOLS,Everyone
Technology CM Locker Theme,4.4,9.219696466900208,13.815511557963774,5.5,0.0,0,895,PERSONALIZATION,Everyone
Swift Dark CM / CM13 Theme,4.7,7.313886831633462,9.210440366976517,41.0,1.99,1,581,PERSONALIZATION,Everyone
Melior NUI - Material CM Theme,4.7,7.535830462798367,11.51293546492023,14.0,0.0,0,640,PERSONALIZATION,Everyone
Height Converter feet-inch cm,4.2,6.212606095751519,11.51293546492023,0.5830078125,0.0,0,1752,TOOLS,Everyone
CM Secure Browser (Authorized),4.2,7.045776576879511,11.51293546492023,2.7,0.0,0,311,TOOLS,Everyone
📏 Smart Ruler ↔️ cm/inch measuring for homework!,4.0,2.995732273553991,9.210440366976517,3.2,0.0,0,292,TOOLS,Everyone
Ruler cm,3.6,6.495265555937008,11.51293546492023,0.7900390625,0.0,0,1429,TOOLS,Everyone
"Length Converter: convert mm,cm,m, feet,yard,mile",4.7,4.343805421853684,10.819798284210286,2.2,0.0,0,126,TOOLS,Everyone
CM AppLock Fingerprint 2018,4.4,7.142827401161621,11.51293546492023,8.2,0.0,0,3,TOOLS,Everyone
"m, cm, mm to yard, feet, inch converter tool",4.3,5.5093883366279774,11.51293546492023,2.8,0.0,0,184,TOOLS,Everyone
Speed Car CM Locker Theme,4.4,8.925321416943886,13.122365377402328,4.0,0.0,0,926,PERSONALIZATION,Everyone
Calculator CM,4.4,2.1972245773362196,6.2166061010848646,1.8,0.0,0,1249,TOOLS,Everyone
Inches to cm conversion,4.4,3.4011973816621555,9.210440366976517,0.068359375,0.0,0,1303,TOOLS,Everyone
Vintage Flower CM Locker Theme,4.3,7.976251943745623,13.122365377402328,2.3,0.0,0,928,PERSONALIZATION,Everyone
Centimeter Ruler,3.3,2.833213344056216,9.210440366976517,1.3,0.0,0,642,TOOLS,Everyone
CM S Pen Add-on(ROOT),3.6,5.924255797414532,9.210440366976517,0.119140625,0.0,0,531,TOOLS,Everyone
Ruler,4.5,10.21027347878698,13.815511557963774,4.1,0.0,0,34,TOOLS,Everyone
My Style CM 13 Theme,4.5,5.752572638825633,9.210440366976517,11.0,0.0,0,700,PERSONALIZATION,Everyone
"Ruler & Area Measurement (cm, inch)",4.3,2.3978952727983707,9.210440366976517,8.2,0.0,0,377,TOOLS,Everyone
Inches to Centimeters,3.6,6.856461984594587,11.51293546492023,0.4013671875,0.0,0,118,TOOLS,Everyone
"cm, mm to inch, feet converter tool",4.3,5.176149732573829,11.51293546492023,2.3,0.0,0,681,PRODUCTIVITY,Everyone
City light CM Locker Theme,4.4,8.743850562030243,13.122365377402328,5.7,0.0,0,897,PERSONALIZATION,Everyone
Speed Test - WiFi / Cellular speed test,4.1,10.095222992690658,13.815511557963774,,0.0,0,408,TOOLS,Everyone
CM FILE MANAGER Pro,4.2,7.7664168980196555,9.210440366976517,2.7,2.99,1,905,BUSINESS,Everyone
cm to inches | centimeters to inches conversion,4.8,3.970291913552122,8.517393171418904,1.9,0.0,0,94,TOOLS,Everyone
OMEGA Black UI Theme - CM 12+,4.2,2.5649493574615367,4.61512051684126,19.0,0.99,1,1085,PERSONALIZATION,Everyone
CN Summer Challenge,3.7,6.893656354602635,11.51293546492023,49.0,0.0,0,77,FAMILY,Everyone
Teen Titans GO Figure!,4.5,7.593877844605118,9.210440366976517,28.0,3.99,1,22,FAMILY,Everyone 10+
CN Superstar Soccer: Goal!!!,4.1,8.259458195332408,11.51293546492023,41.0,2.99,1,77,FAMILY,Everyone
Teeny Titans - Teen Titans Go!,4.6,9.926422523818625,11.51293546492023,25.0,3.99,1,22,FAMILY,Everyone 10+
CN Sayin' - Cartoon Network,4.5,4.454347296253507,9.210440366976517,25.0,0.0,0,135,FAMILY,Everyone
Cartoon Network Match Land,4.7,9.997888227957612,13.815511557963774,38.0,0.0,0,31,FAMILY,Everyone
Card Wars Kingdom,4.3,13.73275049495596,16.118095750958314,28.0,0.0,0,569,FAMILY,Everyone 10+
Wrecker's Revenge - Gumball,4.3,7.724888439323074,11.51293546492023,55.0,0.0,0,322,FAMILY,Everyone
Super Slime Blitz - Gumball,4.6,8.593413217327646,13.122365377402328,58.0,0.0,0,77,FAMILY,Everyone
Blamburger - Clarence,4.1,10.323677056042674,13.815511557963774,27.0,0.0,0,1018,FAMILY,Everyone 10+
Free Fur All – We Bare Bears,4.2,12.456508354517005,16.118095750958314,25.0,0.0,0,1036,FAMILY,Everyone
Sky Streaker - Gumball,4.3,10.532469475620287,15.424948670398354,31.0,0.0,0,976,GAME,Everyone
Just A Regular Arcade,4.2,10.617613139481264,13.815511557963774,94.0,0.0,0,944,GAME,Everyone
Soundtrack Attack,4.3,11.472582522352951,15.424948670398354,25.0,0.0,0,744,FAMILY,Everyone
[adult swim],3.6,9.972733725272942,13.815511557963774,21.0,0.0,0,72,FAMILY,Mature 17+
Ben 10: Alien Experience,4.2,11.31454769430125,16.118095750958314,45.0,0.0,0,289,FAMILY,Everyone 10+
MagiMobile – Mighty Magiswords,4.2,11.695546976773182,15.424948670398354,45.0,0.0,0,217,FAMILY,Everyone
Dreamland Arcade - Steven Universe,4.0,8.76201995356159,13.122365377402328,24.0,0.0,0,263,GAME,Everyone
Surely You Quest - Magiswords,4.6,10.67625427432424,13.815511557963774,83.0,0.0,0,415,FAMILY,Everyone 10+
Adventure Time Run,4.3,10.111679889397125,13.815511557963774,88.0,0.0,0,14,GAME,Everyone
Glitch Fixers: Powerpuff Girls,4.4,10.589081277441158,15.424948670398354,51.0,0.0,0,616,GAME,Everyone
StirFry Stunts - We Bare Bears,4.5,11.707949338007067,16.118095750958314,63.0,0.0,0,868,GAME,Everyone
Burrito Bash – We Bare Bears,4.3,9.285169512596832,13.815511557963774,21.0,0.0,0,287,FAMILY,Everyone
LEGO® TV,3.7,9.755625391793744,13.815511557963774,7.2,0.0,0,5,FAMILY,Everyone 10+
Boomerang,4.2,9.511925349596956,13.815511557963774,51.0,0.0,0,13,FAMILY,Everyone
We Bare Bears Match3 Repairs,4.7,10.575257867336488,13.815511557963774,98.0,0.0,0,15,FAMILY,Everyone
Champions and Challengers - Adventure Time,4.6,10.858498872521881,13.815511557963774,27.0,0.0,0,7,FAMILY,Everyone
Ski Safari: Adventure Time,4.5,10.794563035269219,11.51293546492023,9.3,0.99,1,1402,FAMILY,Everyone
Block Survival Craft:The Story,4.1,8.860357273327022,13.122365377402328,87.0,0.0,0,301,FAMILY,Everyone 10+
"What's Up, Snoopy? - Peanuts",4.5,6.651571873589727,11.51293546492023,55.0,0.0,0,352,FAMILY,Everyone
DisneyNOW – TV Shows & Games,4.3,11.320553572322773,15.424948670398354,,0.0,0,35,FAMILY,Everyone
Rockstars of Ooo,3.4,6.466144724237619,9.210440366976517,26.0,1.99,1,1094,FAMILY,Everyone 10+
Pokémon TV,4.2,11.673870156004599,15.424948670398354,,0.0,0,41,FAMILY,Everyone
Angelo Rules - Crazy day,3.9,11.593002018224842,13.815511557963774,62.0,0.0,0,773,GAME,Everyone
Flipped Out! - Powerpuff Girls,4.4,6.023447592961033,9.210440366976517,22.0,2.99,1,770,FAMILY,Everyone 10+
Adventure Time Game Wizard,4.1,8.32069157104845,10.819798284210286,40.0,4.99,1,1120,GAME,Everyone
Best Park in the Universe,4.3,8.270013062273787,9.210440366976517,5.5,2.99,1,1429,GAME,Everyone 10+
Formula Cartoon All Stars,3.9,7.101675971619444,9.210440366976517,18.0,2.99,1,1141,FAMILY,Everyone
Multicraft Miner Exploration,4.0,9.586308009295324,13.815511557963774,74.0,0.0,0,230,GAME,Everyone 10+
CN Resident,5.0,0.6931471805599453,4.61512051684126,64.0,0.0,0,444,FAMILY,Everyone
Little Lovely Dentist,4.2,9.786223132375477,13.815511557963774,16.0,0.0,0,87,FAMILY,Everyone
Foods Co,4.3,5.298317366548036,9.210440366976517,25.0,0.0,0,7,SHOPPING,Everyone
AND CO,4.5,5.170483995038151,9.210440366976517,12.0,0.0,0,6,FINANCE,Everyone
Tetrobot and Co.,4.5,6.565264970035361,8.517393171418904,18.0,2.99,1,1207,FAMILY,Everyone
Dots & Co: A Puzzle Adventure,4.5,11.302229124707774,13.815511557963774,85.0,0.0,0,104,FAMILY,Everyone
AppClose - The #1 FREE Co-Parenting App,3.5,5.075173815233827,9.210440366976517,85.0,0.0,0,9,PARENTING,Everyone
Co-op CRS,3.6,6.366470447731438,11.51293546492023,26.0,0.0,0,158,LIFESTYLE,Everyone
Co Checker,1.9,2.5649493574615367,6.90875477931522,2.0,0.0,0,293,TOOLS,Everyone
VCalendar - VenkatRama and Co,4.3,4.477336814478207,9.210440366976517,3.9,0.0,0,146,LIFESTYLE,Everyone
Feeder.co,3.2,4.356708826689592,8.517393171418904,11.0,0.0,0,150,NEWS_AND_MAGAZINES,Everyone
Co-op Connections,1.6,2.1972245773362196,6.90875477931522,18.0,0.0,0,98,SHOPPING,Everyone
mail.co.uk Mail,4.2,3.091042453358316,8.517393171418904,8.7,0.0,0,16,COMMUNICATION,Everyone
Aquarium Co-Op Podcast,4.9,5.332718793265369,6.90875477931522,3.9,0.0,0,415,LIFESTYLE,Everyone
MobileBiz Co - Cloud Invoice,4.4,5.924255797414532,9.210440366976517,4.0,0.0,0,174,BUSINESS,Everyone
Supermarket Cashier Kids Games,3.6,10.386438255536065,13.815511557963774,,0.0,0,395,FAMILY,Everyone
Co-op Taxi,3.4,5.1298987149230735,9.210440366976517,53.0,0.0,0,100,MAPS_AND_NAVIGATION,Everyone
Them Bombs: co-op board game play with 2-4 friends,4.7,8.99205997632796,11.51293546492023,52.0,0.0,0,28,GAME,Teen
REI Co-op Mastercard,2.9,5.771441123130016,9.210440366976517,23.0,0.0,0,56,FINANCE,Everyone
Websites.co.in Instant Website,4.3,5.793013608384144,9.210440366976517,13.0,0.0,0,45,BUSINESS,Everyone
Co-op Credit Union on the Go,4.4,1.791759469228055,6.90875477931522,30.0,0.0,0,106,FINANCE,Everyone
Hashtags For Likes.co,4.3,6.042632833682381,10.819798284210286,18.0,0.0,0,598,SOCIAL,Everyone
Chinese Chess ( Xiangqi Free ),4.6,6.871091294610546,10.819798284210286,4.1,0.0,0,478,GAME,Everyone
Krypton by krypt.co,4.6,3.6635616461296463,6.90875477931522,13.0,0.0,0,23,PRODUCTIVITY,Everyone
Chinese Chess / Co Tuong,4.2,8.846209127360996,13.122365377402328,20.0,0.0,0,288,GAME,Everyone
Fayr - Co-Parenting Simplified,3.5,2.833213344056216,6.90875477931522,21.0,0.0,0,20,PRODUCTIVITY,Everyone
Sprig by CO-OP,2.9,5.53338948872752,9.210440366976517,18.0,0.0,0,302,FINANCE,Everyone
Good&Co: Career match tests,4.4,10.187650941676283,13.815511557963774,41.0,0.0,0,16,BUSINESS,Everyone
Central Bank and Trust Co.,4.7,4.189654742026425,8.517393171418904,12.0,0.0,0,58,FINANCE,Everyone
Soo Co-op Mobile Banking,4.5,5.075173815233827,6.90875477931522,14.0,0.0,0,331,FINANCE,Everyone
Co-Optima Mobile,4.4,5.389071729816501,9.210440366976517,,0.0,0,427,FINANCE,Everyone
SharedCare™ Co-parenting,2.0,3.1780538303479458,4.61512051684126,,4.59,1,781,PARENTING,Everyone
Holl & Co Barbers,4.7,2.5649493574615367,6.2166061010848646,6.0,0.0,0,164,LIFESTYLE,Everyone
Call of Mini™ Zombies 2,4.4,12.422868090184204,15.424948670398354,17.0,0.0,0,1276,GAME,Teen
Grenada Co-operative Bank,4.4,4.927253685157205,9.210440366976517,0.390625,0.0,0,1870,FINANCE,Everyone
Dungeon Legends - PvP Action MMO RPG Co-op Games,4.4,11.534843500271158,13.815511557963774,42.0,0.0,0,45,FAMILY,Teen
Permit Test CO Colorado DMV,4.5,3.7376696182833684,6.90875477931522,11.0,0.0,0,420,FAMILY,Everyone
"Chinese Chess 3D Online (Xiangqi, 象棋, co tuong)",3.5,3.1780538303479458,6.90875477931522,37.0,0.99,1,225,GAME,Everyone
2-Player Co-op Zombie Shoot,4.2,3.5263605246161616,6.90875477931522,13.0,0.0,0,39,GAME,Teen
Camping and Co - Camping in Europe,3.7,2.995732273553991,6.90875477931522,6.5,0.0,0,114,TRAVEL_AND_LOCAL,Everyone
Remote | Fire TV | Android TV | KODI | CetusPlay,4.4,9.674828820533808,13.815511557963774,16.0,0.0,0,40,TOOLS,Everyone
Comboios de Portugal,3.4,7.045776576879511,11.51293546492023,19.0,0.0,0,73,MAPS_AND_NAVIGATION,Everyone
CP Dialer,4.3,4.174387269895637,10.819798284210286,3.3,0.0,0,140,SOCIAL,Teen
CP Federal Mobile,3.6,5.198497031265826,9.210440366976517,35.0,0.0,0,307,FINANCE,Everyone
Cestovné poriadky CP,4.6,7.894318063841624,11.51293546492023,6.3,0.0,0,318,MAPS_AND_NAVIGATION,Everyone
CP Channel,4.6,2.0794415416798357,6.2166061010848646,12.0,0.0,0,141,FAMILY,Everyone 10+
CP Clicker,4.2,5.529429087511423,9.210440366976517,5.0,0.0,0,140,LIFESTYLE,Everyone
Evolution CP & IV Calculator for pokemon,4.3,9.155461710466193,13.122365377402328,43.0,0.0,0,32,FAMILY,Everyone
CP Creepypasta,3.8,4.859812404361672,9.210440366976517,2.9,0.0,0,759,FAMILY,Teen
Hercules CP Mobile,1.4,3.044522437723423,6.90875477931522,4.1,0.0,0,34,TOOLS,Everyone
Cerebral Palsy,4.4,3.6635616461296463,6.90875477931522,8.5,0.0,0,1471,MEDICAL,Everyone
CP RACING 2 FREE,4.0,8.435549202375727,11.51293546492023,19.0,0.0,0,150,FAMILY,Everyone
CP ToolBox,4.6,4.2626798770413155,6.90875477931522,14.0,0.0,0,1275,BUSINESS,Everyone
"Talking Pictures: Autism, CP",3.9,3.1354942159291497,8.517393171418904,0.7822265625,0.0,0,521,MEDICAL,Everyone
CP HAPPS - Pittsburgh Events,3.8,4.454347296253507,8.517393171418904,5.6,0.0,0,1252,LIFESTYLE,Teen
Poke Genie - Safe IV Calculator,4.7,11.439913814712904,13.815511557963774,36.0,0.0,0,13,TOOLS,Everyone
IV Calc CP Calculator Toolkit,4.2,5.493061443340548,9.210440366976517,3.2,0.0,0,672,TOOLS,Everyone
CP Plus Showcase,4.3,5.4680601411351315,10.819798284210286,7.0,0.0,0,153,BUSINESS,Everyone
CP Calculator,4.1,5.236441962829949,9.210440366976517,2.9,0.0,0,695,FAMILY,Everyone
iTooch Mathématiques CP,4.3,6.926577033222725,11.51293546492023,35.0,0.0,0,407,FAMILY,Everyone
gCMOB,4.2,8.979164648964709,13.815511557963774,21.0,0.0,0,213,TOOLS,Everyone
Evolution CP,3.6,2.6390573296152584,6.2166061010848646,4.7,0.0,0,704,FAMILY,Everyone
IV Go（get IV for Pokemon）,4.6,11.792698846003967,13.815511557963774,20.0,0.0,0,9,GAME,Everyone
Ditto CP Calculator GO,4.3,3.5553480614894135,6.90875477931522,12.0,0.0,0,165,TOOLS,Everyone
Foothills CP,5.0,1.6094379124341003,4.61512051684126,7.8,0.0,0,45,FAMILY,Teen
CP Installer App,5.0,1.6094379124341003,4.61512051684126,24.0,0.0,0,16,BUSINESS,Everyone
CP Trivia,5.0,1.791759469228055,4.61512051684126,12.0,0.0,0,3,GAME,Everyone
CP Ready,4.5,4.04305126783455,6.90875477931522,,0.0,0,157,BUSINESS,Everyone
CP Surprise,3.8,7.8434564043761155,11.51293546492023,4.9,0.0,0,191,LIFESTYLE,Everyone
Evolve CP Calc. for PokemonGo,3.9,4.762173934797756,9.210440366976517,3.3,0.0,0,599,TOOLS,Everyone
ClanPlay: Community and Tools for Gamers,4.8,10.447090095816057,13.815511557963774,27.0,0.0,0,42,COMMUNICATION,Teen
CP Calculator - Poke Go Calc,4.1,2.0794415416798357,6.2166061010848646,22.0,0.0,0,691,FAMILY,Everyone
Contents Provider(C.P.)Explorer,4.0,0.6931471805599453,4.61512051684126,1.2,0.0,0,50,TOOLS,Everyone
Cp Calculator for Evolution:GO,4.8,4.8283137373023015,6.2166061010848646,2.5,0.0,0,716,FAMILY,Everyone
Calcy IV,4.8,10.506655319476549,13.815511557963774,14.0,0.0,0,6,TOOLS,Everyone
CP Brown English-Telugu Dictionary,4.4,2.1972245773362196,6.2166061010848646,6.8,0.0,0,272,FAMILY,Everyone
CP evolution calculator Pokemo,4.1,4.3694478524670215,9.210440366976517,0.7685546875,0.0,0,529,FAMILY,Everyone
Crusaders Quest,4.4,13.071114292565838,15.424948670398354,69.0,0.0,0,14,FAMILY,Everyone 10+
CQ Hotels,4.3,2.772588722239781,9.210440366976517,14.0,0.0,0,34,TRAVEL_AND_LOCAL,Everyone
CQ,3.7,2.0794415416798357,6.90875477931522,3.4,0.0,0,83,NEWS_AND_MAGAZINES,Everyone 10+
Curio Quest,4.3,10.987882586632649,13.815511557963774,50.0,0.0,0,133,FAMILY,Everyone 10+
Sabbath School 4,4.3,7.962763930168115,11.51293546492023,18.0,0.0,0,1189,FAMILY,Everyone
CQ Mobile,2.7,3.6109179126442243,6.90875477931522,18.0,0.0,0,30,FINANCE,Everyone
Cardinal Quest 2,4.4,9.86308213790109,11.51293546492023,36.0,0.0,0,689,FAMILY,Everyone
SDA Collegiate Quarterly,4.5,2.1972245773362196,6.2166061010848646,5.1,0.0,0,27,BOOKS_AND_REFERENCE,Everyone
CQ: Lost In Transmission,4.2,1.6094379124341003,2.3978952727983707,61.0,0.0,0,88,GAME,Everyone
Roll Call News,3.7,3.2188758248682006,8.517393171418904,10.0,0.0,0,959,NEWS_AND_MAGAZINES,Everyone
CQ ESPM,5.0,1.0986122886681098,1.791759469228055,3.4,0.0,0,432,BUSINESS,Everyone
QRZ Assistant,4.2,6.951772164398911,11.51293546492023,3.5,0.0,0,71,COMMUNICATION,Everyone
Palavras la cq,3.9,6.664409020350408,11.51293546492023,3.4,0.0,0,1391,GAME,Everyone
Pocket Prefix Plus,4.5,5.262690188904886,9.210440366976517,15.0,0.0,0,178,COMMUNICATION,Everyone
10 WPM Amateur ham radio CW Morse code trainer,3.5,2.3978952727983707,4.61512051684126,3.8,1.49,1,89,COMMUNICATION,Everyone
Sabbath School,4.7,10.248423867569471,11.51293546492023,10.0,0.0,0,109,BOOKS_AND_REFERENCE,Everyone
Gunship Modern Combat 3D,4.2,8.085794701281568,13.122365377402328,26.0,0.0,0,380,GAME,Teen
Gun Simulator - Gun Games,4.4,4.90527477843843,9.210440366976517,,0.0,0,166,FAMILY,Teen
ClanManagerTT2,4.7,4.02535169073515,6.90875477931522,3.3,0.0,0,16,FAMILY,Everyone
Christian Questions Podcast,4.6,5.407171771460119,9.210440366976517,15.0,0.0,0,134,FAMILY,Everyone
Sniper Killer Shooter,4.0,11.689974814739761,16.118095750958314,19.0,0.0,0,534,GAME,Teen
QST,2.5,6.561030665896573,9.210440366976517,,0.0,0,148,FAMILY,Everyone
Snowboard Racing Free Fun Game,3.8,8.423541635334782,11.51293546492023,43.0,0.0,0,652,GAME,Everyone
theCut,4.7,6.214608098422191,10.819798284210286,6.9,0.0,0,91,LIFESTYLE,Everyone
الفاتحون Conquerors,4.5,11.591098734024074,15.424948670398354,40.0,0.0,0,6,FAMILY,Teen
Toughest Game Ever 2,4.6,12.588224772252358,15.424948670398354,,0.0,0,1022,GAME,Everyone
RIDE ZERO,4.6,9.080117784926209,11.51293546492023,36.0,0.0,0,219,GAME,Teen
CricQuick,5.0,2.8903717578961645,3.9318256327243257,1.5,0.0,0,244,SPORTS,Everyone
Next Island: Dino Village,3.9,3.4011973816621555,6.90875477931522,37.0,0.0,0,97,FAMILY,Everyone 10+
iReadMe,5.0,2.1972245773362196,4.61512051684126,22.0,0.0,0,156,PRODUCTIVITY,Everyone
Webmail web mobile app,2.3,5.981414211254481,11.51293546492023,2.6,0.0,0,4,TOOLS,Everyone
Traffic Info and Traffic Alert,3.6,6.54534966033442,11.51293546492023,2.9,0.0,0,193,MAPS_AND_NAVIGATION,Everyone
Color Quartets,4.0,3.7612001156935624,6.90875477931522,12.0,0.0,0,632,FAMILY,Everyone
Ham Radio Prefixes,3.7,5.389071729816501,9.210440366976517,3.7,0.0,0,1489,COMMUNICATION,Everyone
Battle Result Predictor for CR,4.2,8.862766742283796,13.815511557963774,17.0,0.0,0,551,TOOLS,Everyone
Deck Advisor for CR,4.1,10.544709660231154,15.424948670398354,23.0,0.0,0,553,TOOLS,Everyone
Card Creator for CR,4.4,11.677176393691026,16.118095750958314,17.0,0.0,0,82,TOOLS,Everyone
CR & CoC Private Server - Clash Barbarians PRO,4.6,12.03157043778835,13.122365377402328,5.0,0.0,0,13,FAMILY,Everyone
Deck Analyzer for CR,4.2,7.875119281040293,11.51293546492023,18.0,0.0,0,553,TOOLS,Everyone
Chest Simulator for Clash Royale,4.4,8.467372496432281,11.51293546492023,33.0,0.0,0,21,FAMILY,Everyone
Clash Soundboard For CR & COC,4.3,2.6390573296152584,6.2166061010848646,26.0,0.0,0,218,FAMILY,Everyone
Quiz for Clash Royale™,4.0,8.239857411018601,11.51293546492023,32.0,0.0,0,22,FAMILY,Everyone
CR Blue Icon Pack,4.5,5.780743515792329,9.210440366976517,38.0,0.0,0,1344,PERSONALIZATION,Everyone
Chest Calculator for CR,3.9,9.59933728737704,13.815511557963774,21.0,0.0,0,18,FAMILY,Everyone 10+
Ultimate Calculator for CR,3.7,8.907883013942248,13.122365377402328,41.0,0.0,0,512,PRODUCTIVITY,Everyone
DCUO|CR Calculator Pro,4.6,4.418840607796598,6.2166061010848646,1.7,0.99,1,360,TOOLS,Everyone
Stats CR Clan for Clash Royale,3.8,2.833213344056216,4.61512051684126,9.9,0.0,0,15,FAMILY,Everyone
Ultimate Clash Royale Tracker,4.7,11.429663414101217,13.815511557963774,5.9,0.0,0,36,FAMILY,Everyone
Deck Simulator for CR,3.4,5.313205979041787,9.210440366976517,12.0,0.0,0,419,TOOLS,Everyone
Stats Royale for Clash Royale,4.5,11.130595659914183,13.815511557963774,16.0,0.0,0,3,BOOKS_AND_REFERENCE,Everyone
Counter Deck Calculator for CR,4.1,8.145259566516865,13.122365377402328,19.0,0.0,0,551,TOOLS,Everyone
CR Calculator,4.3,5.697093486505405,10.819798284210286,2.8,0.0,0,194,TOOLS,Everyone
Servidor Privado de CR y CoC - Light Royale,4.6,8.041412909393047,9.210440366976517,3.6,0.0,0,84,FAMILY,Everyone
Helper for Clash Royale (All-in-1),4.3,8.712595487748722,13.122365377402328,37.0,0.0,0,272,FAMILY,Everyone
"CR Fans: Mazos, Clanes y Grupos",4.3,5.393627546352362,8.517393171418904,4.3,0.0,0,231,FAMILY,Everyone
DCUO|CR Calculator Lite,4.0,5.209486152841421,9.210440366976517,1.7,0.0,0,360,TOOLS,Everyone
CR Best Decks,3.5,3.5553480614894135,6.90875477931522,30.0,0.0,0,400,FAMILY,Everyone
CR Family,2.3,2.3978952727983707,6.90875477931522,5.2,0.0,0,547,FAMILY,Everyone
JavaScript Editor CR,3.9,4.74493212836325,8.517393171418904,18.0,0.0,0,146,TOOLS,Everyone
Jetting for Honda CR dirt bike,4.1,2.0794415416798357,4.61512051684126,3.4,3.49,1,848,SPORTS,Everyone
CR-Red,4.5,6.331501849893691,9.210440366976517,41.0,0.0,0,1344,PERSONALIZATION,Everyone
Deck Shop for Clash Royale,4.6,7.681560362559537,11.51293546492023,13.0,0.0,0,3,FAMILY,Everyone
Royale Tournaments,4.4,7.791935956938058,10.819798284210286,6.7,0.0,0,12,FAMILY,Teen
Deck Builder & Analyzer for CR,3.1,3.970291913552122,8.517393171418904,9.8,0.0,0,462,FAMILY,Everyone
Chest Tracker for Clash Royale,4.3,11.26084216975831,15.424948670398354,14.0,0.0,0,588,TOOLS,Everyone
Jeppesen CR Flight Computer,3.3,1.3862943611198906,4.61512051684126,26.0,9.99,1,673,MAPS_AND_NAVIGATION,Everyone
Cr Aviation Academy,5.0,2.0794415416798357,4.61512051684126,22.0,0.0,0,365,FAMILY,Everyone
CR-V Service Manual,4.2,2.5649493574615367,6.2166061010848646,88.0,0.0,0,171,AUTO_AND_VEHICLES,Everyone
Java Editor CR,3.8,6.075346031088684,10.819798284210286,18.0,0.0,0,146,TOOLS,Everyone
XML Editor CR,3.3,3.871201010907891,8.517393171418904,18.0,0.0,0,146,TOOLS,Everyone
CR Tracker for Chests,5.0,1.9459101490553132,3.9318256327243257,4.5,0.0,0,65,TOOLS,Everyone
CR Magazine,1.0,0.6931471805599453,4.61512051684126,7.8,0.0,0,1478,BUSINESS,Everyone
Ultimate Chest Tracker,4.5,10.604826092122362,13.815511557963774,23.0,0.0,0,661,PRODUCTIVITY,Everyone
CamScanner - Phone PDF Creator,4.6,14.222722805601594,18.420680753952364,,0.0,0,37,PRODUCTIVITY,Everyone
Critical Strike CS: Counter Terrorist Online FPS,4.3,10.03337481337055,13.815511557963774,,0.0,0,6,GAME,Mature 17+
CamScanner (License),4.4,10.179565051629774,13.122365377402328,0.048828125,1.99,1,1665,PRODUCTIVITY,Everyone
Assault Line CS Online Fps Go,4.1,10.862147880776792,13.815511557963774,70.0,0.0,0,757,GAME,Mature 17+
Standoff 2,4.5,12.608356030655122,16.118095750958314,47.0,0.0,0,28,GAME,Mature 17+
Counter Online FPS Game,4.2,10.623520061877455,15.424948670398354,42.0,0.0,0,15,GAME,Teen
CS Customizer,3.7,3.258096538021482,6.90875477931522,3.7,0.0,0,549,COMMUNICATION,Everyone
Combat Strike CS 🔫 Counter Terrorist Attack FPS💣,4.1,6.927557906278317,11.51293546492023,39.0,0.0,0,17,GAME,Teen
CS-Touch,3.9,5.823045895483019,9.210440366976517,22.0,0.0,0,90,FAMILY,Everyone
Ultimate Quiz for CS:GO - Skins | Cases | Players,4.5,7.834788107388194,11.51293546492023,22.0,0.0,0,176,GAME,Everyone
Аim Training for CS,3.6,7.753194269884341,11.51293546492023,12.0,0.0,0,1384,GAME,Everyone
Sniper Traning for CS GO,3.2,6.486160788944089,10.819798284210286,14.0,0.0,0,813,GAME,Teen
NetClient CS,3.5,4.836281906951478,9.210440366976517,4.3,0.0,0,216,BUSINESS,Everyone
CS Guns Shoot,3.7,6.073044534100405,10.819798284210286,,0.0,0,1834,FAMILY,Teen
Asiimov Skin - CS GO Icon Pack,4.6,3.295836866004329,4.61512051684126,8.5,2.49,1,249,PERSONALIZATION,Everyone
CS Interview Questions (TechQ),4.8,3.5263605246161616,8.517393171418904,6.7,0.0,0,559,FAMILY,Everyone
Your rank CS:GO,4.1,8.506536611227709,11.51293546492023,7.5,0.0,0,389,GAME,Teen
Guide for CS:GO,4.4,9.70868847423106,13.122365377402328,88.0,0.0,0,390,FAMILY,Everyone
CS Interview FAQs,4.3,4.605170185988092,9.210440366976517,1.1,0.0,0,2005,FAMILY,Everyone
Mobile CS,4.0,2.6390573296152584,6.90875477931522,5.7,0.0,0,307,BUSINESS,Everyone
Mobile CS:GO,3.1,6.923628628138427,11.51293546492023,0.6279296875,0.0,0,1002,GAME,Everyone
Counter Terrorist Gun Strike CS: Special Forces,4.2,5.356586274672012,9.210440366976517,44.0,0.0,0,356,GAME,Teen
C.S. Lewis Daily Quotes,4.1,4.330733340286331,9.210440366976517,11.0,0.0,0,207,LIFESTYLE,Everyone
Shooter Sniper CS - FPS Games,3.5,9.604002767965195,13.815511557963774,40.0,0.0,0,540,GAME,Teen
CS16Client,4.3,9.06750872286864,13.122365377402328,9.1,0.0,0,495,GAME,Teen
CS Browser | #1 & BEST BROWSER,3.8,3.970291913552122,6.90875477931522,2.1,0.0,0,1077,COMMUNICATION,Everyone
Counter Attack - Multiplayer FPS,4.3,11.631294995271666,13.815511557963774,32.0,0.0,0,19,GAME,Teen
DU CS Lectures - Learn to Code for Free,4.8,2.833213344056216,4.61512051684126,7.8,0.0,0,11,FAMILY,Everyone
What's Your CS:GO rank?,2.3,5.631211781821365,9.210440366976517,2.4,0.0,0,544,GAME,Teen
CS Browser Beta,4.3,4.836281906951478,8.517393171418904,53.0,0.0,0,297,COMMUNICATION,Everyone
Helper for CS:GO,4.4,5.342334251964811,9.210440366976517,6.0,0.0,0,784,TOOLS,Everyone
My Nexus for CS:S & CS:GO,3.6,6.664409020350408,10.819798284210286,25.0,0.0,0,775,FAMILY,Teen
CS & IT Interview Questions,5.0,3.784189633918261,6.90875477931522,3.3,0.0,0,135,FAMILY,Everyone
Map Callouts for CS:GO,4.3,5.356586274672012,10.819798284210286,3.6,0.0,0,195,GAME,Everyone
GATE CS Engineering 2019 Exam Prep App,4.2,5.093750200806762,9.210440366976517,6.2,0.0,0,175,FAMILY,Everyone
Case Simulator Hero for CS:GO,4.3,9.58911921482184,13.122365377402328,68.0,0.0,0,36,FAMILY,Teen
CA CS Network,4.7,5.081404364984463,8.517393171418904,19.0,0.0,0,15,FAMILY,Everyone
Smokes for CS:GO,3.9,8.087640287778983,11.51293546492023,3.6,0.0,0,1217,FAMILY,Everyone
Grenade Practice for CS:GO,4.4,6.068425588244111,9.210440366976517,17.0,0.0,0,787,FAMILY,Everyone
Quiz CS:GO players,4.4,6.133398042996649,10.819798284210286,31.0,0.0,0,47,GAME,Everyone
Puzzle for CS:GO,4.3,5.5134287461649825,9.210440366976517,18.0,0.0,0,692,GAME,Everyone
Bomb and Nade Timer for CS:GO,2.6,4.454347296253507,8.517393171418904,6.0,0.0,0,840,PRODUCTIVITY,Everyone
Smokes Guide for CS:GO,4.3,6.100318952020064,10.819798284210286,29.0,0.0,0,434,FAMILY,Everyone
RadRevision: Anatomy on CT,3.8,6.343880434126331,10.819798284210286,42.0,0.0,0,1660,MEDICAL,Everyone
Radiology CT Anatomy,4.2,5.846438775057725,10.819798284210286,14.0,0.0,0,201,MEDICAL,Everyone
CT Scan Viewer 3D,4.2,1.9459101490553132,6.90875477931522,29.0,0.0,0,50,MEDICAL,Everyone
Learn CT Scan Of Head,4.1,2.3978952727983707,8.517393171418904,5.7,0.0,0,18,BOOKS_AND_REFERENCE,Everyone
CT Abdomen Pelvis,4.0,3.6109179126442243,9.210440366976517,36.0,0.0,0,201,MEDICAL,Everyone
CT Neck,4.4,2.0794415416798357,6.90875477931522,8.9,0.0,0,201,MEDICAL,Everyone
CT Scan Generations,4.7,1.9459101490553132,6.90875477931522,5.1,0.0,0,130,FAMILY,Everyone
CT Prepares,2.6,2.6390573296152584,6.90875477931522,4.3,0.0,0,646,NEWS_AND_MAGAZINES,Everyone
CT Abdomen,4.3,2.0794415416798357,6.90875477931522,62.0,0.0,0,534,FAMILY,Everyone
CT Brain Interpretation,5.0,1.3862943611198906,6.2166061010848646,29.0,0.0,0,36,FAMILY,Everyone
CT-Guide & Positioning,3.7,1.9459101490553132,6.90875477931522,7.8,0.0,0,64,FAMILY,Everyone
CT Sessions,4.3,4.143134726391533,8.517393171418904,20.0,0.0,0,1333,MEDICAL,Everyone
CT - DTC Lookup,4.1,3.7376696182833684,9.210440366976517,0.962890625,0.0,0,1840,TOOLS,Everyone
POCKET ATLAS OF CT HEAD,4.3,3.1354942159291497,9.210440366976517,18.0,0.0,0,146,MEDICAL,Everyone
Interactive CT & MRI Anat.Lite,3.8,6.282266746896006,11.51293546492023,14.0,0.0,0,2201,MEDICAL,Everyone
CT POSITIONING,4.5,2.9444389791664403,8.517393171418904,9.3,0.0,0,152,MEDICAL,Everyone
CT Cervical Spine,5.0,1.791759469228055,6.90875477931522,17.0,0.0,0,201,MEDICAL,Everyone
CT MyChiroTown Mobile,3.9,3.713572066704308,8.517393171418904,4.0,0.0,0,1129,MEDICAL,Everyone
CT Lottery,3.8,5.605802066295998,10.819798284210286,8.3,0.0,0,423,FAMILY,Teen
Permit Test Connecticut CT DMV,4.6,5.231108616854587,9.210440366976517,9.6,0.0,0,301,FAMILY,Everyone
I AM C.T.,4.6,3.367295829986474,6.90875477931522,20.0,0.0,0,469,HEALTH_AND_FITNESS,Mature 17+
Solar CT PV System Power,4.7,5.755742213586912,9.210440366976517,14.0,0.0,0,199,PRODUCTIVITY,Everyone
CARDIAC CT TECHNIQUE,5.0,1.9459101490553132,6.90875477931522,17.0,0.0,0,152,MEDICAL,Everyone
HEAD TRAUMA CT EVALUATION,4.5,2.9444389791664403,9.210440366976517,13.0,0.0,0,146,MEDICAL,Everyone
Remote CT - Smart Remote,3.5,8.291295851905407,13.815511557963774,11.0,0.0,0,961,TOOLS,Everyone
CT-REMOTE,3.3,2.995732273553991,4.61512051684126,1.6,4.49,1,1276,GAME,Everyone
CT-ART 4.0 (Chess Tactics 1200-2400 ELO),4.8,9.010913347279288,11.51293546492023,,0.0,0,79,GAME,Everyone
CT-Stream Player,3.9,4.442651256490317,9.210440366976517,11.0,0.0,0,626,FAMILY,Everyone
Results for CT Lottery,4.5,4.465908118654584,8.517393171418904,8.6,0.0,0,516,FAMILY,Teen
Interactive CT and MRI Anatomy,3.4,3.58351893845611,6.90875477931522,24.0,15.46,1,1170,MEDICAL,Everyone
Dine In CT - Food Delivery,5.0,1.6094379124341003,6.90875477931522,1.6,0.0,0,815,SHOPPING,Everyone
CT Checkout,5.0,0.6931471805599453,3.9318256327243257,8.4,0.0,0,476,FINANCE,Everyone
Radiological Anatomy For FRCR1,4.8,2.5649493574615367,4.61512051684126,44.0,6.99,1,1660,MEDICAL,Everyone
Radiology CT Viewer,3.6,3.58351893845611,9.210440366976517,88.0,0.0,0,201,MEDICAL,Everyone
"CU: UPI Payments, Chat & Call",4.3,6.542471960506805,11.51293546492023,32.0,0.0,0,98,FINANCE,Teen
CU of Colorado Mobile Banking,4.0,5.8522024797744745,9.210440366976517,25.0,0.0,0,184,FINANCE,Everyone
Tech CU Mobile Banking,4.5,6.74993119378857,9.210440366976517,27.0,0.0,0,28,FINANCE,Everyone
My CU - Caucasus University,4.6,3.8918202981106265,6.90875477931522,7.3,0.0,0,260,PRODUCTIVITY,Everyone
Service CU Mobile Banking,4.7,8.733755131364893,11.51293546492023,14.0,0.0,0,58,FINANCE,Everyone
Redwood CU v3.1.0,3.8,6.175867270105761,10.819798284210286,15.0,0.0,0,77,FINANCE,Everyone
Cyprus CU Mobile Banking,3.4,5.69035945432406,9.210440366976517,,0.0,0,177,FINANCE,Everyone
BayPort CU Mobile Banking,4.7,7.772752716468742,9.210440366976517,16.0,0.0,0,9,FINANCE,Everyone
CU SoCal Mobile Banking,4.0,5.537334267018537,9.210440366976517,25.0,0.0,0,99,FINANCE,Everyone
Tropical Financial CU,4.6,7.116394144093465,9.210440366976517,14.0,0.0,0,58,FINANCE,Everyone
Travis CU,2.0,5.337538079701318,9.210440366976517,2.9,0.0,0,174,FINANCE,Everyone
Commonwealth CU Go Mobile,4.3,5.44673737166631,9.210440366976517,18.0,0.0,0,328,FINANCE,Everyone
Public Service CU Mobile,2.0,5.752572638825633,9.210440366976517,35.0,0.0,0,513,FINANCE,Everyone
Freedom CU,3.6,4.770684624465665,9.210440366976517,25.0,0.0,0,48,FINANCE,Everyone
Meritrust CU Mobile Banking,4.7,8.205764725234456,10.819798284210286,14.0,0.0,0,58,FINANCE,Everyone
Nusenda CU– Mobile Banking,3.5,6.692083742506628,10.819798284210286,6.5,0.0,0,23,FINANCE,Everyone
Lake Michigan CU Mobile,4.0,6.597145701886651,10.819798284210286,5.5,0.0,0,129,FINANCE,Everyone
Maps CU,3.5,5.54907608489522,9.210440366976517,28.0,0.0,0,280,FINANCE,Everyone
Family Savings CU Mobile,4.3,5.780743515792329,9.210440366976517,17.0,0.0,0,335,FINANCE,Everyone
FORUM Credit Union CU Online,4.1,5.2832037287379885,9.210440366976517,7.3,0.0,0,40,FINANCE,Everyone
Educators CU Mobile Banking,4.6,7.597396320212795,10.819798284210286,24.0,0.0,0,50,FINANCE,Everyone
Space Coast CU Mobile,3.8,6.827629234502852,11.51293546492023,2.1,0.0,0,392,FINANCE,Everyone
First Tech Federal CU,4.3,8.364275084991524,10.819798284210286,24.0,0.0,0,21,FINANCE,Everyone
Southland CU,3.8,4.700480365792417,9.210440366976517,2.8,0.0,0,385,FINANCE,Everyone
Tech CU Card Manager,1.0,1.0986122886681098,6.90875477931522,7.2,0.0,0,380,FINANCE,Everyone
Numerica CU,3.8,6.159095388491933,10.819798284210286,8.6,0.0,0,169,FINANCE,Everyone
Red River CU,3.3,5.840641657373398,9.210440366976517,2.3,0.0,0,414,FINANCE,Everyone
Firefighters First CU,4.8,6.206575926724928,8.517393171418904,12.0,0.0,0,100,FINANCE,Everyone
MYCU TX Mobile Banking,3.0,1.6094379124341003,4.61512051684126,,0.0,0,8,FINANCE,Everyone
Amazing Fart Sounds,4.0,10.244840715177048,15.424948670398354,,0.0,0,350,FAMILY,Everyone
Navigator PRO - GPS Navigation with Offline Maps,3.6,6.794586580876499,10.819798284210286,70.0,2.49,1,8,TRAVEL_AND_LOCAL,Everyone
My Vodafone (GR),3.8,9.44683440765853,13.815511557963774,34.0,0.0,0,8,COMMUNICATION,Everyone
HTC Transfer Tool,4.3,10.619080921925903,15.424948670398354,2.6,0.0,0,378,TOOLS,Everyone
Planet of Cubes Survival Craft,3.9,13.073057580319091,16.118095750958314,35.0,0.0,0,44,FAMILY,Everyone
Moto Rider,4.2,11.654225354532882,16.118095750958314,24.0,0.0,0,55,GAME,Teen
Shadow Fight 2,4.6,16.211754559072748,18.420680753952364,88.0,0.0,0,38,GAME,Everyone 10+
Crazy Wheels,4.0,11.704231539835648,16.118095750958314,7.0,0.0,0,204,GAME,Teen
Curriculum vitae App CV Builder Free Resume Maker,4.5,8.427706024914702,13.122365377402328,3.9,0.0,0,32,BUSINESS,Everyone
Free Resume App,4.6,9.669725322073777,13.815511557963774,,0.0,0,21,BUSINESS,Everyone
CV Engineer - Free Resume Maker & CV Templates,4.6,5.365976015021851,9.210440366976517,3.8,0.0,0,120,BUSINESS,Everyone
CV Examples 2018,4.5,6.439350371100098,11.51293546492023,26.0,0.0,0,10,FAMILY,Everyone
Curriculum Vitae,3.7,8.231642179973411,13.815511557963774,5.0,0.0,0,863,BUSINESS,Everyone
Free resume builder CV maker templates PDF formats,4.4,9.1649245084457,13.815511557963774,4.7,0.0,0,21,BUSINESS,Everyone
Resume Builder - Free CV Maker & Premium Templates,4.6,6.647688373563329,11.51293546492023,5.6,0.0,0,6,BUSINESS,Everyone
Easy Cv maker 2018,3.9,4.48863636973214,9.210440366976517,5.3,0.0,0,131,BOOKS_AND_REFERENCE,Everyone
Resume PDF Maker / CV Builder,4.4,7.672292455628756,13.122365377402328,2.2,0.0,0,238,BUSINESS,Everyone
Resume & CV Creator by Desygner,4.5,3.8918202981106265,8.517393171418904,26.0,0.0,0,17,PRODUCTIVITY,Everyone
CV S ( CV Editor - Resume ),4.5,8.287276755814599,11.51293546492023,5.6,0.0,0,45,BUSINESS,Teen
CV Formats 2018,4.3,5.926926025970411,11.51293546492023,26.0,0.0,0,304,FAMILY,Everyone
CV Maker Pro,3.7,4.736198448394496,9.210440366976517,8.6,0.0,0,61,BUSINESS,Everyone
Free CV Creator,3.9,3.6375861597263857,9.210440366976517,21.0,0.0,0,22,TOOLS,Everyone
"Job CV Maker-Portfolio Maker , Resume Maker",3.9,4.941642422609304,10.819798284210286,4.8,0.0,0,24,FAMILY,Everyone
Resume Builder and CV maker app,4.3,7.742402021815782,11.51293546492023,15.0,0.0,0,7,PRODUCTIVITY,Everyone
HOW TO WRITE A CV,4.1,6.194405391104672,11.51293546492023,20.0,0.0,0,43,BUSINESS,Everyone
CV EXAMPLES,4.1,6.049733455231958,11.51293546492023,20.0,0.0,0,63,BUSINESS,Everyone
Cv maker / Job cv maker,4.4,2.70805020110221,6.90875477931522,5.5,0.0,0,135,FAMILY,Everyone
"Resume Builder Free, CV Maker & Resume Templates",4.4,9.948556515903705,13.815511557963774,5.7,0.0,0,210,BUSINESS,Everyone
"Free Professional Resume Builder, CV, Cover Letter",4.2,6.723832440821209,10.819798284210286,11.0,0.0,0,57,BUSINESS,Everyone
Resume Free,4.5,10.233546410194464,13.815511557963774,4.7,0.0,0,11,PRODUCTIVITY,Everyone
How to Write CV,4.6,5.501258210544727,11.51293546492023,4.1,0.0,0,839,BOOKS_AND_REFERENCE,Everyone
"Super Resume Builder Pro, CV",4.4,5.501258210544727,6.90875477931522,6.9,4.99,1,357,BUSINESS,Everyone
Free Resume Builder – CV Maker,4.4,3.258096538021482,8.517393171418904,12.0,0.0,0,61,BUSINESS,Everyone
Resume App,4.4,9.33353098253138,13.815511557963774,,0.0,0,21,BUSINESS,Everyone
CV Builder,3.8,5.318119993844216,9.210440366976517,5.9,0.0,0,678,BUSINESS,Everyone
Curriculum Vitae - Resume CV,2.6,4.394449154672439,9.210440366976517,2.2,0.0,0,455,PRODUCTIVITY,Everyone
"Resume Maker:Free CV Maker,Templates Builder",4.2,6.573680166960646,11.51293546492023,7.1,0.0,0,8,BUSINESS,Everyone
Resume Builder / CV Maker & Templates,4.4,3.258096538021482,8.517393171418904,7.9,0.0,0,202,BUSINESS,Everyone
CV maker for Job Applications and Resume Maker,4.2,4.330733340286331,9.210440366976517,25.0,0.0,0,190,TOOLS,Everyone
CV Templates 2018,4.0,2.6390573296152584,8.517393171418904,26.0,0.0,0,304,FAMILY,Everyone
Job CV Maker & Portfolio Maker,4.2,6.386879319362645,11.51293546492023,4.9,0.0,0,220,FAMILY,Everyone
CV Maker for Job Applications:Photo Resume Builder,4.0,4.74493212836325,9.210440366976517,25.0,0.0,0,61,TOOLS,Everyone
CV Creator,4.4,3.4657359027997265,9.210440366976517,8.3,0.0,0,213,FAMILY,Everyone
Resume ( CV Editor ),4.5,6.0330862217988015,9.210440366976517,6.0,0.0,0,40,BUSINESS,Everyone
CV Maker,3.2,4.74493212836325,9.210440366976517,3.0,0.0,0,874,PERSONALIZATION,Everyone
Resume Maker - Creator,4.3,6.608000625296087,10.819798284210286,19.0,0.0,0,5,BUSINESS,Everyone
CV Builder for Smart Resumes,3.4,3.1354942159291497,6.90875477931522,4.1,0.0,0,443,BUSINESS,Everyone
CV-RECORD Pro,2.3,3.7612001156935624,6.90875477931522,6.0,0.99,1,574,COMMUNICATION,Everyone
CV-Library Job Search,4.4,8.853379672927634,11.51293546492023,4.6,0.0,0,34,BUSINESS,Everyone
CV Samples 2018,4.3,3.5553480614894135,9.210440366976517,26.0,0.0,0,303,BUSINESS,Everyone
"Easy Resume Builder, Resume help, Curriculum vitae",4.3,6.904750769961838,10.819798284210286,10.0,0.0,0,315,TOOLS,Everyone
Resume / CV,3.6,4.836281906951478,9.210440366976517,5.0,0.0,0,955,BUSINESS,Everyone
VisualCV Resume Builder,4.6,7.846198815497425,11.51293546492023,16.0,0.0,0,433,BUSINESS,Everyone
Resume Maker / CV creator & Templates,4.2,4.007333185232471,8.517393171418904,22.0,0.0,0,116,TOOLS,Everyone
Resume Builder - Curriculum Vitae & Resume Maker,4.0,2.5649493574615367,8.517393171418904,8.1,0.0,0,63,BUSINESS,Everyone
The CW,4.4,12.571444660071894,15.424948670398354,21.0,0.0,0,17,FAMILY,Teen
CW Seed,4.5,9.704548689918736,13.122365377402328,13.0,0.0,0,22,FAMILY,Teen
The CW TV app,3.2,3.2188758248682006,8.517393171418904,4.8,0.0,0,12,FAMILY,Everyone
CW TV,1.7,5.908082938168931,10.819798284210286,6.1,0.0,0,160,NEWS_AND_MAGAZINES,Everyone
The CW TN app 2018,2.2,4.007333185232471,9.210440366976517,4.3,0.0,0,101,FAMILY,Everyone
Archie Comics,3.8,8.53405030848266,11.51293546492023,6.2,0.0,0,51,COMICS,Everyone
2 Amateur ham radio CW Morse code practice keys TX,4.8,1.9459101490553132,4.61512051684126,3.5,1.49,1,157,COMMUNICATION,Everyone
Cartoon Wars: Blade,4.4,12.017674664607618,15.424948670398354,38.0,0.0,0,183,GAME,Teen
FANDOM: Arrow and The Flash,4.5,8.277920258172143,11.51293546492023,9.5,0.0,0,63,FAMILY,Mature 17+
CW Beacon for Ham Radio,4.8,2.3978952727983707,4.61512051684126,0.50390625,1.49,1,1295,COMMUNICATION,Everyone
IZ2UUF Morse Koch CW,4.6,6.476972362889683,10.819798284210286,0.8173828125,0.0,0,1827,COMMUNICATION,Everyone
Morse Decoder for Ham Radio,3.7,5.117993812416755,8.517393171418904,2.0,4.99,1,513,COMMUNICATION,Everyone
C W Browser,4.4,2.70805020110221,4.61512051684126,17.0,0.0,0,285,COMMUNICATION,Everyone
Canon CameraWindow,3.5,9.40960098282706,13.815511557963774,6.8,0.0,0,513,PHOTOGRAPHY,Everyone
Saiyan Of CW,3.8,1.791759469228055,6.2166061010848646,1.1,0.0,0,9,FAMILY,Everyone
CW Studio ®,3.8,2.302585092994046,4.61512051684126,0.76171875,0.99,1,1178,COMMUNICATION,Everyone
20WPM Amateur ham radio Koch CW Morse code trainer,4.3,2.5649493574615367,4.61512051684126,3.7,1.49,1,79,COMMUNICATION,Everyone
Morse Trainer for Ham Radio,4.6,5.583496308781699,9.210440366976517,2.6,2.99,1,215,COMMUNICATION,Everyone
The Church at CW,4.5,1.0986122886681098,4.61512051684126,7.8,0.0,0,45,LIFESTYLE,Teen
"Freeform – Stream Full Episodes, Movies, & Live TV",3.7,10.282950858105291,13.815511557963774,,0.0,0,3,FAMILY,Teen
Morse Machine for Ham Radio,4.8,5.834810737062605,8.517393171418904,9.6,0.99,1,1266,COMMUNICATION,Everyone
Pocket RxTx Pro,4.3,5.537334267018537,8.517393171418904,,3.99,1,158,PRODUCTIVITY,Everyone
Morse Player,5.0,2.5649493574615367,4.61512051684126,2.4,1.99,1,563,FAMILY,Everyone
"FXNOW: Movies, Shows & Live TV",3.9,10.359423950612095,13.815511557963774,,0.0,0,17,FAMILY,Teen
My CW,3.0,0.6931471805599453,4.61512051684126,55.0,0.0,0,651,TOOLS,Everyone
30WPM Amateur ham radio Koch CW Morse code trainer,5.0,0.6931471805599453,2.3978952727983707,3.7,1.49,1,83,FAMILY,Everyone
DC All Access,4.4,9.444621667700849,13.122365377402328,96.0,0.0,0,296,FAMILY,Teen
Koch Morse Trainer Pro,4.6,4.553876891600541,6.90875477931522,1.1,2.49,1,1272,COMMUNICATION,Everyone
Morse Code Reader,3.9,7.270312886079025,11.51293546492023,0.01953125,0.0,0,1809,COMMUNICATION,Everyone
CW Nuclear,3.3,2.772588722239781,6.90875477931522,12.0,0.0,0,265,BOOKS_AND_REFERENCE,Everyone
Pocket RxTx Free,4.1,8.414938957377482,11.51293546492023,,0.0,0,158,PRODUCTIVITY,Everyone
CW Deposit,3.0,1.6094379124341003,6.90875477931522,0.486328125,0.0,0,1645,BUSINESS,Everyone
Hallmark Channel Everywhere,4.2,8.82246957226897,13.122365377402328,13.0,0.0,0,344,FAMILY,Everyone
Morse Player Free,4.2,5.594711379601839,10.819798284210286,4.2,0.0,0,563,FAMILY,Everyone
News 8 San Diego,4.2,7.037027614686276,10.819798284210286,11.0,0.0,0,17,NEWS_AND_MAGAZINES,Everyone
"Hulu: Stream TV, Movies & more",4.0,12.675382284020023,16.118095750958314,,0.0,0,6,FAMILY,Teen
Learn Morse Code - G0HYN Learn Morse,4.0,3.332204510175204,8.517393171418904,0.5859375,0.0,0,93,COMMUNICATION,Everyone
SYFY,3.2,8.029432840581244,13.122365377402328,18.0,0.0,0,77,FAMILY,Teen
Morse Notifier Free,4.6,4.382026634673881,6.90875477931522,3.0,0.0,0,274,TOOLS,Everyone
AMC,3.2,9.944821416029106,13.815511557963774,14.0,0.0,0,7,FAMILY,Teen
Cartoon Wars 3,4.1,11.832651114130682,15.424948670398354,72.0,0.0,0,36,FAMILY,Teen
ABC – Live TV & Full Episodes,3.3,10.828321685407577,15.424948670398354,,0.0,0,15,FAMILY,Teen
Oracle CX Cloud Mobile,4.4,3.8918202981106265,8.517393171418904,54.0,0.0,0,33,BUSINESS,Everyone
CX-10WiFi,4.0,7.258412150595307,11.51293546492023,12.0,0.0,0,288,FAMILY,Everyone
CX-OF,4.2,2.9444389791664403,6.90875477931522,37.0,0.0,0,190,FAMILY,Everyone
cx-32wifi,4.1,4.143134726391533,9.210440366976517,6.5,0.0,0,999,FAMILY,Everyone
CX-17WIFI,4.3,3.912023005428146,9.210440366976517,6.6,0.0,0,141,FAMILY,Everyone
Cathay Pacific,3.3,8.311398278436641,13.815511557963774,50.0,0.0,0,15,TRAVEL_AND_LOCAL,Everyone
Cx File Explorer,4.7,5.170483995038151,9.210440366976517,4.3,0.0,0,12,TOOLS,Everyone
cx-33wifi,4.4,4.1588830833596715,9.210440366976517,7.6,0.0,0,999,FAMILY,Everyone
CX-WiFi720P,3.1,3.871201010907891,9.210440366976517,5.5,0.0,0,999,FAMILY,Everyone
CX-60,3.1,2.995732273553991,6.90875477931522,94.0,0.0,0,457,FAMILY,Everyone
ACTIVEON CX & CX GOLD,3.3,6.0867747269123065,10.819798284210286,35.0,0.0,0,888,VIDEO_PLAYERS,Everyone
CX North America,3.9,2.3978952727983707,6.2166061010848646,55.0,0.0,0,148,BUSINESS,Everyone
CX-10DS,3.4,2.5649493574615367,6.90875477931522,11.0,0.0,0,328,FAMILY,Everyone
CX-37,3.9,2.6390573296152584,6.90875477931522,12.0,0.0,0,801,FAMILY,Everyone
Avaya CX,4.4,3.091042453358316,6.90875477931522,21.0,0.0,0,15,BUSINESS,Everyone
TI-Nspire CX Calculator Manual,3.9,2.4849066497880004,6.2166061010848646,27.0,4.99,1,19,FAMILY,Everyone
CX_WiFiUFO,3.7,6.70808408385307,11.51293546492023,5.3,0.0,0,792,SPORTS,Everyone
CX watcher,4.5,1.6094379124341003,6.2166061010848646,30.0,0.0,0,49,FAMILY,Everyone
Theme For Techno Camon CX,4.7,3.7612001156935624,8.517393171418904,10.0,0.0,0,456,PERSONALIZATION,Everyone
Theme for Tecno Camon CX / C8,4.6,4.997212273764115,9.210440366976517,9.8,0.0,0,464,LIFESTYLE,Everyone
Oración CX,5.0,4.6443908991413725,8.517393171418904,3.8,0.0,0,331,LIFESTYLE,Everyone
CX-40,3.0,1.0986122886681098,4.61512051684126,33.0,0.0,0,238,FAMILY,Everyone
Ring,3.9,6.249975242259483,9.210440366976517,35.0,0.0,0,3,COMMUNICATION,Everyone
cx advance call blocker,5.0,1.3862943611198906,3.9318256327243257,3.4,0.0,0,122,PERSONALIZATION,Everyone
CX Ram Booster,3.9,2.5649493574615367,6.2166061010848646,2.5,0.0,0,433,TOOLS,Everyone
CXmodel-ufo,3.8,2.995732273553991,6.90875477931522,12.0,0.0,0,567,FAMILY,Everyone
Secret Codes For Android,3.6,8.709630081951286,13.122365377402328,0.578125,0.0,0,917,TOOLS,Everyone
Absolute RC Heli Simulator,3.9,6.484635235635252,9.210440366976517,50.0,4.99,1,232,SPORTS,Everyone
WiFi FPV,3.8,5.75890177387728,11.51293546492023,19.0,0.0,0,434,FAMILY,Everyone
go41cx,4.8,5.147494476813453,6.90875477931522,1.0,10.0,1,660,FAMILY,Everyone
"Cymera Camera- Photo Editor, Filter,Collage,Layout",4.4,14.698519959578778,18.420680753952364,,0.0,0,28,PHOTOGRAPHY,Everyone
CY Security Antivirus Cleaner,4.5,11.22712162753022,13.815511557963774,,0.0,0,219,PRODUCTIVITY,Everyone
Freecell CY,4.0,5.961005339623274,10.819798284210286,1.1,0.0,0,2672,GAME,Everyone
Cytus II,4.7,9.732224623098908,11.51293546492023,81.0,1.99,1,6,GAME,Everyone 10+
Cy-Reader,4.8,2.8903717578961645,4.61512051684126,15.0,0.0,0,6,FAMILY,Everyone
Cy-Fair FCU Mobile Banking,4.7,6.0867747269123065,8.517393171418904,13.0,0.0,0,191,FINANCE,Everyone
Cytus,4.7,13.202528539118525,15.424948670398354,20.0,0.0,0,181,GAME,Everyone
Cy-Ranch,4.5,3.332204510175204,6.2166061010848646,7.1,0.0,0,95,NEWS_AND_MAGAZINES,Everyone
Recycling Cy,4.0,3.871201010907891,6.90875477931522,4.5,0.0,0,372,LIFESTYLE,Everyone
CY.SEND Online Top Up,3.2,5.2574953720277815,9.210440366976517,10.0,0.0,0,196,FINANCE,Everyone
Alpha Bank CY,4.7,3.6888794541139363,6.90875477931522,20.0,0.0,0,142,FINANCE,Everyone
Cy Messenger,4.5,1.6094379124341003,4.61512051684126,8.1,0.0,0,1440,COMMUNICATION,Everyone
Igitabo cy'Indirimbo,4.5,4.543294782270004,10.819798284210286,1.6,0.0,0,185,FAMILY,Everyone
Doctor Finder CY,4.9,4.060443010546419,6.90875477931522,6.1,0.0,0,1002,MEDICAL,Everyone
Eshopcy.com.cy,4.2,5.209486152841421,8.517393171418904,4.9,0.0,0,6,SHOPPING,Everyone
NOMISMA.com.cy by FMW,5.0,1.3862943611198906,4.61512051684126,,0.0,0,802,NEWS_AND_MAGAZINES,Everyone
Cy-Fair VFD EMS Protocols,5.0,1.0986122886681098,4.61512051684126,20.0,0.0,0,322,MEDICAL,Everyone 10+
Cy-Fair Christian Church,5.0,1.0986122886681098,4.61512051684126,9.3,0.0,0,371,LIFESTYLE,Everyone
Shadowverse CCG,4.2,10.765132006630253,13.815511557963774,61.0,0.0,0,10,GAME,Teen
CY Digital Net,4.7,1.3862943611198906,6.2166061010848646,5.8,0.0,0,373,SHOPPING,Everyone
Phone Clean Best Speed Booster,4.5,11.30839510836744,13.815511557963774,,0.0,0,133,PRODUCTIVITY,Everyone
LOCX Applock Lock Apps & Photo,4.5,12.247905329132108,16.118095750958314,,0.0,0,35,PRODUCTIVITY,Everyone
Cymath - Math Problem Solver,4.5,9.226213721132472,13.815511557963774,6.4,0.0,0,118,FAMILY,Everyone
Rewards,3.8,4.060443010546419,8.517393171418904,4.0,0.0,0,237,FINANCE,Everyone
Army of Heroes,4.5,11.350594753052532,13.815511557963774,46.0,0.0,0,8,FAMILY,Everyone 10+
Math Solver,4.3,7.719129840906732,11.51293546492023,30.0,0.0,0,261,FAMILY,Everyone
SuperBikers 2,3.9,8.732465848349879,13.122365377402328,,0.0,0,34,GAME,Everyone 10+
Cyprus Bus Companion,3.9,4.727387818712341,9.210440366976517,1.4,0.0,0,1687,MAPS_AND_NAVIGATION,Everyone
Cyprus Police,4.2,5.424950017481403,9.210440366976517,15.0,0.0,0,190,SOCIAL,Everyone 10+
foody Cyprus - online ordering,4.5,5.3706380281276624,9.210440366976517,1.8,0.0,0,163,SHOPPING,Everyone
Death Dragon Knights RPG,4.1,9.32188174670909,13.815511557963774,19.0,0.0,0,692,FAMILY,Teen
Camera360 Lite - Selfie Camera,4.4,12.309887467218326,16.118095750958314,,0.0,0,8,PHOTOGRAPHY,Everyone
Bank Of Cyprus,4.1,7.323170717943469,11.51293546492023,12.0,0.0,0,176,FINANCE,Everyone
Map of Cyprus offline,4.6,6.154858094016418,9.210440366976517,21.0,0.0,0,150,TRAVEL_AND_LOCAL,Everyone
McDelivery Cyprus,3.3,4.110873864173311,9.210440366976517,25.0,0.0,0,87,FOOD_AND_DRINK,Everyone
CZ-USA,4.5,2.4849066497880004,6.90875477931522,3.4,0.0,0,891,LIFESTYLE,Everyone
CZ File Manager,2.2,6.776506992372183,13.815511557963774,8.7,0.0,0,3,TOOLS,Everyone
Security Camera CZ,4.4,4.927253685157205,9.210440366976517,19.0,0.0,0,23,HOUSE_AND_HOME,Everyone
Šmelina .cz inzeráty inzerce,3.9,4.770684624465665,9.210440366976517,9.8,0.0,0,88,SHOPPING,Everyone
Alzashop.com,4.5,10.373959821952903,13.122365377402328,18.0,0.0,0,6,SHOPPING,Everyone
KFC CZ,2.8,7.081708586105575,11.51293546492023,18.0,0.0,0,43,LIFESTYLE,Everyone
Skylink Live TV CZ,3.3,7.938445551164788,11.51293546492023,15.0,0.0,0,29,FAMILY,Teen
Online TV CZ/SK PRO,3.1,5.123963979403259,6.90875477931522,2.0,0.99,1,49,VIDEO_PLAYERS,Everyone
Rande.cz,3.2,5.988961416889864,10.819798284210286,2.2,0.0,0,1345,SOCIAL,Mature 17+
Breweries (CZ/SK),4.4,7.462214939768189,10.819798284210286,4.4,0.0,0,378,LIFESTYLE,Teen
reality.cz,4.1,7.224753405767971,10.819798284210286,5.4,0.0,0,175,HOUSE_AND_HOME,Everyone
CZ-Help,5.0,1.0986122886681098,1.791759469228055,1.4,0.0,0,27,BOOKS_AND_REFERENCE,Everyone
CZ-Cyberon Voice Commander,3.8,4.882801922586371,6.90875477931522,3.3,5.99,1,520,TOOLS,Everyone
HTC Sense Input - CZ,4.3,4.477336814478207,9.210440366976517,7.3,0.0,0,1004,TOOLS,Everyone
WebCams,4.6,8.285008895449879,11.51293546492023,23.0,0.0,0,23,WEATHER,Everyone
Novinky.cz,3.7,7.773173680482536,11.51293546492023,,0.0,0,532,NEWS_AND_MAGAZINES,Everyone
Wallpaper.cz,4.9,2.0794415416798357,4.61512051684126,2.2,0.0,0,1125,PHOTOGRAPHY,Everyone
Strava.cz,4.3,7.706162970199576,11.51293546492023,,0.0,0,30,SHOPPING,Everyone
CZ Kompas,5.0,1.0986122886681098,2.3978952727983707,3.5,0.0,0,31,TOOLS,Everyone
MYTO CZ,2.9,3.4339872044851463,8.517393171418904,4.8,0.0,0,904,MAPS_AND_NAVIGATION,Everyone
PLAYzone.cz,4.4,2.70805020110221,6.2166061010848646,7.3,0.0,0,275,FAMILY,Everyone
Tools & Mi Band,4.4,9.664849580263269,11.51293546492023,13.0,3.49,1,14,HEALTH_AND_FITNESS,Everyone
TeeTime.cz,4.6,7.403670290012373,9.210440366976517,6.2,0.0,0,7,SPORTS,Everyone
What is my IP address,4.5,8.34972083747249,13.122365377402328,0.640625,0.0,0,38,TOOLS,Everyone
Windguru Lite,4.0,9.138629524422182,13.815511557963774,5.0,0.0,0,212,WEATHER,Everyone
Da Fit,3.5,7.049254841255837,9.210440366976517,8.3,0.0,0,17,SPORTS,Everyone
The House of Da Vinci,4.8,9.425532393502772,11.51293546492023,,4.99,1,56,FAMILY,Everyone
Dan the Man: Action Platformer,4.8,13.177894579163613,16.118095750958314,73.0,0.0,0,14,GAME,Teen
Ghost Detector,3.5,10.472714151176595,15.424948670398354,7.4,0.0,0,76,FAMILY,Teen
"Face Filter, Selfie Editor - Sweet Camera",4.7,11.868913172816324,16.118095750958314,22.0,0.0,0,34,PHOTOGRAPHY,Everyone
Master for Minecraft(Pocket Edition)-Mod Launcher,4.6,14.799105482977009,17.72753358339242,26.0,0.0,0,3,TOOLS,Everyone
King of Math,4.4,6.642486801367256,9.210440366976517,14.0,2.99,1,79,FAMILY,Everyone
Translate: text & voice translator,4.3,11.711866483585297,15.424948670398354,7.3,0.0,0,26,TOOLS,Everyone
The Zueira's Voice,4.7,11.824380214806592,13.815511557963774,3.1,0.0,0,30,TOOLS,Everyone
Battery Calibration,4.4,11.808672428583986,15.424948670398354,11.0,0.0,0,13,TOOLS,Everyone
FVD - Free Video Downloader,4.0,12.700509707440602,16.118095750958314,,0.0,0,120,TOOLS,Everyone
Thuglife Video Maker,3.5,10.566819648016887,13.815511557963774,12.0,0.0,0,200,FAMILY,Mature 17+
MadLipz,4.6,12.049524093102914,16.118095750958314,13.0,0.0,0,18,FAMILY,Teen
Soccer FC,3.9,8.746716349694486,13.815511557963774,33.0,0.0,0,749,SPORTS,Everyone
Visage Lab – face retouch,3.5,10.810212679540582,15.424948670398354,,0.0,0,673,PHOTOGRAPHY,Everyone
Geometry Dash SubZero,4.6,12.470465620004001,16.118095750958314,49.0,0.0,0,231,GAME,Everyone
Escaping the Prison,4.2,12.946523171205985,16.118095750958314,31.0,0.0,0,779,FAMILY,Everyone 10+
Metal Soldiers 2,4.4,11.942432567558631,16.118095750958314,,0.0,0,52,GAME,Teen
Quiz TRUE or FALSE,4.6,7.80994708647679,10.819798284210286,34.0,0.0,0,177,GAME,Everyone
Glam Doll Salon - Chic Fashion,4.0,11.449975015512383,16.118095750958314,44.0,0.0,0,440,FAMILY,Everyone
Siren Ringtones,4.2,10.649962207136612,15.424948670398354,11.0,0.0,0,32,PERSONALIZATION,Teen
Peppa Pig: Party Time,3.8,3.970291913552122,9.210440366976517,55.0,2.99,1,366,FAMILY,Everyone
Download Manager for Android,4.1,12.94924494167876,16.118095750958314,,0.0,0,36,TOOLS,Everyone
COOKING MAMA Let's Cook!,4.3,13.178588689373434,16.118095750958314,59.0,0.0,0,14,FAMILY,Everyone
Run Sausage Run!,4.4,12.528540128938916,16.118095750958314,,0.0,0,8,GAME,Everyone 10+
Knife Hit,4.5,13.044650453675313,16.118095750958314,60.0,0.0,0,79,GAME,Everyone
The Visitor,4.1,10.59403134722596,15.424948670398354,25.0,0.0,0,219,GAME,Mature 17+
Just Dance Now,4.2,13.584913044773408,16.118095750958314,56.0,0.0,0,58,GAME,Everyone
DB Navigator,4.0,11.692626925641493,16.118095750958314,20.0,0.0,0,38,MAPS_AND_NAVIGATION,Everyone
SQLite DB Reader,3.6,5.71042701737487,10.819798284210286,2.3,0.0,0,254,TOOLS,Everyone
DB Browser,3.3,5.4680601411351315,10.819798284210286,0.2158203125,0.0,0,2515,TOOLS,Everyone
Sound Meter,4.7,11.396324230711397,16.118095750958314,1.5,0.0,0,60,TOOLS,Everyone
DRAGON BALL LEGENDS,4.6,12.732996986755898,15.424948670398354,48.0,0.0,0,6,GAME,Teen
db.Mobil App,4.5,3.1780538303479458,8.517393171418904,31.0,0.0,0,29,LIBRARIES_AND_DEMO,Everyone
DB Streckenagent,3.9,8.42726848388825,13.122365377402328,7.5,0.0,0,230,MAPS_AND_NAVIGATION,Everyone
dB: Sound Meter Pro,4.3,3.4657359027997265,8.517393171418904,0.22265625,0.0,0,605,TOOLS,Everyone
dB Sound Level Meter,3.9,5.318119993844216,9.210440366976517,2.3,0.0,0,524,TOOLS,Everyone
DB Sound Meter: Measure Noise Level- Decibel Meter,4.3,6.715383386334681,9.210440366976517,2.8,0.0,0,239,TOOLS,Everyone
ACCDB MDB DB Manager Pro - Editor for MS Access,3.1,2.995732273553991,6.2166061010848646,4.5,8.99,1,644,PRODUCTIVITY,Everyone
Scale Models DB,4.4,2.302585092994046,3.9318256327243257,33.0,2.99,1,98,TOOLS,Everyone
DB Train Simulator,3.7,8.781862489558945,13.122365377402328,72.0,0.0,0,78,FAMILY,Everyone
DB Tools,4.6,3.6375861597263857,6.90875477931522,3.3,0.0,0,1514,FAMILY,Everyone
dB Meter - measure sound & noise level in Decibel,4.6,5.043425116919247,9.210440366976517,6.6,0.0,0,14,TOOLS,Everyone
DB LINK RGB,2.7,2.0794415416798357,6.2166061010848646,5.2,0.0,0,416,TOOLS,Everyone
"10,000 Quotes DB (Premium)",4.1,4.2626798770413155,6.2166061010848646,3.5,0.99,1,1805,BOOKS_AND_REFERENCE,Everyone
Guide for DB Xenoverse,4.2,6.131226489483141,9.210440366976517,11.0,0.0,0,677,BOOKS_AND_REFERENCE,Everyone
DB Transport,1.9,5.19295685089021,9.210440366976517,10.0,0.0,0,149,MAPS_AND_NAVIGATION,Everyone
DB Stay Connected,4.6,2.8903717578961645,6.90875477931522,9.4,0.0,0,244,BUSINESS,Everyone
DB TOS - Pocket Helper,4.2,5.583496308781699,9.210440366976517,,0.0,0,809,TOOLS,Everyone
Guide for DB Xenoverse 2,4.4,4.804021044733257,9.210440366976517,8.7,0.0,0,594,BOOKS_AND_REFERENCE,Everyone
DB Customer Connect,4.2,4.61512051684126,9.210440366976517,6.3,0.0,0,19,BUSINESS,Everyone
Patron DB,3.9,4.174387269895637,8.517393171418904,4.1,0.0,0,434,TOOLS,Everyone
DB Event App,2.4,3.6375861597263857,8.517393171418904,37.0,0.0,0,410,SOCIAL,Teen
DB HOME,5.0,1.791759469228055,4.61512051684126,3.2,0.0,0,343,LIFESTYLE,Everyone
Bowers & Wilkins DB Subwoofers,3.9,3.091042453358316,9.210440366976517,11.0,0.0,0,202,TOOLS,Everyone
DB Busradar NRW,3.7,4.3694478524670215,9.210440366976517,3.0,0.0,0,484,MAPS_AND_NAVIGATION,Everyone
DB Pickles,5.0,1.791759469228055,4.61512051684126,14.0,0.0,0,142,BUSINESS,Everyone
DB for Fallout Shelter,4.0,8.10892415597534,11.51293546492023,47.0,0.0,0,133,FAMILY,Everyone
LC-DB,3.0,0.6931471805599453,2.3978952727983707,2.5,3.49,1,293,PHOTOGRAPHY,Everyone
dB Sound Meter,4.1,3.4011973816621555,8.517393171418904,2.3,0.0,0,836,TOOLS,Everyone
DB for Hustle Castle,4.8,3.091042453358316,6.90875477931522,49.0,0.0,0,36,FAMILY,Everyone
DB Ultra Saiyan Battle,4.5,3.5263605246161616,6.90875477931522,44.0,0.0,0,15,GAME,Everyone 10+
Preferences Manager and SQLite DB Viewer,3.5,2.6390573296152584,6.90875477931522,3.0,0.0,0,387,TOOLS,Everyone
SW-DB,4.5,6.86171134048073,9.210440366976517,7.6,0.0,0,759,TOOLS,Teen
DC Legends: Battle for Justice,4.5,12.781601151925646,16.118095750958314,59.0,0.0,0,7,FAMILY,Teen
DC Comics,4.2,10.153234085644872,13.815511557963774,,0.0,0,65,COMICS,Teen
Injustice 2,4.3,13.131850234533507,15.424948670398354,36.0,0.0,0,10,GAME,Teen
Injustice: Gods Among Us,4.4,14.707868368609487,16.118095750958314,32.0,0.0,0,56,GAME,Teen
FANDOM for: DC,4.4,8.812248018197431,13.122365377402328,9.5,0.0,0,20,FAMILY,Mature 17+
DC Super Hero Girls™,4.3,10.67106943758126,15.424948670398354,95.0,0.0,0,41,FAMILY,Everyone
LEGO Batman: DC Super Heroes,4.2,7.846980982138788,10.819798284210286,5.8,4.99,1,822,FAMILY,Everyone 10+
Ultimate DC Challenge,4.5,6.843749949006225,9.210440366976517,35.0,0.0,0,294,GAME,Everyone
LEGO® DC Mighty Micros,4.3,11.846149574992213,16.118095750958314,63.0,0.0,0,191,FAMILY,Everyone
Justice League Action Run,4.3,10.013865460005738,13.815511557963774,9.7,0.0,0,2,GAME,Everyone 10+
Marvel and DC Wallpapers,4.2,5.521460917862246,9.210440366976517,91.0,0.0,0,33,PERSONALIZATION,Everyone
DC Comics Amino,4.9,4.770684624465665,6.90875477931522,63.0,0.0,0,27,SOCIAL,Teen
Comics,4.1,10.72880269667349,15.424948670398354,,0.0,0,77,COMICS,Teen
Quiz DC,1.4,3.5263605246161616,6.90875477931522,3.1,0.0,0,227,GAME,Everyone
Batman: Gotham’s Most Wanted!,4.0,9.692210811286753,13.815511557963774,88.0,0.0,0,107,FAMILY,Everyone
"Superheroes, Marvel, DC, Comics, TV, Movies News",5.0,3.5553480614894135,8.517393171418904,12.0,0.0,0,9,COMICS,Everyone
MARVEL Contest of Champions,4.3,14.719289745877356,17.72753358339242,92.0,0.0,0,10,GAME,Teen
MARVEL Avengers Academy,4.2,12.625134892144363,16.118095750958314,,0.0,0,3,GAME,Teen
DC Universe Quiz,4.3,2.4849066497880004,6.2166061010848646,23.0,0.0,0,79,GAME,Everyone
DC HSEMA,3.8,3.6635616461296463,8.517393171418904,7.2,0.0,0,52,BOOKS_AND_REFERENCE,Everyone
DC Universe Online Map,4.1,7.079184394609668,10.819798284210286,6.4,0.0,0,2355,TOOLS,Unrated
DC Public Library,4.2,3.044522437723423,6.90875477931522,3.4,0.0,0,1158,BOOKS_AND_REFERENCE,Everyone
MARVEL Strike Force,4.3,12.0216268341041,15.424948670398354,91.0,0.0,0,9,FAMILY,Teen
Vote 4 DC,4.1,3.8501476017100584,6.90875477931522,6.1,0.0,0,687,TOOLS,Everyone
Villains vs Superheroes,4.3,4.859812404361672,9.210440366976517,22.0,0.0,0,331,FAMILY,Everyone
DC Rider,3.6,5.556828061699537,10.819798284210286,6.9,0.0,0,228,MAPS_AND_NAVIGATION,Everyone
Power Rangers: Legacy Wars,4.3,12.486563926096371,16.118095750958314,91.0,0.0,0,23,GAME,Teen
MARVEL Future Fight,4.6,14.671644833415472,17.72753358339242,72.0,0.0,0,37,FAMILY,Everyone 10+
DC Metro Transit - Free,4.4,8.83869681234353,13.122365377402328,10.0,0.0,0,86,TRAVEL_AND_LOCAL,Everyone
DC N COMPANY ENTERTAINMENT RADIO!,5.0,3.1354942159291497,4.61512051684126,2.2,0.0,0,280,FAMILY,Mature 17+
Results for DC Lottery,4.4,5.081404364984463,8.517393171418904,8.5,0.0,0,516,FAMILY,Everyone
FOX 5 DC,4.5,7.273092595999522,11.51293546492023,12.0,0.0,0,133,NEWS_AND_MAGAZINES,Everyone
Driver Permit Test Prep DC DMV Driver's License Ed,4.7,4.3694478524670215,8.517393171418904,11.0,0.0,0,301,FAMILY,Everyone
DC-014,5.0,1.3862943611198906,6.2166061010848646,16.0,0.0,0,56,PHOTOGRAPHY,Everyone
DC Metro,3.4,4.0943445622221,9.210440366976517,1.3,0.0,0,1291,MAPS_AND_NAVIGATION,Everyone
DC Trails-Hop On Hop Off Tours,3.1,2.833213344056216,8.517393171418904,18.0,0.0,0,8,TRAVEL_AND_LOCAL,Everyone
DC Metro Transit,4.5,5.8289456176102075,8.517393171418904,10.0,2.99,1,88,TRAVEL_AND_LOCAL,Everyone
AC DC Power Monitor,5.0,0.6931471805599453,2.3978952727983707,1.2,3.04,1,802,LIFESTYLE,Everyone
McClatchy DC Bureau,4.3,4.394449154672439,8.517393171418904,8.7,0.0,0,52,NEWS_AND_MAGAZINES,Everyone 10+
AutoScout24 - used car finder,4.4,12.136985126707161,16.118095750958314,42.0,0.0,0,7,AUTO_AND_VEHICLES,Everyone
WEB.DE Mail,4.3,12.330685637178698,16.118095750958314,,0.0,0,15,COMMUNICATION,Everyone
Your Freedom VPN Client,4.0,11.218527558369717,15.424948670398354,5.3,0.0,0,82,COMMUNICATION,Everyone
Dictionary,4.5,12.48469253011302,16.118095750958314,,0.0,0,48,BOOKS_AND_REFERENCE,Everyone
Bokeh (Background defocus),4.0,10.821975867953771,16.118095750958314,,0.0,0,63,PHOTOGRAPHY,Everyone
Speed Camera Radar,4.1,10.897387263737267,15.424948670398354,5.8,0.0,0,71,MAPS_AND_NAVIGATION,Teen
WDAMAGE: Car Crash Engine,3.8,10.766103208463202,13.815511557963774,96.0,0.0,0,64,GAME,Everyone
Babbel – Learn Languages,4.3,12.497950901675859,16.118095750958314,21.0,0.0,0,10,FAMILY,Everyone
Coloring Book for Me & Mandala,4.6,12.902245244891807,16.118095750958314,,0.0,0,22,FAMILY,Everyone
APUS File Manager (Explorer),4.1,13.1201509317504,17.72753358339242,10.0,0.0,0,7,TOOLS,Everyone
Offroad Police Car DE,4.3,9.121509158269568,13.815511557963774,80.0,0.0,0,512,FAMILY,Everyone
Easy Language Translator,4.3,12.163279960474267,16.118095750958314,6.1,0.0,0,72,TOOLS,Everyone
Word Search multilingual,4.2,10.399707023912757,13.815511557963774,1.5,0.0,0,1044,GAME,Everyone
Love Collage - Photo Editor,4.3,12.435941531001323,16.118095750958314,31.0,0.0,0,377,PHOTOGRAPHY,Everyone
Heavy Bus Simulator,4.4,12.437212143885542,15.424948670398354,26.0,0.0,0,147,FAMILY,Everyone
"CallApp: Caller ID, Blocker & Phone Call Recorder",4.4,13.089391738053715,16.118095750958314,20.0,0.0,0,11,COMMUNICATION,Everyone
Love Fonts for FlipFont,3.9,10.264478170542462,13.815511557963774,2.9,0.0,0,207,PERSONALIZATION,Everyone
LINE Camera - Photo editor,4.3,14.232506265794592,18.420680753952364,,0.0,0,156,PHOTOGRAPHY,Everyone
Piano Free - Keyboard with Magic Tiles Music Games,4.5,13.574232312579573,17.72753358339242,,0.0,0,41,GAME,Everyone
Racing in Car 2,4.3,12.365594588547058,17.72753358339242,38.0,0.0,0,625,GAME,Everyone
Escape the Prison Room,3.5,11.636770092005207,15.424948670398354,36.0,0.0,0,237,FAMILY,Everyone
Bike Racing 3D,4.2,13.765727701238585,17.72753358339242,14.0,0.0,0,204,GAME,Everyone
Satellite Director,4.1,10.727904194481841,16.118095750958314,0.171875,0.0,0,219,TOOLS,Everyone
Truck Driver Cargo,4.1,12.458899263209481,16.118095750958314,44.0,0.0,0,203,GAME,Everyone 10+
Anime Love Story Games: ✨Shadowtime✨,4.7,12.198448656644002,15.424948670398354,82.0,0.0,0,6,FAMILY,Everyone
Checkers,4.5,12.837336443616797,16.118095750958314,3.3,0.0,0,3,GAME,Everyone
Scratch Logo Quiz. Challenging brain puzzle,3.3,11.932313201918749,16.118095750958314,18.0,0.0,0,40,GAME,Teen
Myth Defense 2: DF,4.2,9.747359919824648,11.51293546492023,8.3,0.0,0,777,FAMILY,Everyone
Myth Defense 2: DF Platinum,4.6,7.475905969367397,9.210440366976517,8.3,3.99,1,778,FAMILY,Everyone 10+
DF@realtime,4.3,3.2188758248682006,6.90875477931522,8.0,0.0,0,287,BUSINESS,Everyone
DF Night Selfies,4.3,5.272999558563747,9.210440366976517,1.5,0.0,0,175,PHOTOGRAPHY,Everyone
DF Coaching,4.0,0.6931471805599453,4.61512051684126,3.6,0.0,0,77,SPORTS,Everyone
Digital Falak,4.7,8.134174272137903,10.819798284210286,15.0,0.0,0,71,TOOLS,Everyone
The Divine Feminine App: the DF App,5.0,2.1972245773362196,6.90875477931522,6.7,0.0,0,815,LIFESTYLE,Everyone
DF Glue Board,5.0,0.6931471805599453,2.3978952727983707,27.0,0.0,0,202,PARENTING,Everyone
DF-Server Mobile,4.9,2.8903717578961645,4.61512051684126,76.0,0.0,0,793,PRODUCTIVITY,Everyone
Red Transporte DF,4.3,9.314790473332646,13.122365377402328,15.0,0.0,0,103,MAPS_AND_NAVIGATION,Everyone
Periscope - Live Video,4.0,13.081416375070923,16.118095750958314,15.0,0.0,0,31,SOCIAL,Mature 17+
Droidbug BusyBox Advance PRO,4.5,1.0986122886681098,4.61512051684126,3.3,3.99,1,21,TOOLS,Everyone
PDF Reader – PDF Editor 2018,4.1,7.407924322559599,13.122365377402328,36.0,0.0,0,9,TOOLS,Everyone
Fix Error Google Playstore,4.3,2.9444389791664403,6.90875477931522,5.7,0.0,0,383,BOOKS_AND_REFERENCE,Everyone
Citymapper - Transit Navigation,4.5,11.089026492382516,15.424948670398354,,0.0,0,7,MAPS_AND_NAVIGATION,Everyone
"Dollar General - Digital Coupons, Ads And More",3.9,9.721905722077173,15.424948670398354,,0.0,0,15,SHOPPING,Everyone
DG Coupon,3.7,6.505784060128229,11.51293546492023,1.1,0.0,0,24,SHOPPING,Everyone
Penny Finder,4.2,6.154858094016418,9.210440366976517,4.1,2.99,1,23,SHOPPING,Everyone
DG - Digital Coupons - Free Coupon and Discount,3.6,3.6635616461296463,9.210440366976517,1.1,0.0,0,39,SHOPPING,Everyone
DG Surveyor,3.6,1.791759469228055,3.9318256327243257,6.8,8.99,1,101,BUSINESS,Everyone
DG Smart life,2.1,2.70805020110221,6.90875477931522,28.0,0.0,0,336,TOOLS,Everyone
Krazy Coupon Lady,4.7,9.241742135115715,13.815511557963774,32.0,0.0,0,51,SHOPPING,Everyone
DG UPnP Player Free,3.2,3.6888794541139363,9.210440366976517,12.0,0.0,0,874,VIDEO_PLAYERS,Everyone
Penny Puss,3.0,2.995732273553991,6.90875477931522,22.0,4.99,1,761,TOOLS,Everyone
DG Mobile,4.3,4.0943445622221,6.90875477931522,1.4,0.0,0,488,GAME,Everyone
Go Go Coupons - Free Coupon and Discount,3.0,1.6094379124341003,6.90875477931522,1.2,0.0,0,39,SHOPPING,Everyone
ZombieVital DG,4.3,2.3978952727983707,4.61512051684126,20.0,12.99,1,5,FAMILY,Everyone
DJ Electro Mix Pad,3.9,10.883729132902106,16.118095750958314,7.6,0.0,0,419,FAMILY,Everyone
DG Screen Recorder,3.3,2.5649493574615367,6.2166061010848646,2.9,0.0,0,1024,VIDEO_PLAYERS,Everyone
DG Report Reminder,4.3,5.278114659230517,9.210440366976517,,0.0,0,184,PRODUCTIVITY,Everyone
DG Video Editor,4.0,6.18826412308259,9.210440366976517,2.5,0.0,0,702,VIDEO_PLAYERS,Everyone
The DG Buddy,3.7,1.3862943611198906,2.3978952727983707,11.0,2.49,1,1501,BUSINESS,Everyone
Roland DG Mobile Panel,2.8,3.332204510175204,6.90875477931522,34.0,0.0,0,170,TOOLS,Everyone
Destroy Gunners Σ,4.4,9.28609698437543,13.815511557963774,21.0,0.0,0,572,GAME,Everyone
DG-App,5.0,0.6931471805599453,6.2166061010848646,4.5,0.0,0,253,TOOLS,Everyone
Can I pack that? - DG App,3.9,4.07753744390572,9.210440366976517,22.0,0.0,0,650,TRAVEL_AND_LOCAL,Everyone
DG Phone Call Task Switcher,4.2,3.784189633918261,6.90875477931522,0.033203125,0.0,0,1157,PRODUCTIVITY,Everyone
DG Fitness,4.8,1.9459101490553132,4.61512051684126,14.0,0.0,0,139,HEALTH_AND_FITNESS,Everyone
Sharaf DG,4.0,8.854664928370534,13.122365377402328,12.0,0.0,0,89,SHOPPING,Everyone
Coupon Mob - Discount Coupons,3.0,1.0986122886681098,4.61512051684126,1.3,0.0,0,71,SHOPPING,Everyone
DG Users,4.5,2.1972245773362196,4.61512051684126,3.1,0.0,0,63,PRODUCTIVITY,Everyone
DG Cars,2.6,4.812184355372417,9.210440366976517,11.0,0.0,0,62,TRAVEL_AND_LOCAL,Everyone
Free coupons and vouchers,5.0,1.6094379124341003,4.61512051684126,5.9,0.0,0,12,FINANCE,Everyone
DG OFF - 100% Free Coupons & Deals,5.0,0.6931471805599453,2.3978952727983707,1.1,0.0,0,29,SHOPPING,Everyone
Digoo·Cloud,4.1,6.298949246855942,9.210440366976517,26.0,0.0,0,65,TOOLS,Everyone
DG ग्राम / Digital Gram Panchayat,4.5,3.9889840465642745,9.210440366976517,5.9,0.0,0,51,NEWS_AND_MAGAZINES,Teen
DG TV,5.0,1.3862943611198906,4.61512051684126,5.7,0.0,0,75,NEWS_AND_MAGAZINES,Everyone
Daily Horoscope,4.7,12.918017046173025,16.118095750958314,,0.0,0,20,LIFESTYLE,Everyone
DHgate-Shop Wholesale Prices,4.5,11.552809419668664,15.424948670398354,37.0,0.0,0,8,SHOPPING,Teen
DH Texas Poker - Texas Hold'em,4.4,13.239872597798957,16.118095750958314,,0.0,0,17,GAME,Teen
DEER HUNTER CLASSIC,4.4,15.186978042184734,17.72753358339242,77.0,0.0,0,24,GAME,Teen
DEER HUNTER RELOADED,4.3,12.6596133768699,15.424948670398354,43.0,0.0,0,1788,GAME,Teen
DH Pineapple Poker OFC,4.2,7.538494999413465,11.51293546492023,20.0,0.0,0,273,GAME,Teen
DH UFO,3.0,1.6094379124341003,6.90875477931522,8.0,0.0,0,427,FAMILY,Everyone
Galaxy Defense,4.1,11.266295760500698,15.424948670398354,17.0,0.0,0,1083,FAMILY,Everyone
Call of Mini™ Dino Hunter,4.2,12.694784553491052,16.118095750958314,10.0,0.0,0,1525,GAME,Teen
Castle Defense 2,4.2,10.46803402180176,13.815511557963774,34.0,0.0,0,566,FAMILY,Teen
Dungeon Rush,4.0,10.262350101920273,13.815511557963774,81.0,0.0,0,594,FAMILY,Everyone 10+
Bike Mayhem Free,4.3,12.711965121305772,16.118095750958314,,0.0,0,135,GAME,Everyone
Treasure Defense,4.1,8.168486417126681,11.51293546492023,35.0,0.0,0,1066,FAMILY,Teen
Car Crash III Beam DH Real Damage Simulator 2018,3.6,5.0238805208462765,9.210440366976517,100.0,0.0,0,81,GAME,Everyone
The Lost Lands:DH Lite,4.3,7.030857476116121,10.819798284210286,48.0,0.0,0,1224,FAMILY,Teen
DH-UFO,5.0,0.6931471805599453,4.61512051684126,59.0,0.0,0,77,FAMILY,Everyone
Dungeon Hunter Champions: Epic Online Action RPG,4.2,10.177628354421241,13.815511557963774,,0.0,0,14,FAMILY,Teen
Daddyhunt: Gay Dating,3.9,8.771990436532242,13.122365377402328,14.0,0.0,0,199,SOCIAL,Mature 17+
Tiny Defense,4.1,10.288341706740168,13.815511557963774,16.0,0.0,0,1083,FAMILY,Everyone
Toys Defense: Horror Land,3.8,5.1298987149230735,9.210440366976517,24.0,0.0,0,526,FAMILY,Everyone
D-H Pharmacy,5.0,1.9459101490553132,6.90875477931522,2.3,0.0,0,827,LIFESTYLE,Everyone
DEER HUNTER CHALLENGE,3.7,10.565350443056307,15.424948670398354,4.1,0.0,0,2677,GAME,Everyone 10+
Kingdom in Chaos,4.3,8.6347984334905,11.51293546492023,28.0,0.0,0,962,FAMILY,Everyone 10+
Desperate Housewives: The Game,4.2,9.25349564229011,13.122365377402328,27.0,0.0,0,3,FAMILY,Teen
Dinosaur War,4.3,11.97033765370114,16.118095750958314,27.0,0.0,0,735,FAMILY,Everyone
DH News,2.5,4.406719247264253,9.210440366976517,6.7,0.0,0,255,NEWS_AND_MAGAZINES,Mature 17+
Bike Unchained,4.3,11.333152657353832,15.424948670398354,23.0,0.0,0,9,SPORTS,Everyone
"Red Bull TV: Live Sports, Music & Entertainment",4.4,10.647090176584566,13.815511557963774,,0.0,0,6,FAMILY,Teen
Bike 3D Configurator,4.3,10.435967030196949,13.815511557963774,85.0,0.0,0,128,SPORTS,Everyone
Castle Defense : Invasion,4.2,7.3031700512368,11.51293546492023,41.0,0.0,0,25,FAMILY,Everyone
Defender,4.6,11.934237675171072,16.118095750958314,14.0,0.0,0,748,GAME,Everyone 10+
Avenger Legends,4.0,8.22040309993373,11.51293546492023,94.0,0.0,0,392,FAMILY,Everyone
DrivingTest,2.9,6.883462586413092,11.51293546492023,45.0,0.0,0,528,FAMILY,Everyone
Texas HoldEm Poker Deluxe,4.5,12.889399261816903,16.118095750958314,26.0,0.0,0,71,GAME,Teen
Idle Heroes,4.7,12.94131620823341,16.118095750958314,99.0,0.0,0,71,FAMILY,Everyone 10+
Wallpapers DH 4K,3.8,3.1780538303479458,6.90875477931522,5.9,0.0,0,24,PERSONALIZATION,Everyone
Deck Heroes: Legacy,4.7,13.053004724741886,16.118095750958314,52.0,0.0,0,24,GAME,Teen
Shred! Downhill Mountainbiking,3.9,10.637872641112319,13.815511557963774,63.0,0.0,0,553,GAME,Everyone
Pocket Heroes,4.5,11.478944599804487,13.815511557963774,26.0,0.0,0,1069,FAMILY,Everyone 10+
Duolingo: Learn Languages Free,4.7,15.655677737283142,18.420680753952364,,0.0,0,3,FAMILY,Everyone
"Free phone calls, free texting SMS on free number",4.5,12.930934070686178,16.118095750958314,35.0,0.0,0,9,SOCIAL,Everyone
DiskDigger photo recovery,4.2,12.336218940169957,17.72753358339242,,0.0,0,3,TOOLS,Everyone
Phone Tracker : Family Locator,4.3,12.352106184612612,16.118095750958314,5.4,0.0,0,7,SOCIAL,Everyone
Meme Generator Free,4.4,12.622790865866245,16.118095750958314,53.0,0.0,0,6,FAMILY,Mature 17+
Stop Smoking - EasyQuit free,4.8,10.573084592635812,13.122365377402328,4.0,0.0,0,33,HEALTH_AND_FITNESS,Everyone
FIFA Soccer,4.2,15.17880058679625,18.420680753952364,51.0,0.0,0,9,SPORTS,Everyone
My Photo Keyboard,4.1,12.262552217898268,16.118095750958314,20.0,0.0,0,133,PHOTOGRAPHY,Everyone
Archery Physics Objects Destruction Apple shooter,4.5,8.704004653483045,11.51293546492023,39.0,0.0,0,33,GAME,Teen
Story Saver for Instagram,4.5,10.629392297334245,15.424948670398354,5.0,0.0,0,9,PHOTOGRAPHY,Everyone
Cameringo+ Filters Camera,4.6,10.243809512312088,13.122365377402328,5.7,2.99,1,59,PHOTOGRAPHY,Everyone
Whoscall - Caller ID & Block,4.4,13.222454835929312,16.118095750958314,29.0,0.0,0,8,COMMUNICATION,Everyone
Cooking in the Kitchen,4.1,12.291043191440007,16.118095750958314,87.0,0.0,0,7,FAMILY,Everyone
Automatic Call Recorder,4.3,14.315386047239967,18.420680753952364,7.1,0.0,0,7,TOOLS,Everyone
Fancy Pants Adventures,4.7,10.932267331605557,13.815511557963774,61.0,0.0,0,392,GAME,Everyone 10+
Boomerang from Instagram,4.4,13.741563649762135,17.72753358339242,,0.0,0,24,PHOTOGRAPHY,Everyone
Shopee: No.1 Belanja Online,4.2,13.319880560313866,16.118095750958314,30.0,0.0,0,17,SHOPPING,Everyone
Lep's World 3 🍀🍀🍀,4.3,13.555446246575825,17.72753358339242,52.0,0.0,0,59,GAME,Everyone 10+
Robbery Bob,4.5,13.33381160424921,16.118095750958314,44.0,0.0,0,11,GAME,Everyone 10+
Video Downloader - for Instagram Repost App,4.8,12.714768001886895,16.118095750958314,4.6,0.0,0,13,VIDEO_PLAYERS,Everyone
Nyan Cat: Lost In Space,4.5,12.824816810415339,16.118095750958314,90.0,0.0,0,62,GAME,Everyone 10+
HOLLA Live: Meet New People via Random Video Chat,4.6,12.285410489461004,15.424948670398354,,0.0,0,3,SOCIAL,Mature 17+
"Quik – Free Video Editor for photos, clips, music",4.7,13.454061378334627,16.118095750958314,91.0,0.0,0,35,VIDEO_PLAYERS,Everyone
Euro Truck Driver (Simulator),4.4,13.664779524475893,16.118095750958314,30.0,0.0,0,175,FAMILY,Everyone
DJ Mix Effects Simulator,4.1,8.699181359308954,13.815511557963774,20.0,0.0,0,195,FAMILY,Everyone
3D DJ – Music Mixer with Virtual DJ,4.3,6.680854678790215,11.51293546492023,28.0,0.0,0,37,FAMILY,Everyone
Virtual DJ Mixer,4.2,7.607878073278507,11.51293546492023,16.0,0.0,0,448,TOOLS,Everyone
Mix Virtual DJ 2018,4.2,7.98139158158007,11.51293546492023,16.0,0.0,0,259,TOOLS,Everyone
Resources For Virtual DJ,3.6,9.956838728033123,13.815511557963774,7.9,0.0,0,601,FAMILY,Everyone
DK 15 Minute Language Course,2.8,3.091042453358316,6.90875477931522,57.0,0.0,0,125,FAMILY,Everyone
DK Readers,3.9,3.4339872044851463,6.90875477931522,16.0,0.0,0,1499,FAMILY,Everyone
Eyewitness Travel Phrase Book,3.8,2.3978952727983707,6.90875477931522,25.0,0.0,0,377,FAMILY,Everyone
DK Quiz,4.4,7.395721608602045,10.819798284210286,34.0,0.0,0,1582,GAME,Everyone
DK Virtual Reality,3.7,3.7612001156935624,6.90875477931522,29.0,0.0,0,149,FAMILY,Everyone
Bilingual Dictionary Audio App,2.7,4.23410650459726,8.517393171418904,87.0,0.0,0,99,BOOKS_AND_REFERENCE,Everyone
Super DK vs Kong Brother Advanced Free Classic,3.8,4.204692619390966,9.210440366976517,38.0,0.0,0,23,GAME,Everyone
English for Everyone,3.2,6.063785208687608,9.210440366976517,18.0,0.0,0,34,FAMILY,Everyone
DK Live - Sports Play by Play,3.9,5.545177444479562,11.51293546492023,19.0,0.0,0,79,SPORTS,Everyone
DK Eyewitness Audio Walks,2.3,2.302585092994046,6.90875477931522,70.0,0.0,0,125,TRAVEL_AND_LOCAL,Everyone
DK Pittsburgh Sports,4.1,6.322565239927284,9.210440366976517,3.3,0.0,0,14,SPORTS,Everyone
LineStar For DK,4.3,7.23561914106675,10.819798284210286,14.0,0.0,0,64,SPORTS,Everyone
Visuelles Wörterbuch Audio-App,3.1,5.262690188904886,9.210440366976517,66.0,0.0,0,398,FAMILY,Everyone
Fodbold DK Pro,4.6,5.755742213586912,6.90875477931522,4.3,2.99,1,64,SPORTS,Everyone
10 Minutes a Day Times Tables,4.1,6.525029657843462,11.51293546492023,48.0,0.0,0,1498,FAMILY,Everyone
dk Verk,4.4,2.302585092994046,6.2166061010848646,31.0,0.0,0,148,BUSINESS,Everyone
e-Boks.dk,3.2,8.817742129574842,13.815511557963774,3.3,0.0,0,141,PRODUCTIVITY,Everyone
Account Class-11 Solutions (D K Goel),4.5,6.498282149476434,10.819798284210286,25.0,0.0,0,181,FAMILY,Everyone
Dating.dk,3.7,7.655390644826152,11.51293546492023,11.0,0.0,0,3,SOCIAL,Mature 17+
Account Class-12 Solutions (D K Goel) Vol-1,4.4,6.5638555265321274,10.819798284210286,33.0,0.0,0,178,FAMILY,Everyone
Salah Widget (DK+Malmo),4.5,6.278521424165844,9.210440366976517,6.4,0.0,0,1138,LIFESTYLE,Everyone
PK and DK Audio App,5.0,1.0986122886681098,4.61512051684126,3.9,0.0,0,288,FAMILY,Everyone
dk,4.8,1.791759469228055,2.3978952727983707,1.5,0.0,0,325,FAMILY,Everyone
Account Class-12 Solutions (D K Goel) Vol-2,4.6,4.8283137373023015,9.210440366976517,23.0,0.0,0,114,FAMILY,Everyone
DK Browser,4.0,0.6931471805599453,2.3978952727983707,2.4,0.0,0,471,COMMUNICATION,Everyone
Discovery K!ds Play!,4.1,9.872461173931006,13.815511557963774,35.0,0.0,0,98,FAMILY,Everyone
Transport DK,4.1,5.3230099791384085,9.210440366976517,11.0,0.0,0,437,MAPS_AND_NAVIGATION,Everyone
DK Murali,4.8,4.189654742026425,6.2166061010848646,7.1,0.0,0,530,SOCIAL,Teen
GirlTalk.dk,4.3,1.3862943611198906,4.61512051684126,5.3,0.0,0,321,SOCIAL,Teen
NY mobilbank DK - Danske Bank,2.8,6.747586526829315,11.51293546492023,30.0,0.0,0,44,FINANCE,Everyone
Advanced Download Manager Pro,4.7,8.780480107033297,10.819798284210286,2.0,2.99,1,279,TOOLS,Everyone
Advanced Download Manager,4.5,13.252914332935472,16.118095750958314,,0.0,0,279,TOOLS,Everyone
GetThemAll Any File Downloader,4.2,11.420667622042432,15.424948670398354,6.3,0.0,0,79,TOOLS,Everyone
Downloader & Private Browser,4.3,13.885564466352434,17.72753358339242,,0.0,0,15,TOOLS,Everyone
Download All Files,3.8,11.699363537276023,16.118095750958314,2.3,0.0,0,57,TOOLS,Everyone
Download Manager Pro FREE,3.8,6.45833828334479,11.51293546492023,7.2,0.0,0,282,PRODUCTIVITY,Everyone
Download Accelerator Plus,4.2,10.684599821824717,13.815511557963774,,0.0,0,344,TOOLS,Everyone
Download Manager,3.8,11.278885260180807,16.118095750958314,2.2,0.0,0,218,TOOLS,Everyone
Download Video Free,4.0,10.588678163379617,13.815511557963774,6.2,0.0,0,128,FAMILY,Everyone
Fast Download Manager,4.0,9.824390231177425,13.815511557963774,1.7,0.0,0,5,TOOLS,Everyone
DL Hughley,4.6,2.5649493574615367,6.90875477931522,10.0,0.0,0,139,FAMILY,Mature 17+
Turbo Download Manager (and Browser),4.0,10.400619849170116,15.424948670398354,3.2,0.0,0,5,TOOLS,Everyone
D.L. Evans Bank Mobile Banking,4.3,4.454347296253507,9.210440366976517,30.0,0.0,0,99,FINANCE,Everyone
The DL Hughley Show,4.3,3.1780538303479458,8.517393171418904,11.0,0.0,0,72,FAMILY,Everyone
Download Blazer,3.9,10.451984613023129,15.424948670398354,2.4,0.0,0,58,TOOLS,Everyone
DL Image Manager,5.0,1.0986122886681098,2.3978952727983707,1.7,0.99,1,11,PRODUCTIVITY,Everyone
Download Manager For Android Free,4.0,6.386879319362645,11.51293546492023,3.3,0.0,0,119,TOOLS,Everyone
FrostWire: Torrent Downloader & Music Player,4.1,12.441966564329647,16.118095750958314,13.0,0.0,0,7,VIDEO_PLAYERS,Everyone
Turbo Downloader,3.9,10.058309435627498,15.424948670398354,3.2,0.0,0,36,TOOLS,Everyone
Trimble DL,4.2,4.897839799950911,9.210440366976517,7.9,0.0,0,209,PRODUCTIVITY,Everyone
Insave-Download for Instagram,4.3,10.741665380134448,13.815511557963774,5.2,0.0,0,688,PHOTOGRAPHY,Everyone
+Download 4 Instagram Twitter,4.5,10.60826681732578,13.815511557963774,22.0,0.0,0,7,SOCIAL,Everyone
Advanced Download Manager Holo,4.4,9.692334329073471,13.815511557963774,1.6,0.0,0,757,TOOLS,Everyone
G-Download Manager,4.1,6.688354713946762,10.819798284210286,9.4,0.0,0,77,TOOLS,Everyone
DL Calculator,4.5,5.181783550292085,9.210440366976517,1.1,0.0,0,1057,SPORTS,Everyone
Inst Download - Video & Photo,4.6,11.909793725852875,16.118095750958314,3.3,0.0,0,232,VIDEO_PLAYERS,Everyone
Vuze Torrent Downloader,4.1,10.10911865209904,13.815511557963774,5.5,0.0,0,888,VIDEO_PLAYERS,Everyone
IDM Internet Download Manager,3.9,7.187657164114956,11.51293546492023,4.2,0.0,0,653,PRODUCTIVITY,Everyone
TorrDroid - Torrent Downloader,4.7,10.995964391098154,13.815511557963774,10.0,0.0,0,128,TOOLS,Everyone
Download Manager - File & Video,3.9,9.080345575359996,13.815511557963774,5.0,0.0,0,57,TOOLS,Everyone
AndStream - Streaming Download,4.3,10.561214787864813,13.815511557963774,2.9,0.0,0,508,VIDEO_PLAYERS,Everyone
DM Me - Chat,2.9,4.51085950651685,9.210440366976517,30.0,0.0,0,31,SOCIAL,Mature 17+
DM Screen,4.4,5.648974238161206,9.210440366976517,5.4,0.0,0,209,BOOKS_AND_REFERENCE,Everyone 10+
DM for IG 😘 - Image & Video Saver for Instagram,3.7,4.02535169073515,8.517393171418904,3.7,0.0,0,159,SOCIAL,Teen
DM for WhatsApp,4.4,3.258096538021482,8.517393171418904,2.9,0.0,0,67,COMMUNICATION,Everyone
Fifth Edition DM Tools,4.1,6.849066282633458,11.51293546492023,3.0,0.0,0,567,FAMILY,Everyone
DM airdisk,2.8,2.4849066497880004,6.90875477931522,11.0,0.0,0,734,TOOLS,Everyone
Diabetes mellitus (DM) from zero to hero,4.9,2.9444389791664403,6.90875477931522,3.0,0.0,0,204,MEDICAL,Everyone
Auto DM for Twitter 🔥,3.4,3.8066624897703196,6.90875477931522,6.3,0.0,0,80,SOCIAL,Teen
DM HiDisk,2.8,4.007333185232471,8.517393171418904,20.0,0.0,0,63,TOOLS,Everyone
DM EVOLUTION,2.5,6.111467339502679,9.210440366976517,97.0,0.0,0,17,GAME,Everyone
Daily DM,4.7,3.9512437185814275,6.90875477931522,0.2529296875,0.0,0,1770,PERSONALIZATION,Everyone
Dungeons and Dragons DM Tools,3.1,3.9318256327243257,6.90875477931522,4.9,1.99,1,533,BOOKS_AND_REFERENCE,Everyone
DM airdisk Pro,3.2,2.4849066497880004,6.90875477931522,36.0,0.0,0,323,TOOLS,Everyone
Convert Coordinates DM to DMS,4.3,2.772588722239781,8.517393171418904,0.16015625,0.0,0,2013,MAPS_AND_NAVIGATION,Everyone
DM security - Dragon Mobile,3.9,3.332204510175204,6.90875477931522,3.0,0.0,0,470,TOOLS,Everyone
DM 24/7,3.6,2.0794415416798357,6.90875477931522,16.0,0.0,0,8,TOOLS,Everyone
DM Storage (for twitter),3.2,1.9459101490553132,4.61512051684126,0.447265625,0.0,0,1352,SOCIAL,Everyone
DM Tracker,3.5,2.4849066497880004,6.90875477931522,5.2,0.0,0,14,COMMUNICATION,Everyone
DM Tuning,3.3,4.174387269895637,8.517393171418904,5.7,0.0,0,127,SPORTS,Everyone
Aster DM Healthcare,2.4,3.4965075614664802,8.517393171418904,8.5,0.0,0,261,MEDICAL,Everyone
Fake Chat (Direct Message),4.4,8.697178688412643,13.122365377402328,5.9,0.0,0,399,SOCIAL,Everyone
Interactive NPC DM Tool,2.8,1.791759469228055,3.9318256327243257,0.6142578125,0.99,1,1286,FAMILY,Everyone
DM Buddy » Learn Digital Marketing,5.0,1.3862943611198906,6.2166061010848646,1.7,0.0,0,394,FAMILY,Everyone
Basketball Dynasty Manager 16,4.4,6.056784013228625,8.517393171418904,21.0,1.99,1,799,SPORTS,Everyone
Disciple Maker’s (DM) Lab,5.0,1.3862943611198906,4.61512051684126,4.0,0.0,0,8,FAMILY,Everyone
DN,3.3,4.3694478524670215,9.210440366976517,17.0,0.0,0,38,NEWS_AND_MAGAZINES,Everyone
DN eAvis,2.9,4.127134385045092,9.210440366976517,4.1,0.0,0,554,NEWS_AND_MAGAZINES,Everyone
DN Sync,4.1,4.04305126783455,6.90875477931522,0.02734375,0.0,0,787,NEWS_AND_MAGAZINES,Everyone 10+
DN Reader,4.6,2.9444389791664403,4.61512051684126,1.8,0.0,0,1610,NEWS_AND_MAGAZINES,Everyone
e-DN - den digitala tidningen från Dagens Nyheter,2.2,5.081404364984463,10.819798284210286,32.0,0.0,0,77,NEWS_AND_MAGAZINES,Everyone 10+
MultiPicture Live Wallpaper dn,4.3,6.226536669287466,9.210440366976517,0.28125,1.99,1,2006,PERSONALIZATION,Everyone
DN Blog,5.0,3.044522437723423,2.3978952727983707,4.2,0.0,0,17,SOCIAL,Teen
Dagens Nyheter,2.5,7.628517626575055,11.51293546492023,17.0,0.0,0,36,NEWS_AND_MAGAZINES,Everyone
DN.VR,3.0,3.4011973816621555,8.517393171418904,37.0,0.0,0,78,NEWS_AND_MAGAZINES,Everyone 10+
DN - Diário de Notícias,3.7,6.678342114654332,11.51293546492023,15.0,0.0,0,14,NEWS_AND_MAGAZINES,Everyone
DN Employee,5.0,0.6931471805599453,2.3978952727983707,3.8,0.0,0,45,FAMILY,Everyone
DN Calculators,5.0,2.5649493574615367,4.61512051684126,0.7568359375,0.0,0,1799,FINANCE,Everyone
Writing Wizard Premium - Handwriting,4.1,4.499809670330265,8.517393171418904,33.0,4.49,1,249,FAMILY,Everyone
Sverige Tidningar,4.1,6.80903930604298,10.819798284210286,4.0,0.0,0,10,NEWS_AND_MAGAZINES,Everyone
Svenska Dagbladet,2.6,6.710523109452428,11.51293546492023,,0.0,0,177,NEWS_AND_MAGAZINES,Everyone
Dragon Nest M,4.6,9.382022193665792,11.51293546492023,62.0,0.0,0,23,FAMILY,Teen
Downtown Mafia: Gang Wars (Mobster Game) Free,4.5,11.142064661548995,13.815511557963774,,0.0,0,341,FAMILY,Teen
Guardian Hunter: SuperBrawlRPG,4.5,12.804947607417713,13.815511557963774,27.0,0.0,0,3,FAMILY,Everyone 10+
ES Remote,3.3,6.56244409369372,11.51293546492023,15.0,0.0,0,1358,FAMILY,Everyone
Destiny Ninja Shall we date otome games love story,4.4,9.47883962501119,13.122365377402328,30.0,0.0,0,111,GAME,Everyone 10+
Day Night Live Wallpaper (All),4.7,8.488176242345745,10.819798284210286,18.0,2.49,1,190,PERSONALIZATION,Everyone
CritDice - Dice Roller,4.7,7.976251943745623,10.819798284210286,5.3,0.0,0,648,FAMILY,Everyone
Cursive Writing Wizard - Handwriting,4.0,8.228443883004033,13.815511557963774,31.0,0.0,0,249,FAMILY,Everyone
Free Poker Games : Downtown Casino - Texas Holdem,4.5,7.617267813628347,10.819798284210286,50.0,0.0,0,65,GAME,Teen
WFVS 2018 | WhatApp Full Video Status & Downloader,4.3,6.391917113392602,10.819798284210286,22.0,0.0,0,36,PRODUCTIVITY,Everyone
Maher EL Mouaikly - Offline,4.6,5.117993812416755,9.210440366976517,2.6,0.0,0,442,FAMILY,Everyone
Darkness Rises,4.7,13.031289213004934,15.424948670398354,86.0,0.0,0,16,FAMILY,Teen
NARUTO X BORUTO NINJA VOLTAGE,4.4,12.496485984674969,15.424948670398354,71.0,0.0,0,21,GAME,Everyone 10+
Sword Art Online: Integral Factor,4.0,10.722385938401633,13.815511557963774,32.0,0.0,0,14,FAMILY,Everyone 10+
Mahalaxmi Dindarshika 2018,4.2,10.1436062080563,13.815511557963774,9.2,0.0,0,216,PRODUCTIVITY,Everyone
"Microsoft To-Do: List, Task & Reminder",4.1,9.577272530367564,13.815511557963774,16.0,0.0,0,9,PRODUCTIVITY,Everyone
"Any.do: To-do list, Calendar, Reminders & Planner",4.5,12.607713784913848,16.118095750958314,,0.0,0,4,PRODUCTIVITY,Everyone
PDF Reader - Scan、Edit & Share,4.3,10.906341227535142,16.118095750958314,,0.0,0,10,BUSINESS,Everyone
Notepad & To do list,4.3,12.329599155813623,16.118095750958314,4.2,0.0,0,64,PRODUCTIVITY,Everyone
To Do List,4.7,12.44176117848001,15.424948670398354,3.5,0.0,0,143,PRODUCTIVITY,Everyone
File Viewer for Android,4.1,8.862766742283796,13.815511557963774,,0.0,0,196,TOOLS,Everyone
"Polaris Office - Word, Docs, Sheets, Slide, PDF",4.3,13.217493541006709,16.118095750958314,60.0,0.0,0,22,PRODUCTIVITY,Everyone
Google Keep,4.4,13.446582276143454,18.420680753952364,,0.0,0,3,PRODUCTIVITY,Everyone
do,3.1,6.97914527506881,11.51293546492023,5.9,0.0,0,792,FAMILY,Everyone
Does not Commute,4.0,11.945415423236785,15.424948670398354,78.0,0.0,0,1031,GAME,Everyone
To Do Reminder with Alarm,4.4,11.186668870538671,13.815511557963774,4.9,0.0,0,141,PRODUCTIVITY,Everyone
To-Do Calendar Planner,4.2,10.318638930233714,13.815511557963774,,0.0,0,72,PRODUCTIVITY,Everyone
wikiHow: how to do anything,4.4,10.671023023099933,13.815511557963774,3.0,0.0,0,477,BOOKS_AND_REFERENCE,Teen
"Ike - To-Do List, Task List",4.6,8.751632702472298,11.51293546492023,6.3,0.0,0,607,PRODUCTIVITY,Everyone
Kung Fu Do Fighting,4.0,12.510667143253364,16.118095750958314,,0.0,0,15,GAME,Teen
"My Effectiveness: To do, Tasks",4.6,9.553220604892726,13.122365377402328,8.4,0.0,0,4,PRODUCTIVITY,Everyone
Do it (Tomorrow),4.3,10.183124852404802,13.815511557963774,4.0,0.0,0,1375,PRODUCTIVITY,Everyone
Do Not Disturb,4.3,8.71948076085107,11.51293546492023,1.9,0.0,0,260,PRODUCTIVITY,Everyone
To-Do List Widget,3.9,8.962135390066601,13.815511557963774,0.1962890625,0.0,0,1776,PRODUCTIVITY,Everyone
NoteToDo. Notes. To do list,4.5,10.958670283276902,13.815511557963774,5.0,0.0,0,5,PRODUCTIVITY,Everyone
"Memory Helper - To do list, Notepad, Notes, Memo",4.7,8.931551966694522,13.122365377402328,4.0,0.0,0,19,PRODUCTIVITY,Everyone
"2Do - Reminders, To-do List & Notes",4.3,8.444622498581403,11.51293546492023,30.0,0.0,0,51,PRODUCTIVITY,Everyone
"Notes : Colorful Notepad Note,To Do,Reminder,Memo",4.6,9.25770094333602,13.815511557963774,9.0,0.0,0,61,LIFESTYLE,Everyone
"Time Planner - Schedule, To-Do List, Time Tracker",4.2,7.839131648274333,13.122365377402328,8.5,0.0,0,211,PRODUCTIVITY,Everyone
MyLifeOrganized: To-Do List,4.3,8.398860004454372,11.51293546492023,,0.0,0,52,PRODUCTIVITY,Everyone
Cal - Google Calendar + Widget,4.2,11.364112182528565,13.815511557963774,13.0,0.0,0,920,PRODUCTIVITY,Everyone
"Clean My House – Chore To Do List, Task Scheduler",4.1,6.495265555937008,11.51293546492023,3.4,0.0,0,49,PRODUCTIVITY,Everyone
"Goal Meter: Goal Tracker, Habit Changer,To-Do List",4.6,8.98343977178426,11.51293546492023,20.0,0.0,0,184,PRODUCTIVITY,Everyone
To-do list,4.4,6.535241271013659,10.819798284210286,4.4,0.0,0,23,PRODUCTIVITY,Everyone
Do Not Crash,3.7,10.944912015167048,13.815511557963774,8.3,0.0,0,1281,FAMILY,Everyone
Do I Snore or Grind,4.4,7.738923757439457,11.51293546492023,19.0,0.0,0,31,MEDICAL,Everyone
How well do you know me?,3.9,7.1631723908466425,11.51293546492023,6.4,0.0,0,14,GAME,Everyone
EasyNote Notepad | To Do List,4.3,9.656243400857722,13.815511557963774,2.4,0.0,0,255,TOOLS,Everyone
Apex Launcher,4.3,12.492885590399975,16.118095750958314,,0.0,0,5,PERSONALIZATION,Everyone
Adobe Fill & Sign: Easy PDF Form Filler,4.3,9.341631757657359,13.815511557963774,5.3,0.0,0,275,PRODUCTIVITY,Everyone
DO YOU KNOW THE WAY Soundboard,4.5,6.915723448631314,11.51293546492023,5.2,0.0,0,39,FAMILY,Everyone
Dude Perfect 2,4.5,12.903333851868995,16.118095750958314,70.0,0.0,0,484,GAME,Everyone
Endless Ducker,4.5,9.011157458106817,13.122365377402328,41.0,0.0,0,692,GAME,Everyone
Dude Perfect,4.5,4.584967478670572,9.210440366976517,1.9,0.0,0,407,SPORTS,Everyone
that's lit,4.7,7.017506142941256,11.51293546492023,39.0,0.0,0,398,GAME,Everyone
All Type DP,4.3,7.5251007461258,13.122365377402328,5.8,0.0,0,91,FAMILY,Everyone
Dp For WhatsApp,4.4,7.392647520721623,13.815511557963774,11.0,0.0,0,47,PERSONALIZATION,Mature 17+
DP and Status for WhatsApp 2018,4.5,6.669498089857879,11.51293546492023,6.9,0.0,0,173,SOCIAL,Everyone
DP Editor,4.3,2.9444389791664403,8.517393171418904,15.0,0.0,0,5,PHOTOGRAPHY,Teen
DP & Status,4.3,7.56164174558878,13.122365377402328,4.7,0.0,0,212,FAMILY,Everyone
Dp for girls,4.2,5.170483995038151,10.819798284210286,8.2,0.0,0,440,ART_AND_DESIGN,Everyone
DP Maker,4.2,6.665683717782408,11.51293546492023,18.0,0.0,0,102,PHOTOGRAPHY,Everyone
Download Instant DP (Full HD),4.3,7.157735484249907,11.51293546492023,4.4,0.0,0,5,TOOLS,Everyone
Square DP For Whatsapp,4.2,4.219507705176107,9.210440366976517,15.0,0.0,0,498,PHOTOGRAPHY,Everyone
Profile pictures for WhatsApp,4.7,9.28609698437543,13.122365377402328,9.4,0.0,0,81,PERSONALIZATION,Mature 17+
DP and Status,4.1,6.436150368369428,11.51293546492023,3.0,0.0,0,363,FAMILY,Everyone
Dp For Whatsapp,4.3,3.6888794541139363,8.517393171418904,12.0,0.0,0,483,SOCIAL,Everyone
DP & Status for Whatsapp 2018,4.1,5.683579767338681,11.51293546492023,3.4,0.0,0,6,PERSONALIZATION,Everyone
DP Creator for WhatsApp,3.8,8.479283618343016,11.51293546492023,5.1,0.0,0,873,PHOTOGRAPHY,Everyone
Dp For FB,4.5,2.5649493574615367,6.90875477931522,2.0,0.0,0,294,PHOTOGRAPHY,Teen
Best DP and Status (Daily Updates Photos),4.1,8.007700012884026,13.815511557963774,3.2,0.0,0,94,FAMILY,Everyone
Profile Pictures and DP for Whatsapp,4.3,3.8918202981106265,8.517393171418904,11.0,0.0,0,454,SOCIAL,Everyone
All Types DP & Status Maker,4.5,2.833213344056216,6.90875477931522,14.0,0.0,0,28,PHOTOGRAPHY,Teen
DP Photo Editor,4.1,4.48863636973214,9.210440366976517,7.7,0.0,0,314,PHOTOGRAPHY,Everyone
Status For WhatsApp DP - pro,4.4,3.912023005428146,9.210440366976517,12.0,0.0,0,70,PERSONALIZATION,Teen
"Marathi DP - status and message,jokes,Video app",4.3,6.543911845564792,11.51293546492023,3.8,0.0,0,8,FAMILY,Everyone
Cute Images for Whatsapp,4.4,6.453624998892692,11.51293546492023,8.1,0.0,0,960,FAMILY,Teen
Profile Pictures - Best DP Status,4.3,4.882801922586371,10.819798284210286,5.4,0.0,0,253,FAMILY,Everyone
Dp for Facebook,4.1,4.04305126783455,8.517393171418904,10.0,0.0,0,450,SOCIAL,Everyone
Fifa World Cup 2018: Photo Frame Editor & DP Maker,4.6,6.502790045915623,11.51293546492023,8.7,0.0,0,50,PHOTOGRAPHY,Everyone
DP and Status Images | All Latest Status 2018,4.7,3.258096538021482,9.210440366976517,3.8,0.0,0,383,LIFESTYLE,Teen
Best DP and Status,4.2,4.543294782270004,9.210440366976517,5.6,0.0,0,253,SOCIAL,Teen
"100000+ Messages - DP, Status, Jokes & GIF 2018",3.7,4.804021044733257,9.210440366976517,3.8,0.0,0,223,LIFESTYLE,Mature 17+
Instant DP Downloader for Instagram,4.7,3.6635616461296463,8.517393171418904,4.1,0.0,0,5,SOCIAL,Everyone
DP Display Pictures Life Quotes Motivational GM,4.4,3.6888794541139363,8.517393171418904,11.0,0.0,0,220,SOCIAL,Everyone
Latest DP and Status Pro 2018,4.7,2.995732273553991,6.90875477931522,5.7,0.0,0,216,FAMILY,Everyone
Best DP And Video Status 2018 For Whatsapp,4.2,4.5217885770490405,9.210440366976517,3.8,0.0,0,70,FAMILY,Everyone
Qeek for Instagram - Zoom profile insta DP,4.6,9.40195197567723,13.122365377402328,9.1,0.0,0,98,SOCIAL,Everyone
DP Battle,4.5,4.890349128221754,8.517393171418904,2.5,0.0,0,501,FAMILY,Everyone
Faceoff DP Battle App,4.8,3.6635616461296463,6.90875477931522,6.7,0.0,0,55,FAMILY,Everyone
Insta Square Profile DP,3.7,3.7612001156935624,8.517393171418904,11.0,0.0,0,1073,PHOTOGRAPHY,Everyone
Name Art DP - Focus n Filter Text 2018,4.3,4.890349128221754,9.210440366976517,7.7,0.0,0,217,ART_AND_DESIGN,Everyone
DP Status 2017,4.2,5.713732805509369,10.819798284210286,7.0,0.0,0,420,PHOTOGRAPHY,Everyone
Dairy Queen,3.6,6.610696044717759,11.51293546492023,43.0,0.0,0,15,FOOD_AND_DRINK,Everyone
DQ Texas,4.1,5.820082930352362,11.51293546492023,13.0,0.0,0,83,FOOD_AND_DRINK,Everyone
DQ Events,2.3,3.7376696182833684,9.210440366976517,20.0,0.0,0,232,BUSINESS,Everyone
Dash Quest Heroes,4.3,9.039907859574642,13.122365377402328,59.0,0.0,0,24,GAME,Everyone 10+
Coupons for Dairy Queen,4.6,3.7612001156935624,4.61512051684126,3.9,0.0,0,22,FOOD_AND_DRINK,Teen
DRAGON QUEST VIII,4.5,8.963544291996744,10.819798284210286,27.0,19.99,1,492,FAMILY,Everyone 10+
ODTMobile v4,4.0,1.3862943611198906,6.90875477931522,16.0,0.0,0,114,BUSINESS,Everyone
DRAGON QUEST III,4.2,7.415776975415394,9.210440366976517,63.0,9.99,1,153,FAMILY,Everyone
LightMeter (noAds),4.6,6.42648845745769,9.210440366976517,12.0,1.99,1,625,PHOTOGRAPHY,Everyone
DRAGON QUEST,4.2,9.175748927206564,11.51293546492023,30.0,2.99,1,517,FAMILY,Everyone
DRAGON QUEST II,4.5,7.854381210652365,9.210440366976517,44.0,4.99,1,153,FAMILY,Everyone
SONIC Drive-In,4.3,9.871687239986331,13.815511557963774,43.0,0.0,0,9,FOOD_AND_DRINK,Everyone
DRAGON QUEST VI,4.4,8.119398589612294,11.51293546492023,17.0,14.99,1,8,FAMILY,Everyone
McDonald's,3.6,11.888941164853104,16.118095750958314,42.0,0.0,0,9,FOOD_AND_DRINK,Everyone
DQT GPS,4.0,1.3862943611198906,6.2166061010848646,6.3,0.0,0,1039,BUSINESS,Everyone
Discovery Insure,2.8,7.555905093611346,11.51293546492023,20.0,0.0,0,145,MAPS_AND_NAVIGATION,Everyone
Taco Bell,3.8,10.24498286663967,13.815511557963774,16.0,0.0,0,10,LIFESTYLE,Everyone
LightMeter Free,4.1,8.60995467149755,13.815511557963774,13.0,0.0,0,833,PHOTOGRAPHY,Everyone
CHRONO TRIGGER (Upgrade Ver.),3.8,9.328212292571072,11.51293546492023,6.3,9.99,1,58,FAMILY,Everyone 10+
ODTMobile,3.4,2.772588722239781,9.210440366976517,2.7,0.0,0,882,BUSINESS,Everyone
Whataburger,4.5,8.535818655539403,13.122365377402328,56.0,0.0,0,121,FOOD_AND_DRINK,Everyone
FINAL FANTASY DIMENSIONS,4.3,9.042040056544483,11.51293546492023,1.1,13.99,1,512,FAMILY,Everyone
Arby's,3.1,5.272999558563747,11.51293546492023,26.0,0.0,0,28,FOOD_AND_DRINK,Everyone
RPG Dragon Lapis,4.6,9.509926311430787,11.51293546492023,56.0,0.0,0,31,FAMILY,Teen
Find Fast Food,3.3,5.60947179518496,11.51293546492023,0.7666015625,0.0,0,2097,SHOPPING,Everyone
Jungle book-The Great Escape,3.9,7.767687277186908,11.51293546492023,25.0,0.0,0,1849,GAME,Everyone
Bunny Skater,4.2,11.845339478130587,16.118095750958314,4.7,0.0,0,1723,GAME,Everyone
DQSalmaan - A fan made App,4.9,6.56244409369372,9.210440366976517,6.0,0.0,0,186,FAMILY,Everyone
Culver's,3.9,7.40184157874383,11.51293546492023,4.9,0.0,0,120,LIFESTYLE,Everyone
Wendy’s – Food and Offers,3.4,8.781555458546402,13.815511557963774,18.0,0.0,0,119,FOOD_AND_DRINK,Everyone
World Webcams,3.7,8.97423821949758,13.815511557963774,,0.0,0,1718,WEATHER,Everyone
Dunkin' Donuts,4.2,11.131240358027329,13.815511557963774,66.0,0.0,0,50,FOOD_AND_DRINK,Everyone
SUBWAY®,3.8,9.970304725573445,13.815511557963774,41.0,0.0,0,16,FOOD_AND_DRINK,Everyone
The Walking Zombie: Dead City,4.6,10.978080335360017,13.815511557963774,96.0,0.0,0,169,GAME,Teen
Monster Fishing 2018,4.4,10.400680674570822,13.815511557963774,76.0,0.0,0,2,SPORTS,Everyone
Call Blocker & Blacklist,4.0,1.9459101490553132,6.90875477931522,4.2,0.0,0,27,COMMUNICATION,Everyone
Panera Bread,4.2,9.232688775639945,13.815511557963774,36.0,0.0,0,3,FOOD_AND_DRINK,Everyone
IHOP®,4.2,6.091309882077698,11.51293546492023,24.0,0.0,0,128,FOOD_AND_DRINK,Everyone
Starbucks,4.5,13.029144409491416,16.118095750958314,35.0,0.0,0,8,FOOD_AND_DRINK,Everyone
myGrow,4.6,4.442651256490317,6.90875477931522,23.0,4.29,1,832,PRODUCTIVITY,Mature 17+
Dr. Parking 4,4.4,13.07184872716315,17.72753358339242,13.0,0.0,0,156,GAME,Everyone
Dr. Driving 2,4.6,12.790057648820984,16.118095750958314,19.0,0.0,0,98,GAME,Everyone
Anti-virus Dr.Web Light,4.5,13.905438095488257,18.420680753952364,,0.0,0,30,TOOLS,Everyone
dr.fone - Recovery & Transfer wirelessly & Backup,3.7,10.058266606323683,15.424948670398354,7.6,0.0,0,73,TOOLS,Everyone
Dr. Truck Driver : Real Truck Simulator 3D,4.1,7.394493107219038,11.51293546492023,96.0,0.0,0,35,FAMILY,Everyone 10+
Dr. Cares - Pet Rescue 911 🐶,4.2,9.577272530367564,13.122365377402328,35.0,0.0,0,322,FAMILY,Everyone
Dr. Panda Town,4.0,10.507229584228375,13.815511557963774,,0.0,0,6,FAMILY,Everyone
Dr. Parker : Parking Simulator,4.5,9.564792848061815,13.815511557963774,81.0,0.0,0,203,GAME,Everyone
Dr. Parker : Real car parking simulation,4.6,9.669662152875057,13.815511557963774,95.0,0.0,0,16,GAME,Everyone
Dr. Battery - Fast Charger - Super Cleaner 2018,4.5,11.53016598935263,13.815511557963774,10.0,0.0,0,14,TOOLS,Everyone
"Dr. Safety - Antivirus, Booster, Cleaner, AppLock",4.4,12.828137272738084,16.118095750958314,21.0,0.0,0,3,TOOLS,Everyone
DR TV,3.3,8.812396905266864,13.122365377402328,4.7,0.0,0,45,VIDEO_PLAYERS,Mature 17+
Real Car Dr Parking Master: Parking Games 2018,4.2,8.11552088154677,13.815511557963774,27.0,0.0,0,89,FAMILY,Everyone
Doctor Kids,4.2,12.208325106833465,16.118095750958314,25.0,0.0,0,14,FAMILY,Everyone
Dr. Rocket,4.0,10.649772575258925,13.815511557963774,3.4,0.0,0,215,GAME,Everyone
Dr. Muscle,4.0,4.477336814478207,9.210440366976517,33.0,0.0,0,12,HEALTH_AND_FITNESS,Everyone
Dr. Dominoes,4.0,7.901377353792616,13.122365377402328,5.7,0.0,0,218,GAME,Everyone
Dr. Sudoku,3.5,7.745435610274381,13.122365377402328,3.1,0.0,0,217,FAMILY,Everyone
Dr.Web Security Space,4.5,13.29531954889777,16.118095750958314,,0.0,0,20,TOOLS,Everyone
Dr. Unblock,3.9,8.255308811785596,13.815511557963774,4.3,0.0,0,218,FAMILY,Everyone
Dr. Gomoku,3.9,11.354140731147856,15.424948670398354,4.5,0.0,0,206,GAME,Everyone
Dr. Panda Farm,4.1,5.583496308781699,9.210440366976517,46.0,2.99,1,749,FAMILY,Everyone
DR.MEEP,4.4,4.007333185232471,6.2166061010848646,33.0,2.99,1,41,FAMILY,Everyone
Dr. Panda Art Class,4.2,6.921658184151129,10.819798284210286,58.0,2.99,1,470,FAMILY,Everyone
Dr. Panda's Swimming Pool,4.4,7.7458682297922685,11.51293546492023,9.3,1.99,1,1302,FAMILY,Everyone
Dr. Pixel: Pill mania Classic,4.3,7.791522819150732,11.51293546492023,6.2,0.0,0,131,FAMILY,Everyone
Dr. Chess,4.1,11.484628865815115,13.815511557963774,6.7,0.0,0,207,GAME,Everyone
Super Dr. Parking 3D,4.0,8.41604600941128,13.815511557963774,41.0,0.0,0,235,FAMILY,Everyone
Dr Dre - Beatmaker,4.3,4.990432586778736,9.210440366976517,6.0,0.0,0,162,GAME,Mature 17+
Dr. Panda & Toto's Treehouse,4.4,8.130942302231878,10.819798284210286,9.5,3.99,1,1339,FAMILY,Everyone
Dr. Cares - Amy's Pet Clinic 🐈 🐕,4.5,8.183397369998433,11.51293546492023,60.0,0.0,0,101,FAMILY,Everyone
Dr. Splorchy Presents Space Heroes,4.6,2.9444389791664403,4.61512051684126,31.0,4.99,1,17,GAME,Mature 17+
Pet Vet Dr - Animals Hospital,3.7,9.371523409567573,13.815511557963774,36.0,0.0,0,647,FAMILY,Teen
Dr.Android Repair Master 2017,3.8,7.095064377287131,11.51293546492023,4.3,0.0,0,60,PRODUCTIVITY,Everyone
DR CONTROL,3.4,5.5909869805108565,9.210440366976517,1.5,0.0,0,519,FAMILY,Everyone
Dr Driving Racer,4.3,5.214935757608986,9.210440366976517,68.0,0.0,0,56,GAME,Everyone
Dr. McDougall Mobile Cookbook,3.8,4.343805421853684,6.90875477931522,1.2,4.99,1,1291,HEALTH_AND_FITNESS,Everyone
Dr. Seuss's ABC,4.7,6.063785208687608,9.210440366976517,12.0,3.99,1,164,FAMILY,Everyone
Dr. Booster - Boost Game Speed,4.4,11.841315125398085,16.118095750958314,22.0,0.0,0,86,TOOLS,Everyone
Dr. Panda Hospital,4.4,6.9957661563048505,10.819798284210286,45.0,2.99,1,1708,FAMILY,Everyone
Dr. Panda Café Freemium,4.1,9.374922172292127,13.815511557963774,62.0,0.0,0,364,FAMILY,Everyone
Dr. Panda Ice Cream Truck Free,4.4,10.04424899524437,13.815511557963774,80.0,0.0,0,7,FAMILY,Everyone
Dr. Doug's Tips,4.0,3.1354942159291497,6.90875477931522,34.0,0.0,0,707,BOOKS_AND_REFERENCE,Everyone
Dr. 2048,3.9,7.593877844605118,13.122365377402328,3.5,0.0,0,222,FAMILY,Everyone
Dr. Panda Restaurant 2,4.3,8.223090551161533,11.51293546492023,67.0,2.99,1,904,FAMILY,Everyone
Dr. Panda Supermarket,4.2,7.213768308118642,10.819798284210286,58.0,2.99,1,905,FAMILY,Everyone
Dr. Shogi,3.3,9.867445781188863,13.815511557963774,5.1,0.0,0,219,GAME,Everyone
DR Sebi's Alkaline List,4.0,4.23410650459726,8.517393171418904,5.5,0.0,0,491,FAMILY,Everyone
DraStic DS Emulator,4.6,11.382440854758187,13.815511557963774,12.0,4.99,1,751,GAME,Everyone
NDS Emulator - For Android 6,4.1,9.547026871355778,13.815511557963774,19.0,0.0,0,14,GAME,Everyone
Free DS Emulator,4.1,10.038761176593697,13.815511557963774,19.0,0.0,0,14,GAME,Everyone
nds4droid,3.4,11.587838113285232,16.118095750958314,8.8,0.0,0,909,GAME,Everyone
MegaNDS (NDS Emulator),3.4,7.704811922932594,13.122365377402328,11.0,0.0,0,295,GAME,Everyone
DS file,4.1,9.275847174178303,13.815511557963774,12.0,0.0,0,78,PRODUCTIVITY,Everyone
DS finder,4.0,7.862112211662748,13.122365377402328,32.0,0.0,0,21,TOOLS,Everyone
DS get,3.4,11.182377644288955,15.424948670398354,22.0,0.0,0,78,TOOLS,Everyone
DS cloud,3.2,8.498825534058053,13.122365377402328,38.0,0.0,0,78,TOOLS,Everyone
DS photo,3.8,8.9005490139363,13.815511557963774,,0.0,0,23,VIDEO_PLAYERS,Everyone
DS video,3.8,9.428993858017527,13.815511557963774,,0.0,0,3,VIDEO_PLAYERS,Everyone
DS note,3.9,7.624130585661289,11.51293546492023,60.0,0.0,0,59,PRODUCTIVITY,Everyone
DS cam,3.6,8.07961802938984,13.122365377402328,35.0,0.0,0,14,PRODUCTIVITY,Everyone
DS router,3.8,5.537334267018537,10.819798284210286,15.0,0.0,0,57,TOOLS,Everyone
EmuBox - Fast Retro Emulator,3.9,7.3632795869630385,10.819798284210286,43.0,0.0,0,4,GAME,Everyone
Synology Drive,3.2,5.910796644040527,11.51293546492023,,0.0,0,7,PRODUCTIVITY,Everyone
DS Creator 2.0,1.0,1.0986122886681098,6.2166061010848646,4.4,0.0,0,139,TOOLS,Everyone
DS App Manager,4.6,2.70805020110221,6.90875477931522,2.1,0.0,0,1237,TOOLS,Everyone
DS Helpdesk Plus,3.6,3.091042453358316,4.61512051684126,,12.99,1,556,BUSINESS,Everyone
DS,4.9,2.772588722239781,4.61512051684126,23.0,0.0,0,933,FAMILY,Everyone
DS Connector 2.0,2.6,1.791759469228055,6.2166061010848646,0.62109375,0.0,0,139,TOOLS,Everyone
DS Barometer - Altimeter and Weather Information,3.9,7.993957547573565,11.51293546492023,4.2,0.0,0,31,WEATHER,Everyone
DS-L4 Viewer,3.5,2.6390573296152584,6.90875477931522,7.9,0.0,0,192,PHOTOGRAPHY,Everyone
DS Tower Defence,3.2,6.645090969505644,11.51293546492023,1.4,0.0,0,1891,GAME,Everyone
NDS-controller,3.3,3.58351893845611,6.90875477931522,0.89453125,0.0,0,290,TOOLS,Everyone
RetroArch,3.8,9.972267067930954,13.815511557963774,84.0,0.0,0,97,GAME,Everyone
DS Speedometer & Odometer,3.9,10.016057021139623,13.815511557963774,6.6,0.0,0,140,MAPS_AND_NAVIGATION,Everyone
MegaN64 (N64 Emulator),4.6,13.684919979760163,16.118095750958314,12.0,0.0,0,817,FAMILY,Everyone
DS-20000S,1.8,2.5649493574615367,6.90875477931522,14.0,0.0,0,6,PRODUCTIVITY,Everyone
Learn DS [BETA],4.3,2.302585092994046,6.2166061010848646,5.0,0.0,0,543,FAMILY,Everyone
Deep Sleep Battery Saver Pro,3.9,7.257002707092073,9.210440366976517,2.9,3.28,1,359,TOOLS,Everyone
DS-Students,4.8,1.791759469228055,4.61512051684126,8.4,0.0,0,37,FAMILY,Everyone
DS Thermometer,3.7,6.448889394146858,11.51293546492023,3.0,0.0,0,1167,WEATHER,Everyone
PhotoFrame for Synology DS,4.0,0.6931471805599453,2.3978952727983707,2.6,4.99,1,553,PHOTOGRAPHY,Everyone
Deep Sleep Battery Saver,4.1,10.000296608464188,13.815511557963774,3.7,0.0,0,357,TOOLS,Everyone
Draft Simulator for FUT 18,4.6,12.00110048981607,15.424948670398354,100.0,0.0,0,90,SPORTS,Everyone
DS Flashlight,4.0,4.852030263919617,9.210440366976517,5.8,0.0,0,1167,TOOLS,Everyone
dt Pro,4.8,1.6094379124341003,6.90875477931522,4.5,0.0,0,450,FINANCE,Everyone
DT Manager,4.0,2.302585092994046,6.2166061010848646,3.1,0.0,0,1176,PRODUCTIVITY,Everyone
Real Sheet ∞: Pathfinder + DT,3.5,1.0986122886681098,3.9318256327243257,22.0,2.99,1,507,FAMILY,Everyone
DT Fieldlink,3.0,1.0986122886681098,6.2166061010848646,49.0,0.0,0,324,BUSINESS,Everyone
DT Driving Test Theory,4.6,6.169610732491456,9.210440366976517,1.6,0.0,0,168,FAMILY,Everyone
DT Smart,1.6,3.6888794541139363,6.90875477931522,8.9,0.0,0,245,TOOLS,Everyone
Truck Simulator DT 3D,3.8,4.709530201312334,8.517393171418904,22.0,0.0,0,473,FAMILY,Everyone
DT Baby Cam,1.7,2.3978952727983707,6.2166061010848646,23.0,0.0,0,247,TOOLS,Everyone
Bloons TD 5,4.6,12.155237141077661,13.815511557963774,94.0,2.99,1,27,FAMILY,Everyone
WPBS-DT,5.0,1.3862943611198906,6.2166061010848646,6.3,0.0,0,1224,FAMILY,Everyone
ReadyOp DT,4.6,2.1972245773362196,6.90875477931522,1.1,0.0,0,34,COMMUNICATION,Everyone
Soccer Manager 2018,4.4,11.063194940564049,13.815511557963774,95.0,0.0,0,24,SPORTS,Everyone
Online Soccer Manager (OSM),4.5,14.087777170412524,16.118095750958314,21.0,0.0,0,9,SPORTS,Everyone
DT-VR,3.8,3.258096538021482,6.90875477931522,9.5,0.0,0,730,FAMILY,Everyone
Dt Tracking,4.0,1.6094379124341003,4.61512051684126,24.0,0.0,0,650,AUTO_AND_VEHICLES,Everyone
DT Simple Interval Timer,4.1,2.3978952727983707,6.90875477931522,1.5,0.0,0,1634,SPORTS,Everyone
DT CLOTHINGS,5.0,0.6931471805599453,2.3978952727983707,7.9,0.0,0,15,SHOPPING,Everyone
Dt. Jyothi Srinivas,5.0,2.9444389791664403,4.61512051684126,13.0,0.0,0,184,HEALTH_AND_FITNESS,Everyone
DT future1 cam,1.0,0.6931471805599453,3.9318256327243257,24.0,0.0,0,135,TOOLS,Everyone
PES CLUB MANAGER,4.4,13.570921180041058,16.118095750958314,,0.0,0,63,SPORTS,Everyone
Riptide GP: Renegade,4.7,8.37309184744198,11.51293546492023,,2.99,1,69,GAME,Everyone 10+
Wheelie Challenge,4.6,11.830207600948217,15.424948670398354,51.0,0.0,0,27,GAME,Everyone
DT NO.I,2.4,3.8066624897703196,6.90875477931522,49.0,0.0,0,8,HEALTH_AND_FITNESS,Everyone
DTPay,4.5,2.9444389791664403,6.90875477931522,0.970703125,0.0,0,29,SHOPPING,Everyone
Top Soccer Manager,4.4,12.204771799797125,16.118095750958314,66.0,0.0,0,3,SPORTS,Everyone
The Secret Daily Teachings,4.3,5.332718793265369,6.90875477931522,32.0,4.99,1,179,LIFESTYLE,Everyone
Spring flowers theme couleurs d t space,5.0,0.6931471805599453,4.61512051684126,2.9,0.0,0,113,ART_AND_DESIGN,Everyone
Soccer Board Tactics,4.1,8.737452587550584,11.51293546492023,8.9,0.0,0,181,SPORTS,Everyone
Dirt Trackin Sprint Cars,3.8,6.214608098422191,9.210440366976517,47.0,3.99,1,91,GAME,Everyone
senior easy phone,3.9,5.1298987149230735,10.819798284210286,2.1,0.0,0,1231,PERSONALIZATION,Teen
dt.se,3.1,4.8283137373023015,9.210440366976517,12.0,0.0,0,41,NEWS_AND_MAGAZINES,Everyone
WhatsVPN - Unlimited Free VPN,4.7,10.126070946991774,13.122365377402328,7.8,0.0,0,13,TOOLS,Everyone
Cache Cleaner-DU Speed Booster (booster & cleaner),4.5,16.361811415714254,18.420680753952364,15.0,0.0,0,15,TOOLS,Everyone
du app,3.5,8.93313654381203,13.815511557963774,25.0,0.0,0,16,LIFESTYLE,Everyone
DU Battery Saver - Battery Charger & Battery Life,4.5,16.41669051174452,18.420680753952364,14.0,0.0,0,65,TOOLS,Everyone
DU Antivirus Security - Applock & Privacy Guard,4.6,12.98680936924281,16.118095750958314,10.0,0.0,0,65,TOOLS,Everyone
DU Cleaner – Memory cleaner & clean phone cache,4.5,13.05158033308516,16.118095750958314,8.9,0.0,0,17,TOOLS,Everyone
DU Launcher - Boost Your Phone,4.5,11.122959620308988,13.815511557963774,4.8,0.0,0,914,PERSONALIZATION,Everyone
DU Security,4.4,8.48632152774915,11.51293546492023,3.2,0.0,0,771,TOOLS,Everyone
DU Browser—Browse fast & fun,4.3,13.94085603723518,16.118095750958314,4.7,0.0,0,860,COMMUNICATION,Everyone
DU Privacy-hide apps、sms、file,4.4,9.987966559114067,13.815511557963774,,0.0,0,358,VIDEO_PLAYERS,Everyone
DU Browser Mini(Small&Fast),4.2,9.949511990847407,13.815511557963774,2.0,0.0,0,594,TOOLS,Everyone
Caller ID & Call Block - DU Caller,4.6,11.450315749157804,15.424948670398354,14.0,0.0,0,8,COMMUNICATION,Everyone
Lock Screen - DU Locker & Lock screen wallpaper,4.5,8.55159461813357,11.51293546492023,4.7,0.0,0,105,TOOLS,Everyone
du View,3.8,6.841615476477592,10.819798284210286,22.0,0.0,0,136,FAMILY,Teen
DU Emoji Keyboard（Simeji）,4.3,9.864486815186396,13.122365377402328,14.0,0.0,0,532,TOOLS,Everyone
"DU GIF Maker: GIF Maker, Video to GIF & GIF Editor",4.6,8.936692688488204,13.122365377402328,4.3,0.0,0,121,PHOTOGRAPHY,Everyone
DU Flashlight - Brightest LED & Flashlight Free,4.3,11.209412069145728,15.424948670398354,,0.0,0,155,TOOLS,Everyone
Upgrade for Android DU Master,3.6,9.472242991440476,13.815511557963774,5.2,0.0,0,577,TOOLS,Everyone
Modern: DU Launcher Theme,4.2,6.767343125265392,10.819798284210286,0.3017578125,0.0,0,1029,PERSONALIZATION,Everyone
Weather Forecast Pro,4.7,9.550520013385718,11.51293546492023,8.7,3.99,1,5,WEATHER,Everyone
Night: DU Launcher Theme,4.3,7.258412150595307,10.819798284210286,0.4736328125,0.0,0,1029,PERSONALIZATION,Everyone
DU Collage Maker - Photo Collage & Grid & Layout,4.7,8.432941638968646,11.51293546492023,2.5,0.0,0,339,PHOTOGRAPHY,Everyone
Du Chinese – Mandarin Lessons,4.8,8.128880142125638,11.51293546492023,9.2,0.0,0,310,FAMILY,Everyone
Portes du Soleil,3.1,6.2166061010848646,10.819798284210286,39.0,0.0,0,174,SPORTS,Everyone
Sword of Chaos - Lame du Chaos,4.5,10.069001991013701,11.51293546492023,96.0,0.0,0,69,GAME,Teen
Hadith du jour,4.4,5.6240175061873385,10.819798284210286,,0.0,0,870,FAMILY,Everyone
Bible du Semeur-BDS (French),4.5,5.749392985908253,10.819798284210286,6.9,0.0,0,5,BOOKS_AND_REFERENCE,Everyone
La citadelle du musulman,4.5,5.752572638825633,10.819798284210286,9.8,0.0,0,875,BOOKS_AND_REFERENCE,Everyone
Clean My Android,4.7,11.524498241322844,15.424948670398354,6.2,0.0,0,9,PRODUCTIVITY,Everyone
Citation du Jour - Motivation,4.1,5.7745515455444085,11.51293546492023,0.892578125,0.0,0,1272,FAMILY,Everyone
La Poupée du Voyant,4.4,5.583496308781699,10.819798284210286,8.2,0.0,0,580,FAMILY,Everyone
Star Chart,4.3,11.766085965987589,16.118095750958314,,0.0,0,7,FAMILY,Everyone
APUS Booster - Space Cleaner & Booster,4.6,13.863125746405716,16.118095750958314,13.0,0.0,0,6,PRODUCTIVITY,Everyone
Officiel du SCRABBLE LAROUSSE,3.4,4.762173934797756,8.517393171418904,48.0,4.6,1,665,BOOKS_AND_REFERENCE,Everyone
"GO Security－AntiVirus, AppLock, Booster",4.7,14.039837408903258,16.118095750958314,,0.0,0,16,TOOLS,Everyone
iSmart DV,3.6,8.646992628951082,13.815511557963774,31.0,0.0,0,13,VIDEO_PLAYERS,Everyone
dv Prompter,3.7,5.7745515455444085,10.819798284210286,1.3,0.0,0,513,VIDEO_PLAYERS,Everyone
Sports DV,2.1,4.465908118654584,9.210440366976517,29.0,0.0,0,23,LIFESTYLE,Everyone
Live DV,2.0,2.833213344056216,6.90875477931522,17.0,0.0,0,92,PHOTOGRAPHY,Everyone
Mini DV,3.5,2.5649493574615367,8.517393171418904,19.0,0.0,0,72,AUTO_AND_VEHICLES,Everyone
DV-2019 Results,4.3,5.0689042022202315,9.210440366976517,2.6,0.0,0,56,FAMILY,Everyone
AKASO DV,2.4,4.605170185988092,9.210440366976517,71.0,0.0,0,14,TOOLS,Everyone
DV-LOTTERY 2019 REGISTRATION,4.5,4.584967478670572,9.210440366976517,2.6,0.0,0,201,FAMILY,Everyone
Selfie DV,2.8,3.4011973816621555,6.90875477931522,14.0,0.0,0,472,TOOLS,Everyone
DV 2019 Entry Guide,4.5,4.532599493153256,9.210440366976517,5.1,0.0,0,295,BOOKS_AND_REFERENCE,Everyone
Porch DV,2.8,1.791759469228055,6.90875477931522,13.0,0.0,0,68,HOUSE_AND_HOME,Everyone
DV 2019 - EDV Photo & Form,3.9,5.752572638825633,10.819798284210286,2.6,0.0,0,654,BOOKS_AND_REFERENCE,Everyone
SDV Cam,3.2,4.219507705176107,9.210440366976517,65.0,0.0,0,433,TOOLS,Everyone
XDV,3.1,8.828787083914332,13.815511557963774,8.7,0.0,0,111,PHOTOGRAPHY,Everyone
WiFi Action Camera,2.4,6.313548046277095,11.51293546492023,0.8818359375,0.0,0,1610,SPORTS,Everyone
DV Car Service,4.6,2.3978952727983707,4.61512051684126,25.0,0.0,0,365,MAPS_AND_NAVIGATION,Everyone
DV Lottery Photo,2.9,3.1780538303479458,8.517393171418904,4.0,0.0,0,601,VIDEO_PLAYERS,Everyone
DV Lottery Photo Tool,4.0,5.4116460518550396,10.819798284210286,1.7,0.0,0,285,PHOTOGRAPHY,Everyone
iCam - Webcam Video Streaming,3.7,6.647688373563329,9.210440366976517,2.4,4.99,1,671,TOOLS,Everyone
DV KING 4K,2.3,1.3862943611198906,4.61512051684126,8.5,0.0,0,23,PHOTOGRAPHY,Everyone
Wifi Action Camera,2.9,4.77912349311153,10.819798284210286,26.0,0.0,0,16,PHOTOGRAPHY,Everyone
US DV Lottery 2020 Apply,4.6,3.7376696182833684,9.210440366976517,2.0,0.0,0,207,TRAVEL_AND_LOCAL,Everyone
DV-2019 PHOTO TOOL,4.3,3.091042453358316,6.90875477931522,2.5,0.0,0,201,FAMILY,Everyone
DV ASSIST,5.0,0.6931471805599453,4.61512051684126,18.0,0.0,0,7,FAMILY,Everyone
4K Ultra Camera,4.2,5.948034989180646,11.51293546492023,2.9,0.0,0,10,PHOTOGRAPHY,Everyone
DV Lottery Simulator,4.6,2.6390573296152584,6.90875477931522,1.3,0.0,0,658,FAMILY,Everyone
U.S.A DV Lottery Process,4.5,2.1972245773362196,6.90875477931522,1.7,0.0,0,515,FAMILY,Everyone
DV Statistics,4.2,1.9459101490553132,4.61512051684126,2.7,0.0,0,1036,SOCIAL,Everyone
DV 2018 Winners Guide,4.8,2.4849066497880004,6.90875477931522,0.59375,0.0,0,382,BOOKS_AND_REFERENCE,Everyone
MelifeCam-M,3.5,4.406719247264253,9.210440366976517,22.0,0.0,0,749,VIDEO_PLAYERS,Everyone
DV-2019 UK/British,4.6,5.117993812416755,8.517393171418904,4.2,0.0,0,151,FAMILY,Everyone
GoPlus Cam,3.5,8.156223323194624,13.122365377402328,41.0,0.0,0,234,VIDEO_PLAYERS,Everyone
GoAction,3.6,7.328437352895162,11.51293546492023,65.0,0.0,0,23,VIDEO_PLAYERS,Everyone
DV Youth,5.0,1.791759469228055,4.61512051684126,15.0,0.0,0,836,LIFESTYLE,Everyone
DV KING,3.0,1.0986122886681098,4.61512051684126,9.3,0.0,0,324,PHOTOGRAPHY,Everyone
DENVER ACTION CAM 3,2.9,4.204692619390966,9.210440366976517,8.9,0.0,0,631,PHOTOGRAPHY,Everyone
4K VIDEO PLAYER ULTRA HD,3.7,3.044522437723423,8.517393171418904,24.0,0.0,0,465,VIDEO_PLAYERS,Everyone
US DV Lottery 2019,4.6,2.70805020110221,6.90875477931522,4.0,0.0,0,119,TRAVEL_AND_LOCAL,Everyone
Hotel Insanity,4.2,8.247220052745229,11.51293546492023,31.0,0.0,0,763,GAME,Teen
SportCAM,3.2,6.059123195581797,11.51293546492023,9.5,0.0,0,97,TOOLS,Everyone
SportLook,2.5,7.157735484249907,11.51293546492023,8.2,0.0,0,49,PHOTOGRAPHY,Everyone
DW - Breaking World News,4.4,9.779736745099953,13.815511557963774,17.0,0.0,0,3,NEWS_AND_MAGAZINES,Everyone 10+
"DW Learn German - A1, A2, B1 and placement test",4.3,6.805722553416985,11.51293546492023,1.8,0.0,0,315,FAMILY,Everyone
DW Mobile,2.7,3.5263605246161616,9.210440366976517,,0.0,0,198,BUSINESS,Everyone
DW Spectrum™ IPVMS Mobile,4.0,3.8066624897703196,9.210440366976517,30.0,0.0,0,51,BUSINESS,Everyone
DW Amharic by AudioNow Digital,4.5,5.777652323222656,9.210440366976517,31.0,0.0,0,44,NEWS_AND_MAGAZINES,Everyone
DW VMAX,3.4,6.738152494595957,11.51293546492023,8.5,0.0,0,462,TOOLS,Everyone
News: DW Español,4.3,3.258096538021482,6.90875477931522,6.3,0.0,0,105,NEWS_AND_MAGAZINES,Everyone
DW Contacts & Phone & Dialer,4.3,9.96114306502429,13.815511557963774,10.0,0.0,0,5,COMMUNICATION,Everyone
DW Arabic By dw-arab.com,4.3,5.958424693029782,10.819798284210286,6.0,0.0,0,286,NEWS_AND_MAGAZINES,Everyone
Learn German: Die Bienenretter,4.0,3.258096538021482,8.517393171418904,79.0,0.0,0,379,FAMILY,Everyone
News: DW Hausa,4.9,2.302585092994046,6.90875477931522,6.3,0.0,0,105,NEWS_AND_MAGAZINES,Everyone
DW Spectrum™ IP VMS,3.4,4.634728988229636,9.210440366976517,2.4,0.0,0,847,BUSINESS,Everyone
DW Audio,4.9,3.6635616461296463,6.90875477931522,5.0,0.0,0,419,FAMILY,Everyone
DW Contacts widget,4.3,4.04305126783455,6.90875477931522,2.0,0.99,1,1526,TOOLS,Everyone
DW فارسی By dw-arab.com,4.7,2.4849066497880004,6.90875477931522,4.4,0.0,0,501,NEWS_AND_MAGAZINES,Everyone
German Listening,4.8,9.814601692527686,13.122365377402328,8.0,0.0,0,17,FAMILY,Everyone
Deaf World DW,4.3,5.700443573390687,9.210440366976517,,0.0,0,254,COMMUNICATION,Teen
DW Event,4.3,2.302585092994046,6.90875477931522,39.0,0.0,0,72,EVENTS,Everyone
DW Witness,4.0,1.9459101490553132,6.2166061010848646,3.5,0.0,0,87,BUSINESS,Everyone
Downvids Helper - One touch DW,3.5,5.288267030694535,9.210440366976517,9.8,0.0,0,550,VIDEO_PLAYERS,Everyone
DW Security,5.0,1.9459101490553132,4.61512051684126,15.0,0.0,0,15,BUSINESS,Everyone
News: RFI Hausa,4.7,2.3978952727983707,6.90875477931522,6.3,0.0,0,103,NEWS_AND_MAGAZINES,Everyone
DW Contacts Wear,4.2,3.6375861597263857,8.517393171418904,2.2,0.0,0,1249,TOOLS,Everyone
Hausa Radio,4.4,8.124446855715847,11.51293546492023,4.2,0.0,0,9,NEWS_AND_MAGAZINES,Everyone
Digi Dex for DW Next Order @PS4,4.2,5.049856007249537,9.210440366976517,16.0,0.0,0,166,TOOLS,Everyone
DW Timer,5.0,2.302585092994046,4.61512051684126,1.5,0.0,0,491,TOOLS,Everyone
RETRO Shocked DW-6000,5.0,2.6390573296152584,4.61512051684126,0.48828125,1.49,1,492,PERSONALIZATION,Everyone
VMAX IP Plus Mobile Client,2.0,2.302585092994046,6.90875477931522,3.4,0.0,0,426,BUSINESS,Everyone
DW Maps,3.7,3.58351893845611,9.210440366976517,13.0,0.0,0,429,TRAVEL_AND_LOCAL,Everyone
DW Missed call cleaner patch,3.9,4.189654742026425,8.517393171418904,0.052734375,0.0,0,1351,TOOLS,Everyone
Swahili Radio,4.5,5.147494476813453,9.210440366976517,4.8,0.0,0,71,NEWS_AND_MAGAZINES,Everyone
DX,3.1,8.80956425335415,13.122365377402328,11.0,0.0,0,189,SHOPPING,Everyone
Direct Express®,4.5,8.72534492491121,13.122365377402328,6.6,0.0,0,457,FINANCE,Everyone
Retro City Rampage DX,4.7,6.0330862217988015,9.210440366976517,16.0,2.99,1,574,GAME,Teen
PORTABLE SOCCER DX,4.4,6.315358001522335,8.517393171418904,1.6,1.0,1,51,SPORTS,Everyone
Across Age DX,3.8,8.693664334532016,13.122365377402328,48.0,0.0,0,1308,FAMILY,Teen
ZOOKEEPER DX TouchEdition,4.2,8.069655306886165,11.51293546492023,4.6,0.99,1,987,FAMILY,Everyone
Ham DX Cluster & Spots Finder,4.5,4.7535901911063645,8.517393171418904,2.8,0.0,0,755,COMMUNICATION,Everyone
DX Alerts,4.5,3.1354942159291497,6.90875477931522,23.0,0.0,0,751,LIFESTYLE,Everyone
Piczle Lines DX,4.6,5.641907070938114,8.517393171418904,26.0,0.0,0,116,FAMILY,Everyone
PORTABLE SOCCER DX Lite,4.2,9.620394932418154,13.815511557963774,2.5,0.0,0,51,SPORTS,Everyone
DX Spots Free,4.5,3.8501476017100584,6.90875477931522,24.0,0.0,0,83,TOOLS,Everyone
3DAnimeGirl DX DreamPortrait KAWAII Girl DressUp,4.2,6.1092475827643655,9.210440366976517,56.0,0.0,0,174,FAMILY,Teen
Bubble Shooter DX,4.2,6.456769655572163,11.51293546492023,4.0,0.0,0,49,FAMILY,Everyone
DX Alert,4.1,3.332204510175204,6.90875477931522,2.5,0.0,0,833,TOOLS,Everyone
Age of Procreation DX,4.3,7.546974117516527,11.51293546492023,40.0,0.0,0,839,FAMILY,Mature 17+
Chronolink DX,5.0,2.0794415416798357,2.3978952727983707,73.0,0.99,1,399,FAMILY,Everyone
DX Simulation for OOO Dx Belt,4.6,4.219507705176107,9.210440366976517,31.0,0.0,0,5,FAMILY,Everyone
Differential Dx Free,4.0,5.476463551931511,10.819798284210286,,0.0,0,214,MEDICAL,Everyone 10+
Tricky Bike Stunt Rider DX,4.4,2.833213344056216,6.2166061010848646,45.0,0.0,0,11,FAMILY,Everyone
DX Simulation Belt for Build henshin,4.5,5.209486152841421,9.210440366976517,39.0,0.0,0,29,FAMILY,Everyone
Active Soccer 2 DX,3.6,3.367295829986474,6.2166061010848646,48.0,2.99,1,499,SPORTS,Everyone
DX Simulation for Kabuto Henshin Belt 2018,4.6,2.70805020110221,8.517393171418904,7.2,0.0,0,3,FAMILY,Everyone
Elemental Galaxy Dx - Match3,4.0,4.852030263919617,9.210440366976517,14.0,0.0,0,1612,FAMILY,Everyone
DX Simulation for Double Dx Henshin Belt 2018,4.6,3.5263605246161616,8.517393171418904,11.0,0.0,0,3,FAMILY,Everyone
Mircules DX Cluster Lite,4.5,3.9512437185814275,8.517393171418904,21.0,0.0,0,821,COMMUNICATION,Everyone
DX Simulation Belt for Decade henshin,4.5,4.174387269895637,8.517393171418904,32.0,0.0,0,13,FAMILY,Everyone
Human Dx,4.8,1.9459101490553132,6.2166061010848646,16.0,0.0,0,5,MEDICAL,Everyone
Santa's Monster Shootout DX,5.0,1.6094379124341003,3.9318256327243257,33.0,1.99,1,1820,GAME,Teen
DX Glow - Clock Widget,4.4,1.791759469228055,3.9318256327243257,3.4,0.99,1,1238,PERSONALIZATION,Everyone
MBU DX Cluster,4.0,1.791759469228055,6.2166061010848646,1.6,0.0,0,1150,TOOLS,Everyone
Dress Up RagazzA13 DX,3.5,2.6390573296152584,4.61512051684126,42.0,0.99,1,692,FAMILY,Everyone
Cloud DX Connected Health,5.0,1.9459101490553132,4.61512051684126,11.0,0.0,0,386,HEALTH_AND_FITNESS,Everyone
DX Simulation for X-aid Dx Belt,4.0,3.58351893845611,8.517393171418904,48.0,0.0,0,5,FAMILY,Everyone
Unstoppaball DX,4.2,1.791759469228055,3.9318256327243257,40.0,1.49,1,1542,FAMILY,Everyone
Differential Dx,4.0,2.1972245773362196,6.2166061010848646,,3.99,1,202,MEDICAL,Everyone
Sokoban Land DX,3.9,3.8501476017100584,9.210440366976517,20.0,2.99,1,192,FAMILY,Everyone
Multiple Sclerosis Dx & Mgmt.,4.5,4.882801922586371,9.210440366976517,60.0,0.0,0,318,MEDICAL,Everyone
Dx Ludo,3.6,5.375278407684165,10.819798284210286,2.6,0.0,0,2670,FAMILY,Everyone
My Dy Dice - 3D Dice Roller,4.2,2.302585092994046,4.61512051684126,22.0,0.0,0,688,LIFESTYLE,Everyone
Dy So Exam,3.0,1.9459101490553132,6.90875477931522,3.2,0.0,0,402,FAMILY,Everyone
edp re:dy,3.0,5.153291594497779,9.210440366976517,,0.0,0,50,TOOLS,Everyone
Dr. D. Y. Patil Vidyapeeth GBS,4.0,1.3862943611198906,4.61512051684126,5.3,0.0,0,541,FAMILY,Everyone
edp re:dy smarthome,3.4,3.4339872044851463,8.517393171418904,22.0,0.0,0,428,TOOLS,Everyone
KPS CHAUHAN DY/DX,4.9,3.6375861597263857,4.61512051684126,10.0,0.0,0,12,FAMILY,Everyone
DY TECHNICAL GYAN,4.0,1.0986122886681098,2.3978952727983707,3.3,0.0,0,204,BUSINESS,Everyone
JONACK (D Story Teller),4.4,5.030437921392435,9.210440366976517,1.2,0.0,0,985,FAMILY,Everyone
American Sniper City Fight Shooting Assassin,4.1,5.981414211254481,10.819798284210286,54.0,0.0,0,258,GAME,Teen
Guardians of Ancora,4.4,6.877296071497429,10.819798284210286,26.0,0.0,0,20,FAMILY,Everyone
Train Sim Pro,4.0,7.475339236566737,9.210440366976517,,1.49,1,45,FAMILY,Everyone
Cute Dolphin Keyboard,4.5,5.472270673671475,9.210440366976517,6.4,0.0,0,10,PERSONALIZATION,Everyone
Truck Transport Raw Material,4.2,6.450470422144176,11.51293546492023,50.0,0.0,0,20,FAMILY,Everyone
Hidden Camera Detector,3.9,5.123963979403259,9.210440366976517,2.5,0.0,0,274,TOOLS,Everyone
Street Skater 3D,3.6,11.7023302099857,16.118095750958314,21.0,0.0,0,289,GAME,Teen
DYPSOET,5.0,2.1972245773362196,3.9318256327243257,7.4,0.0,0,2,FAMILY,Everyone
Triceratops - Dino Robot,4.4,8.017307507688582,13.815511557963774,30.0,0.0,0,234,FAMILY,Everyone
Differential Equations Steps,3.6,7.078341579557671,11.51293546492023,3.9,0.0,0,485,FAMILY,Everyone
Dz Dinars Numbers to letters,4.7,7.940227765145702,11.51293546492023,9.8,0.0,0,602,PRODUCTIVITY,Everyone
dz NEWS Algerie,4.2,7.7488913372555315,11.51293546492023,4.5,0.0,0,1335,NEWS_AND_MAGAZINES,Everyone
Siyaha Dz,4.5,5.66988092298052,9.210440366976517,9.8,0.0,0,149,TRAVEL_AND_LOCAL,Everyone
CCP DZ : Fill out a check | Number in letters DZD,4.7,6.466144724237619,9.210440366976517,3.2,0.0,0,104,FINANCE,Everyone
3G DZ Configuration,4.3,6.192362489474872,10.819798284210286,2.5,0.0,0,994,COMMUNICATION,Everyone
3G/4G Config Dz,4.2,7.629975707027789,11.51293546492023,2.3,0.0,0,451,TOOLS,Everyone
Drugs Dz - Algeria,4.4,5.236441962829949,9.210440366976517,,0.0,0,376,MEDICAL,Everyone
IRIS : Customer Service - DZ Algeria,4.7,4.060443010546419,6.90875477931522,7.0,0.0,0,152,TRAVEL_AND_LOCAL,Everyone
Numbers Into Words,4.4,6.126869184114185,10.819798284210286,0.548828125,0.0,0,1556,PRODUCTIVITY,Everyone
Météo Algérie DZ,4.1,7.122059881629142,11.51293546492023,4.7,0.0,0,1331,WEATHER,Everyone
DZ Popup Video Player,4.5,4.430816798843313,8.517393171418904,4.5,0.0,0,85,VIDEO_PLAYERS,Everyone
DZ PROMOS - Promotions & Sale Alerts in Algeria,4.1,5.805134968916488,10.819798284210286,10.0,0.0,0,364,SHOPPING,Everyone
JNews DZ - Algerian Newspapers,4.0,4.990432586778736,9.210440366976517,3.0,0.0,0,754,NEWS_AND_MAGAZINES,Everyone
Ouedkniss,4.3,9.245321340871428,13.815511557963774,0.8271484375,0.0,0,51,SHOPPING,Teen
Files To SD Card Pro,4.2,6.902742737158593,11.51293546492023,2.8,0.0,0,83,TOOLS,Everyone
My Ooredoo Algeria,4.2,8.19063168090354,11.51293546492023,17.0,0.0,0,46,TOOLS,Everyone
PHARMAGUIDE (DZ),4.1,4.882801922586371,8.517393171418904,3.4,0.0,0,860,HEALTH_AND_FITNESS,Everyone
لعبة تقدر تربح DZ,4.2,5.476463551931511,9.210440366976517,6.8,0.0,0,629,FAMILY,Everyone
chat dz,5.0,2.1972245773362196,4.61512051684126,29.0,0.0,0,148,COMMUNICATION,Teen
Devise Dz,4.0,3.295836866004329,6.90875477931522,3.6,0.0,0,437,FINANCE,Everyone
BAC DZ Questionnaire,4.0,3.6635616461296463,8.517393171418904,,0.0,0,76,FAMILY,Everyone
Ludo Dz,4.5,2.8903717578961645,6.2166061010848646,28.0,0.0,0,347,GAME,Everyone
Agent HQ for The Division,4.1,6.966967138613983,11.51293546492023,2.5,0.0,0,173,FAMILY,Everyone
infirmiers,4.7,4.836281906951478,9.210440366976517,23.0,0.0,0,63,MEDICAL,Everyone
DZ sim,4.4,6.035481432524756,9.210440366976517,15.0,0.0,0,105,TOOLS,Everyone
Tuberculose Dz,4.9,3.295836866004329,6.90875477931522,6.1,0.0,0,641,MEDICAL,Everyone
DZ Fly Algérie Horaire Vols,3.6,4.74493212836325,9.210440366976517,10.0,0.0,0,647,TRAVEL_AND_LOCAL,Everyone
3G to 4G Converter - Simulator,4.2,5.594711379601839,9.210440366976517,2.4,0.0,0,169,TOOLS,Everyone
ChangeDA - Cours du DZD sur le marché parallèle,4.4,5.241747015059643,9.210440366976517,3.3,0.0,0,12,FINANCE,Everyone
Tunisian Dinar: Exchange rate,4.5,6.439350371100098,9.210440366976517,3.8,0.0,0,132,FINANCE,Everyone
love sms good morning,4.2,2.3978952727983707,8.517393171418904,3.1,0.0,0,833,COMMUNICATION,Everyone
DZ Blagues,4.2,6.364750756851911,9.210440366976517,2.1,0.0,0,2059,FAMILY,Everyone
EA SPORTS UFC®,4.5,14.678965332473776,17.72753358339242,37.0,0.0,0,381,SPORTS,Teen
NBA LIVE Mobile Basketball,4.4,14.340714121981218,17.72753358339242,58.0,0.0,0,80,SPORTS,Everyone
Need for Speed™ No Limits,4.4,15.022768261097617,17.72753358339242,22.0,0.0,0,16,GAME,Everyone 10+
Real Racing 3,4.5,12.778336677545639,16.118095750958314,71.0,0.0,0,38,FAMILY,Everyone
Madden NFL Football,4.5,14.191171226997971,16.118095750958314,,0.0,0,86,FAMILY,Everyone
EA SPORTS™ FIFA 18 Companion,3.9,12.552240583701005,16.118095750958314,63.0,0.0,0,245,SPORTS,Everyone
The Simpsons™: Tapped Out,4.3,13.364518655099733,16.118095750958314,49.0,0.0,0,9,FAMILY,Teen
Plants vs. Zombies™ 2,4.4,13.249230362112872,16.118095750958314,15.0,0.0,0,58,FAMILY,Everyone 10+
Star Wars™: Galaxy of Heroes,4.5,14.19511001574224,16.118095750958314,67.0,0.0,0,80,FAMILY,Everyone 10+
Dungeon Keeper,4.0,11.150160586394092,13.122365377402328,45.0,0.0,0,77,FAMILY,Everyone 10+
Lost Journey (Dreamsky),4.5,10.384214728478085,13.815511557963774,29.0,0.99,1,657,GAME,Everyone
TETRIS,4.0,12.205117189227138,16.118095750958314,57.0,0.0,0,56,FAMILY,Everyone
Bejeweled Classic,4.4,12.22146359488582,15.424948670398354,,0.0,0,70,FAMILY,Everyone
NBA JAM by EA SPORTS™,4.3,10.941021991695647,13.122365377402328,43.0,4.99,1,547,FAMILY,Everyone
EA Plus,2.5,2.5649493574615367,6.90875477931522,12.0,0.0,0,279,TRAVEL_AND_LOCAL,Everyone
TETRIS Blitz,4.4,12.214199532741782,15.424948670398354,96.0,0.0,0,69,FAMILY,Everyone
POGO Games,3.8,10.392098241730961,13.815511557963774,26.0,0.0,0,533,FAMILY,Everyone
SW Battlefront Companion,4.4,11.449676778305081,13.815511557963774,79.0,0.0,0,918,FAMILY,Everyone
Bejeweled Blitz,4.2,12.31342367879272,16.118095750958314,98.0,0.0,0,8,FAMILY,Everyone
Peggle Blast,4.1,12.021259988520928,15.424948670398354,19.0,0.0,0,241,GAME,Everyone
Heroes of Dragon Age,4.2,11.161806486602178,13.815511557963774,28.0,0.0,0,92,GAME,Teen
SCRABBLE,3.9,12.056887948109253,15.424948670398354,50.0,0.0,0,8,GAME,Everyone
Asphalt Xtreme: Rally Racing,4.5,13.249850288903875,16.118095750958314,39.0,0.0,0,24,GAME,Everyone
FIFA 16 Soccer,4.1,13.617764248979363,16.118095750958314,30.0,0.0,0,561,SPORTS,Everyone
League of Stickman 2018- Ninja Arena PVP(Dreamsky),4.4,10.388903056364905,13.815511557963774,99.0,0.99,1,37,GAME,Teen
Modern Combat 5: eSports FPS,4.3,14.881388544490314,18.420680753952364,58.0,0.0,0,16,GAME,Mature 17+
Bejeweled Stars: Free Match 3,4.5,11.356096200937209,13.815511557963774,,0.0,0,7,FAMILY,Everyone
Mass Effect: Andromeda APEX HQ,3.4,8.409830673087738,11.51293546492023,92.0,0.0,0,322,GAME,Everyone 10+
Mirror’s Edge™ Companion,3.4,7.59890045687141,11.51293546492023,43.0,0.0,0,772,GAME,Everyone
Stickman Legends: Shadow Wars,4.4,10.556333436322548,13.815511557963774,100.0,0.99,1,6,GAME,Everyone 10+
MLB Perfect Inning 2018,4.2,10.6635454383787,13.815511557963774,72.0,0.0,0,14,SPORTS,Everyone
Gear.Club - True Racing,4.4,11.854093800495063,13.815511557963774,37.0,0.0,0,8,GAME,Everyone
Plants vs. Zombies™ Watch Face,3.5,10.409672424652523,13.815511557963774,3.1,0.0,0,1284,FAMILY,Everyone
Real Football,4.1,13.280332472083511,16.118095750958314,33.0,0.0,0,69,SPORTS,Everyone
Typical EA Game,4.6,3.5263605246161616,4.61512051684126,3.3,0.0,0,264,FAMILY,Everyone
EB Mobile,1.7,7.067319848653476,9.210440366976517,5.6,0.0,0,304,FAMILY,Everyone
EB Events,3.3,4.584967478670572,9.210440366976517,16.0,0.0,0,925,TRAVEL_AND_LOCAL,Everyone
i am EB,5.0,0.6931471805599453,2.3978952727983707,5.4,0.0,0,554,PHOTOGRAPHY,Teen
EB-Link,4.8,1.9459101490553132,4.61512051684126,11.0,0.0,0,63,BUSINESS,Everyone
Exchange Bank - EB Mobile,4.6,2.1972245773362196,6.90875477931522,31.0,0.0,0,99,FINANCE,Everyone
TANGEDCO Mobile App (Official),3.3,7.977968093128549,13.122365377402328,3.3,0.0,0,279,BUSINESS,Everyone
Free E B Garamond Cool Font,4.2,6.018593214496234,11.51293546492023,6.1,0.0,0,111,PERSONALIZATION,Everyone
Epson iProjection,3.5,8.27664912542186,13.815511557963774,18.0,0.0,0,140,PRODUCTIVITY,Everyone
TN e Sevai TN EB Bill Patta Citta EC Birth All Hub,3.7,3.1780538303479458,8.517393171418904,16.0,0.0,0,105,SOCIAL,Everyone
EB Scanner,5.0,2.302585092994046,3.9318256327243257,25.0,0.0,0,179,PRODUCTIVITY,Everyone
eBay Kleinanzeigen for Germany,4.6,12.670256246218667,16.118095750958314,,0.0,0,6,SHOPPING,Teen
Mental Hospital:EB 2 Lite,4.1,8.583355393669907,11.51293546492023,8.8,0.0,0,1562,GAME,Teen
EB Annual Meetings,3.5,2.4849066497880004,6.90875477931522,15.0,0.0,0,118,BOOKS_AND_REFERENCE,Everyone
UP EB Bill Payment & Details,5.0,1.3862943611198906,3.9318256327243257,2.4,0.0,0,29,SOCIAL,Teen
Tamilnadu EB Online Payment,3.7,5.049856007249537,11.51293546492023,3.9,0.0,0,10,FINANCE,Everyone
Online Kerala EB Bill Pay,4.0,3.6375861597263857,8.517393171418904,3.9,0.0,0,266,FINANCE,Everyone
বাংলাflix,4.2,7.013915474810528,11.51293546492023,7.3,0.0,0,65,FAMILY,Everyone
TNEB Quick Pay Easy,4.5,3.367295829986474,9.210440366976517,1.4,0.0,0,192,FINANCE,Teen
TNEB,3.8,7.48324441607385,11.51293546492023,0.92578125,0.0,0,1544,BUSINESS,Everyone
TNEB Bill Checker / TNEB Bill Status,2.5,1.0986122886681098,6.90875477931522,5.0,0.0,0,159,FINANCE,Everyone
Skin Disease,4.0,0.6931471805599453,4.61512051684126,2.2,0.0,0,344,BEAUTY,Everyone
Bihar Land Records - RoR and EB Quick Pay,4.0,2.1972245773362196,6.90875477931522,2.2,0.0,0,2,TOOLS,Everyone
TNEB Reading,4.1,3.367295829986474,9.210440366976517,2.5,0.0,0,294,TOOLS,Everyone
RPG ブレイジング ソウルズ アクセレイト,3.4,5.075173815233827,6.90875477931522,3.1,10.99,1,105,FAMILY,Teen
Tamilnadu Electricity Info,3.6,5.37989735354046,9.210440366976517,0.7919921875,0.0,0,1369,TOOLS,Everyone
Punjab Online - Land Records • EB Bill Pay • RC/DL,3.4,2.833213344056216,8.517393171418904,4.0,0.0,0,2,TOOLS,Everyone
"energyly (TNEB,BESCOM,MH,DL..)",3.9,6.4425401664681985,9.210440366976517,4.1,0.0,0,534,TOOLS,Everyone
Paraglider Dashboard,4.6,6.309918278226516,10.819798284210286,2.8,0.0,0,159,SPORTS,Everyone
Goodbox - Mega App,4.3,8.140315540159985,11.51293546492023,,0.0,0,154,COMMUNICATION,Everyone
Exército Brasileiro,4.7,7.456454555176209,11.51293546492023,16.0,0.0,0,189,PRODUCTIVITY,Everyone
EB Cash Collections,5.0,0.6931471805599453,1.791759469228055,4.3,0.0,0,9,BUSINESS,Everyone
TN Electricity (TNEB),3.9,4.30406509320417,9.210440366976517,3.8,0.0,0,596,LIFESTYLE,Everyone
Electrician Calculator Pro,3.9,3.871201010907891,6.90875477931522,0.263671875,14.99,1,1528,TOOLS,Everyone
"Call Blocker - Blacklist, SMS Blocker",4.2,10.320584744874001,13.815511557963774,3.7,0.0,0,205,COMMUNICATION,Everyone
英漢字典 EC Dictionary,4.3,10.922497314414658,13.815511557963774,,0.0,0,213,FAMILY,Everyone
EC - AP & Telangana,3.5,2.3978952727983707,8.517393171418904,3.0,0.0,0,272,BOOKS_AND_REFERENCE,Everyone
"TN Patta, Chitta, EC",4.1,6.452048954437226,11.51293546492023,3.8,0.0,0,657,TOOLS,Everyone
TN Patta Chitta EC Info,4.2,7.385230923066573,11.51293546492023,2.7,0.0,0,3,TOOLS,Everyone
EC music dictionary,4.4,3.044522437723423,6.2166061010848646,2.2,1.99,1,1319,TOOLS,Everyone
EC Security,4.5,2.6390573296152584,6.90875477931522,28.0,0.0,0,457,LIFESTYLE,Everyone
TN Patta Citta & EC,3.8,3.8918202981106265,9.210440366976517,1.5,0.0,0,135,BOOKS_AND_REFERENCE,Everyone
EC - Encumbrance Search - telangana state,3.4,3.828641396489095,9.210440366976517,5.5,0.0,0,417,BUSINESS,Everyone
Encumbrance Certificate - (Obsolete),3.9,5.220355825078324,10.819798284210286,0.046875,0.0,0,1458,BUSINESS,Everyone
"My Handbook : EE, EC, EI, E&T, EEE, EECS",4.5,8.236685322712457,11.51293546492023,7.7,0.0,0,381,FAMILY,Everyone
EC-HRV test,3.0,2.302585092994046,6.90875477931522,4.3,0.0,0,14,SPORTS,Everyone
Barry EC,4.1,2.70805020110221,6.90875477931522,3.8,0.0,0,234,TOOLS,Everyone
New Holland Agriculture T5 EC,4.6,2.5649493574615367,6.90875477931522,15.0,0.0,0,531,PRODUCTIVITY,Everyone
EC Taximeter,3.9,5.093750200806762,9.210440366976517,5.0,0.0,0,87,PRODUCTIVITY,Everyone
Walk Freely (Ec Shlire),4.7,4.143134726391533,6.90875477931522,2.3,0.0,0,269,TOOLS,Everyone
EC Apps List,4.5,1.0986122886681098,4.61512051684126,1.6,0.0,0,1274,TOOLS,Everyone
AP Stamps and Registration,3.4,4.418840607796598,9.210440366976517,2.7,0.0,0,135,BOOKS_AND_REFERENCE,Everyone
EC Calgary,5.0,1.9459101490553132,4.61512051684126,8.1,0.0,0,44,FAMILY,Teen
Victoria EC,5.0,1.791759469228055,6.2166061010848646,3.8,0.0,0,132,TOOLS,Everyone
EC SPORTS,5.0,0.6931471805599453,2.3978952727983707,6.3,0.0,0,1171,SPORTS,Everyone
ECナビ×シュフー,4.0,6.3578422665081,10.819798284210286,7.4,0.0,0,63,LIFESTYLE,Everyone
EC Reps,4.0,0.6931471805599453,4.61512051684126,5.4,0.0,0,512,BUSINESS,Everyone
EC Tax,4.9,2.1972245773362196,6.2166061010848646,3.1,0.0,0,181,FINANCE,Everyone
EC Fairgrounds,5.0,1.3862943611198906,6.2166061010848646,5.5,0.0,0,27,FAMILY,Everyone
Kiamichi EC,4.6,2.0794415416798357,6.90875477931522,3.9,0.0,0,167,TOOLS,Everyone
TN Patta /Chitta /EC New,4.8,1.791759469228055,4.61512051684126,3.0,0.0,0,20,SOCIAL,Teen
HOLSTON EC,4.1,2.0794415416798357,6.90875477931522,4.2,0.0,0,198,TOOLS,Everyone
FILL EC,4.1,2.6390573296152584,4.61512051684126,3.8,0.0,0,108,BUSINESS,Everyone
GATE Syllabus for EC 2018 & Notifications,4.7,3.1780538303479458,6.90875477931522,4.3,0.0,0,346,FAMILY,Everyone
EC Mover,5.0,1.791759469228055,2.3978952727983707,4.6,0.0,0,8,GAME,Everyone
SCS eC,4.4,2.0794415416798357,4.61512051684126,17.0,0.0,0,657,PRODUCTIVITY,Everyone
My EF,3.3,8.32239411311117,11.51293546492023,14.0,0.0,0,30,FAMILY,Everyone
EF Mentor: Words,4.0,6.0014148779611505,10.819798284210286,39.0,0.0,0,10,FAMILY,Teen
EF Smart English for Phone,3.5,5.342334251964811,9.210440366976517,13.0,0.0,0,41,FAMILY,Everyone
My EF Center,2.8,4.499809670330265,9.210440366976517,35.0,0.0,0,17,FAMILY,Everyone
EF English Live Business,3.6,6.208590026096629,11.51293546492023,14.0,0.0,0,97,FAMILY,Everyone
EF Classroom,3.2,5.25227342804663,10.819798284210286,23.0,0.0,0,17,FAMILY,Everyone
EF English Live for phone,3.6,7.701200180857446,11.51293546492023,15.0,0.0,0,16,FAMILY,Everyone
EF Smart English,3.7,5.017279836814924,8.517393171418904,11.0,0.0,0,59,FAMILY,Everyone
EF English Live Business Tablet,3.3,5.634789603169249,9.210440366976517,14.0,0.0,0,227,FAMILY,Everyone
EF English Live for tablets,3.1,7.1252830915107115,10.819798284210286,14.0,0.0,0,107,FAMILY,Everyone
EF Parеnts,4.1,6.077642243349034,10.819798284210286,17.0,0.0,0,49,FAMILY,Everyone
EF Teacher,3.1,2.833213344056216,6.90875477931522,17.0,0.0,0,112,FAMILY,Everyone
English Bite,3.5,5.594711379601839,9.210440366976517,9.8,0.0,0,927,FAMILY,Everyone
EF/VR – VR Tours of EF Schools,3.6,2.8903717578961645,6.90875477931522,15.0,0.0,0,1059,FAMILY,Teen
EF Events,5.0,2.0794415416798357,4.61512051684126,4.4,0.0,0,308,EVENTS,Teen
EF Go Ahead Tour Companion,2.3,3.1780538303479458,6.90875477931522,43.0,0.0,0,52,TRAVEL_AND_LOCAL,Everyone
EF Sidekick,3.1,3.6109179126442243,8.517393171418904,,0.0,0,507,VIDEO_PLAYERS,Everyone
EF-myHR,2.9,3.295836866004329,6.90875477931522,36.0,0.0,0,169,FINANCE,Everyone
EF Spelling Bee,3.0,1.0986122886681098,6.2166061010848646,9.4,0.0,0,301,FAMILY,Everyone
Education First FCU Mobile,2.9,5.3230099791384085,9.210440366976517,29.0,0.0,0,92,FINANCE,Everyone
Travelmoji,3.9,2.6390573296152584,6.2166061010848646,10.0,0.0,0,776,FAMILY,Everyone
EF Forms,5.0,1.0986122886681098,3.9318256327243257,23.0,0.0,0,16,BUSINESS,Everyone
Agenda EF,3.4,4.382026634673881,8.517393171418904,33.0,0.0,0,1170,FAMILY,Everyone
EF App,5.0,2.1972245773362196,4.61512051684126,20.0,0.0,0,563,BUSINESS,Everyone
EF Coach,4.8,2.8903717578961645,6.2166061010848646,14.0,0.0,0,150,HEALTH_AND_FITNESS,Everyone
EF Universe: Endless Battle,4.2,1.791759469228055,3.9318256327243257,54.0,0.0,0,9,FAMILY,Teen
EF Academy,5.0,1.6094379124341003,3.9318256327243257,15.0,0.0,0,139,HEALTH_AND_FITNESS,Everyone
Financial Calculator Pro EF,4.3,6.453624998892692,10.819798284210286,2.0,0.0,0,1770,FINANCE,Everyone
Carrier Landings Pro,4.6,8.694502206386648,9.210440366976517,31.0,12.99,1,41,FAMILY,Everyone
EF Calculator,4.7,2.995732273553991,6.90875477931522,,0.0,0,323,PRODUCTIVITY,Everyone
EF Financial Control Free,4.4,4.07753744390572,9.210440366976517,3.7,0.0,0,95,FINANCE,Everyone
أحداث وحقائق | خبر عاجل في اخبار العالم,4.8,5.7430031878094825,8.517393171418904,14.0,0.0,0,25,NEWS_AND_MAGAZINES,Everyone 10+
StudyLock - Education First,4.1,3.332204510175204,6.90875477931522,4.6,0.0,0,301,PARENTING,Everyone
English Conversation Courses,4.6,10.006314862335598,13.815511557963774,6.8,0.0,0,42,FAMILY,Everyone
Equestria Girls,4.3,12.881106770663193,16.118095750958314,53.0,0.0,0,748,FAMILY,Everyone
eG Monitor,4.6,2.1972245773362196,4.61512051684126,7.5,0.0,0,13,PRODUCTIVITY,Everyone
E.G. Chess Free,4.0,6.226536669287466,9.210440366976517,23.0,0.0,0,1342,GAME,Everyone
"EG SIM CARD (EGSIMCARD, 이지심카드)",2.9,5.777652323222656,10.819798284210286,1.5,0.0,0,499,BUSINESS,Everyone
EG-Boost,4.1,3.258096538021482,6.90875477931522,2.4,0.0,0,255,BUSINESS,Everyone
Bee Mobile EG,4.2,6.784457062637643,11.51293546492023,6.5,0.0,0,96,FINANCE,Everyone
E.G. Chess,4.3,4.04305126783455,6.90875477931522,23.0,0.99,1,1342,GAME,Everyone
EG SIM CARD (EGSIMCARD),4.4,4.663439094112067,9.210440366976517,5.0,0.0,0,99,TRAVEL_AND_LOCAL,Everyone
EG Retail,2.4,3.4011973816621555,6.2166061010848646,16.0,0.0,0,35,BUSINESS,Everyone
EG Movi,4.2,3.713572066704308,6.90875477931522,7.4,0.0,0,454,TOOLS,Everyone
Energenie EG-PM1W Setup Wizard,3.1,2.8903717578961645,6.90875477931522,0.5107421875,0.0,0,1399,TOOLS,Everyone
EG Classroom Decimals™,3.0,1.0986122886681098,3.9318256327243257,18.0,2.99,1,423,FAMILY,Everyone
EGW Writings 2,4.7,8.786914938491025,11.51293546492023,16.0,0.0,0,244,BOOKS_AND_REFERENCE,Everyone
Alipay,3.4,10.657212294981678,13.815511557963774,61.0,0.0,0,38,FINANCE,Teen
EGW Writings,4.7,10.097367058163812,13.815511557963774,3.1,0.0,0,225,BOOKS_AND_REFERENCE,Everyone
Bible with EGW Comments,4.7,8.236685322712457,11.51293546492023,12.0,0.0,0,183,BOOKS_AND_REFERENCE,Everyone
Eg Call,4.2,4.5217885770490405,9.210440366976517,6.0,0.0,0,529,COMMUNICATION,Everyone
EG India,5.0,1.3862943611198906,4.61512051684126,4.0,0.0,0,11,LIFESTYLE,Everyone
Fashion Pony Girls Dress Up Makeup Game,4.5,5.54907608489522,9.210440366976517,30.0,0.0,0,27,FAMILY,Everyone
My Little Pony Celebration,4.3,11.053948814506992,13.815511557963774,17.0,0.0,0,748,FAMILY,Everyone
My Little Pony AR Guide,3.3,8.986446539271268,13.815511557963774,51.0,0.0,0,279,BOOKS_AND_REFERENCE,Everyone
MY LITTLE PONY: Magic Princess,4.4,14.085330803547729,17.72753358339242,,0.0,0,29,FAMILY,Everyone
L.A. Crime Stories 2 Mad City Crime,4.2,8.280711075662847,11.51293546492023,42.0,0.0,0,497,GAME,Teen
LA Stories 4 New Order Sandbox 2018,4.2,9.767324127723256,13.815511557963774,99.0,0.0,0,69,GAME,Mature 17+
SDA Sabbath School Quarterly,4.7,9.600624158088683,13.122365377402328,6.4,0.0,0,304,BOOKS_AND_REFERENCE,Everyone
Sirens Fashion Style Game,4.3,7.733245646529795,13.122365377402328,22.0,0.0,0,170,FAMILY,Everyone
Equestria Amino for MLP,4.8,9.032409163483521,10.819798284210286,63.0,0.0,0,27,SOCIAL,Teen
Propertyfinder,4.2,7.317876198626496,11.51293546492023,11.0,0.0,0,2,LIFESTYLE,Everyone
L.A. Crime Stories Mad City Crime,4.0,10.30925261565329,13.815511557963774,99.0,0.0,0,497,GAME,Mature 17+
My Little Pony: Story Creator,4.2,9.305923241869912,13.815511557963774,21.0,0.0,0,455,FAMILY,Everyone
Pocket Little Pony,4.1,10.770104730166711,13.815511557963774,14.0,0.0,0,526,FAMILY,Everyone 10+
Dance Magic Fashion Style Games,4.6,7.837554360881084,11.51293546492023,46.0,0.0,0,163,FAMILY,Everyone
Inventory & Barcode scanner & WIFI scanner,4.6,7.53955882930103,10.819798284210286,18.0,1.49,1,39,PRODUCTIVITY,Everyone
MLP Colouring Adventures,3.8,8.906528917594517,13.815511557963774,61.0,0.0,0,499,FAMILY,Everyone
Miraculous Ladybug & Cat Noir - The Official Game,4.5,12.13017923427439,16.118095750958314,99.0,0.0,0,10,GAME,Everyone
Fashion Girls Dress up Makeup,4.4,4.7535901911063645,9.210440366976517,31.0,0.0,0,27,FAMILY,Everyone
My Little Pony: Harmony Quest,4.1,11.907707040164942,16.118095750958314,26.0,0.0,0,157,FAMILY,Everyone
Home Pony 2,4.0,9.95122954852155,13.815511557963774,26.0,0.0,0,52,FAMILY,Everyone
Eh Volevi!,3.9,7.3901814282264295,11.51293546492023,7.0,0.0,0,306,FAMILY,Everyone
VITEK EH DVR Viewer (Pro),3.5,4.3694478524670215,9.210440366976517,3.3,0.0,0,1763,TOOLS,Everyone
Eh Bee Wallpapers HD,5.0,1.6094379124341003,4.61512051684126,3.9,0.0,0,107,PERSONALIZATION,Everyone
EH!,4.6,2.3978952727983707,6.90875477931522,8.7,0.0,0,22,LIFESTYLE,Everyone
Arogyam EH,3.6,2.9444389791664403,6.90875477931522,3.5,0.0,0,89,MEDICAL,Everyone
Betul Ke Bohong Eh?,4.2,6.400257445308821,11.51293546492023,6.4,0.0,0,1224,GAME,Everyone
Eh Amego!,3.8,9.50218875329738,13.122365377402328,7.1,0.0,0,1081,GAME,Everyone
EH kontrollrakendus,3.4,3.784189633918261,8.517393171418904,2.3,0.0,0,303,TOOLS,Everyone
Fit the Fat 2,3.8,10.484221628517085,15.424948670398354,55.0,0.0,0,237,SPORTS,Everyone
My Theme Park: RollerCoaster & Water Park Tycoon,4.2,4.859812404361672,9.210440366976517,41.0,0.0,0,58,FAMILY,Everyone 10+
Doomsday Preppers™,4.2,11.828961730918538,13.815511557963774,52.0,0.0,0,569,FAMILY,Everyone
TAXI DRIVER,3.7,8.882391706295847,13.815511557963774,32.0,0.0,0,941,FAMILY,Everyone
Crazy Doctor,4.0,12.497386863747098,16.118095750958314,13.0,0.0,0,1620,FAMILY,Teen
MazeMilitia Classic Multiplayer Shooting Game,4.4,7.166265974133638,10.819798284210286,44.0,0.0,0,154,GAME,Mature 17+
Endress+Hauser Operations,4.5,5.459585514144159,9.210440366976517,3.4,0.0,0,115,BUSINESS,Everyone
ZOMBIE RIPPER,3.7,9.684958338772663,13.122365377402328,94.0,0.0,0,268,GAME,Mature 17+
Soldiers of Glory: Modern War,4.2,11.079307765442472,15.424948670398354,23.0,0.0,0,69,FAMILY,Teen
Driving School 3D 2017,3.9,8.532278828834277,13.122365377402328,48.0,0.0,0,492,FAMILY,Everyone
Retro Camera,4.0,11.740992874175678,16.118095750958314,,0.0,0,517,PHOTOGRAPHY,Everyone
Horror Hospital,3.7,11.066435216709133,13.815511557963774,26.0,0.0,0,303,GAME,Teen
Ludo Family Dice Game,4.2,8.187021067343505,13.122365377402328,19.0,0.0,0,155,FAMILY,Everyone
Mad Skills Motocross,4.0,10.389702810329402,13.815511557963774,44.0,0.0,0,927,GAME,Everyone
Masterchef Cooking Games: Fun Restaurant & Kitchen,3.9,6.9440872082295275,11.51293546492023,33.0,0.0,0,34,FAMILY,Everyone
US Army Training Courses Game,4.1,10.208432264538738,15.424948670398354,35.0,0.0,0,244,FAMILY,Everyone
Pineapple Pen,4.3,11.965687559520552,16.118095750958314,65.0,0.0,0,587,GAME,Everyone
Instant Buttons: The Best Soundboard,4.5,11.966056295776589,15.424948670398354,9.2,0.0,0,216,FAMILY,Teen
Guess The Emoji,4.5,11.24671782418499,15.424948670398354,23.0,0.0,0,37,GAME,Everyone
Camping RV Caravan Parking 3D,3.3,8.57376254290413,13.122365377402328,48.0,0.0,0,1330,GAME,Everyone
Grand Bat Superhero Flying Assault Rescue Mission,4.4,6.9985096422506015,13.122365377402328,37.0,0.0,0,31,GAME,Teen
Zombie Frontier,4.2,12.696766987999174,16.118095750958314,20.0,0.0,0,71,GAME,Teen
eHub,4.2,8.84937050375457,11.51293546492023,4.8,0.0,0,41,BUSINESS,Everyone
Voice Changer,4.1,11.835378461084328,16.118095750958314,5.7,0.0,0,112,FAMILY,Everyone
Heart Surgery Emergency Doctor,4.1,7.718240951959316,11.51293546492023,29.0,0.0,0,468,FAMILY,Teen
RUN JUMP RUN-fun games for free,4.4,6.495265555937008,11.51293546492023,42.0,0.0,0,111,GAME,Everyone
100 Doors of Revenge,4.1,11.568993840489764,16.118095750958314,48.0,0.0,0,77,FAMILY,Teen
Lie Detector Prank,3.9,11.293699230940064,16.118095750958314,3.7,0.0,0,260,FAMILY,Everyone
Virtual Mother Surgery Doctor : Emergency Hospital,3.9,4.2626798770413155,9.210440366976517,61.0,0.0,0,71,FAMILY,Teen
Princess Palace: Royal Pony,4.4,9.345133468317714,13.815511557963774,66.0,0.0,0,770,FAMILY,Everyone
EI Mobile,3.8,8.350429973538136,11.51293546492023,82.0,0.0,0,21,FINANCE,Everyone
TAMAGO,3.0,10.657635754653473,15.424948670398354,1.6,0.0,0,78,FAMILY,Everyone
Ei Electronics AudioLINK,3.4,4.0943445622221,9.210440366976517,1.8,0.0,0,294,TOOLS,Everyone
Ei Samay - Bengali News Paper,4.3,9.934065253000266,13.815511557963774,,0.0,0,23,NEWS_AND_MAGAZINES,Everyone
NEMA ei,5.0,1.6094379124341003,4.61512051684126,12.0,0.0,0,276,BUSINESS,Everyone
the Egg - crack the egg,4.1,5.356586274672012,9.210440366976517,14.0,0.0,0,626,FAMILY,Everyone
EI SmartMiles,2.4,2.302585092994046,6.90875477931522,3.8,0.0,0,200,FINANCE,Everyone
Code on the egg,3.9,4.990432586778736,9.210440366976517,0.765625,0.0,0,486,TOOLS,Everyone
EI Calculator,4.0,2.1972245773362196,4.61512051684126,1.5,0.0,0,808,TOOLS,Everyone
Tamago egg,3.0,3.912023005428146,8.517393171418904,7.1,0.0,0,282,GAME,Everyone
Esporte Interativo - Notícias e Resultados Ao Vivo,4.4,8.434028950155469,13.122365377402328,21.0,0.0,0,207,SPORTS,Everyone
Let's Poke The Egg,3.4,9.110741006753427,13.815511557963774,23.0,0.0,0,551,GAME,Everyone
Egg,2.9,4.290459441148391,8.517393171418904,27.0,0.0,0,61,FAMILY,Mature 17+
ei Calc,5.0,1.0986122886681098,2.3978952727983707,19.0,0.0,0,1032,TOOLS,Everyone
Disaster Will Strike,4.5,9.595126468875947,13.815511557963774,45.0,0.0,0,21,FAMILY,Everyone
Egg: clicker,3.7,10.613467267756123,13.815511557963774,15.0,0.0,0,444,FAMILY,Everyone
Egg for Pou,3.0,10.986935440684466,15.424948670398354,,0.0,0,329,FAMILY,Everyone
Survival: Prison Escape,4.0,11.758307889209071,16.118095750958314,33.0,0.0,0,8,GAME,Mature 17+
Crack the blue angry birds egg,3.2,4.454347296253507,9.210440366976517,2.1,0.0,0,839,FAMILY,Everyone
Tamago Tap Clicker Egg,3.6,5.3471075307174685,10.819798284210286,16.0,0.0,0,659,FAMILY,Everyone
Tap The Easter Egg!,3.2,4.718498871295094,8.517393171418904,3.3,0.0,0,874,FAMILY,Everyone
Esporte Interativo Plus,3.7,10.210236687705134,13.815511557963774,20.0,0.0,0,10,SPORTS,Everyone
EI国际,4.7,2.772588722239781,6.90875477931522,5.2,0.0,0,699,FAMILY,Everyone
Egg Baby,4.4,12.770272197662866,15.424948670398354,8.7,0.0,0,771,FAMILY,Everyone 10+
Surprise Eggs,3.9,11.30889803084825,16.118095750958314,,0.0,0,21,FAMILY,Everyone
PJ Masks: Moonlight Heroes,4.4,11.374191993537472,16.118095750958314,99.0,0.0,0,65,FAMILY,Everyone
Crack Attack,4.3,10.372584520889065,13.815511557963774,77.0,0.0,0,428,FAMILY,Everyone
Aaj Bangla: ei samay er khobor,4.9,3.5553480614894135,6.90875477931522,3.8,0.0,0,571,NEWS_AND_MAGAZINES,Everyone
Break the Egg,2.6,5.905361848054571,10.819798284210286,6.0,0.0,0,216,FAMILY,Everyone
"Kolkata News:Anandbazar Patrika,ei samay&AllRating",5.0,2.3978952727983707,4.61512051684126,5.0,0.0,0,26,NEWS_AND_MAGAZINES,Everyone
PJ Masks: HQ,4.1,9.527484154577582,13.815511557963774,55.0,0.0,0,48,FAMILY,Everyone
Ei Somoy & Dainik Sangbad & Statesman (PDF),4.0,1.6094379124341003,4.61512051684126,5.3,0.0,0,15,NEWS_AND_MAGAZINES,Everyone
TAMAGO Monsters Returns,4.1,11.557745855241697,13.815511557963774,37.0,0.0,0,721,GAME,Everyone
EJ Elite Prospects League,3.3,1.3862943611198906,6.90875477931522,12.0,0.0,0,167,SPORTS,Everyone
Super Sport Car Simulator,4.2,10.977704684369517,13.815511557963774,50.0,0.0,0,592,FAMILY,Everyone
EJ Insight,4.0,3.5263605246161616,6.90875477931522,0.2734375,0.0,0,1409,NEWS_AND_MAGAZINES,Everyone
Ambulance Rescue Simulator 17,4.3,8.80537513890967,13.815511557963774,31.0,0.0,0,161,FAMILY,Everyone
Bad Piggies HD,4.4,13.547589281868412,16.118095750958314,69.0,0.0,0,35,FAMILY,Everyone
EJ messenger,5.0,0.6931471805599453,2.3978952727983707,25.0,0.0,0,295,COMMUNICATION,Teen
Traffic Sniper Counter Attack,4.3,8.582980931954241,13.815511557963774,38.0,0.0,0,247,GAME,Teen
Rope Superhero Unlimited,4.4,8.815221555922163,13.815511557963774,26.0,0.0,0,456,GAME,Mature 17+
Extreme Super Car Driving 3D,3.9,10.047804323304367,13.815511557963774,48.0,0.0,0,1100,GAME,Everyone
Footej Camera,4.3,9.49243184611472,13.815511557963774,,0.0,0,50,PHOTOGRAPHY,Everyone
Sport Car Simulator,4.0,10.794091177474298,15.424948670398354,68.0,0.0,0,112,FAMILY,Everyone
Fast Racing Car Simulator,3.8,9.045819439807735,13.815511557963774,45.0,0.0,0,1095,GAME,Everyone
Silence Premium Do Not Disturb,4.5,8.118802996980035,9.210440366976517,,2.95,1,173,TOOLS,Everyone
Beach Head Shooting Assault,3.8,6.320768294250582,11.51293546492023,44.0,0.0,0,160,GAME,Teen
Stickman Warriors Heroes 2,4.4,9.526245403371703,13.815511557963774,41.0,0.0,0,481,GAME,Everyone 10+
Dead Target Zombie Shooting US Sniper Killer Squad,4.3,5.484796933490655,10.819798284210286,65.0,0.0,0,310,GAME,Teen
Learn Music Notes,4.7,4.969813299576001,6.90875477931522,4.4,1.99,1,53,FAMILY,Everyone
Luxury Car Simulator,3.9,10.490996401073076,13.815511557963774,46.0,0.0,0,1098,FAMILY,Everyone
Dubai Racing,4.2,9.695109453422392,13.122365377402328,23.0,0.0,0,960,GAME,Everyone
Office Bike Racing Simulator,3.8,9.959395184474424,13.815511557963774,30.0,0.0,0,1035,FAMILY,Everyone
Pregnant Mom Surgery Newborn Twins Baby Birth Care,4.3,4.564348191467836,9.210440366976517,28.0,0.0,0,166,FAMILY,Teen
Pet Beauty Salon,3.8,9.918031277976969,13.815511557963774,47.0,0.0,0,1173,FAMILY,Everyone
Booking Revolution,4.2,11.855692135725562,15.424948670398354,59.0,0.0,0,19,SPORTS,Teen
Nights Keeper (do not disturb),4.5,9.7066816015412,13.122365377402328,1.6,0.0,0,529,LIFESTYLE,Everyone
Farming Simulator 16,4.2,10.398580057313119,13.122365377402328,14.0,2.99,1,121,FAMILY,Everyone
Lily & Leo - Crazy Circus Day,3.6,8.998631198287637,13.815511557963774,43.0,0.0,0,65,FAMILY,Everyone
WIZARD Card Game,4.0,3.8918202981106265,6.90875477931522,4.1,1.99,1,1333,GAME,Everyone
Fake Call From Wengie Prank,3.5,5.8664680569332965,10.819798284210286,3.8,0.0,0,382,FAMILY,Everyone
Robot Fighting Games™ - Real Boxing Champions 3D,4.4,3.4339872044851463,8.517393171418904,47.0,0.0,0,38,GAME,Everyone
Ghost Hunting camera,3.5,8.022568946988255,13.122365377402328,24.0,0.0,0,521,GAME,Teen
Santa Panda Bubble Christmas,4.1,4.624972813284271,9.210440366976517,31.0,0.0,0,513,GAME,Everyone
TeamWard – live help for LoL,4.8,8.051022208190679,11.51293546492023,2.7,0.0,0,43,FAMILY,Everyone
3D Metal Piano Keys Keyboard Theme,4.4,6.148468295917647,11.51293546492023,7.3,0.0,0,39,FOOD_AND_DRINK,Everyone
OffRoad US Army Train Driving Simulator,4.3,7.104144092987527,13.122365377402328,59.0,0.0,0,59,FAMILY,Everyone 10+
Do Not Disturb! 2 - Challenge Your Prank Skills!,4.0,10.446334962324856,13.815511557963774,48.0,0.0,0,3,FAMILY,Everyone
WiFi Tether Router,4.2,8.630521876723241,11.51293546492023,1.3,2.9,1,38,COMMUNICATION,Everyone
Local weather Forecast,4.4,8.609407675404048,13.815511557963774,12.0,0.0,0,2,WEATHER,Everyone
Kiss Me! Lip Kissing Test,3.5,5.2574953720277815,10.819798284210286,5.0,0.0,0,83,FAMILY,Everyone
Smoke Effect Name Art Maker-Avatar Text Art Editor,4.3,7.581719640125308,11.51293546492023,6.6,0.0,0,41,PERSONALIZATION,Everyone
The Emirates App,4.4,10.033506533859862,13.815511557963774,55.0,0.0,0,3,TRAVEL_AND_LOCAL,Everyone
ek tuhi,4.7,5.75890177387728,9.210440366976517,2.8,0.0,0,1497,VIDEO_PLAYERS,Everyone
Master E.K,5.0,4.51085950651685,6.90875477931522,,0.0,0,363,FAMILY,Everyone
EK Platinum,3.8,3.970291913552122,9.210440366976517,10.0,0.0,0,226,LIFESTYLE,Everyone
EK Bailey Preaching Conference,5.0,1.3862943611198906,6.2166061010848646,30.0,0.0,0,38,EVENTS,Everyone
Ek Maratha,4.8,6.587550014824796,9.210440366976517,3.7,0.0,0,666,SOCIAL,Teen
Ek Onkar,4.9,4.68213122712422,9.210440366976517,18.0,0.0,0,858,FAMILY,Everyone
Racing Moto,4.3,13.455696406150123,17.72753358339242,7.4,0.0,0,37,GAME,Everyone
Pyaar Ek Dhoka,5.0,2.9444389791664403,3.9318256327243257,1.3,0.0,0,177,FAMILY,Everyone
Duaa Ek Ibaadat,4.9,4.812184355372417,8.517393171418904,26.0,0.0,0,851,BOOKS_AND_REFERENCE,Everyone
Ek Onkar Mantras,4.9,4.418840607796598,8.517393171418904,5.0,0.0,0,732,LIFESTYLE,Everyone
Alex Fuel Calculator for EK,4.9,2.995732273553991,6.2166061010848646,3.3,0.0,0,55,TOOLS,Everyone
Ringtones Of Ek Onkar,4.5,1.9459101490553132,6.90875477931522,3.9,0.0,0,435,FAMILY,Everyone
Ek Kahani Aisi Bhi Season 2 - The Horror Story,4.5,3.367295829986474,6.90875477931522,5.6,0.0,0,20,FAMILY,Teen
Ek Bander Ne Kholi Dukan,5.0,2.3978952727983707,9.210440366976517,3.0,0.0,0,409,FAMILY,Everyone
Hum Ek Hain 2.02,5.0,1.0986122886681098,2.3978952727983707,1.8,0.0,0,144,SOCIAL,Teen
Ek Kahani Aisi Bhi Season 3 - The Horror Story,3.0,0.6931471805599453,4.61512051684126,5.8,0.0,0,19,FAMILY,Teen
Sai Baba - Sabka Malik Ek,4.9,3.7612001156935624,6.90875477931522,38.0,0.0,0,75,PRODUCTIVITY,Everyone
Ek Vote,5.0,3.784189633918261,6.2166061010848646,6.2,0.0,0,275,PRODUCTIVITY,Everyone
Asha Ek Hope - ALS/ MND,5.0,1.0986122886681098,4.61512051684126,11.0,0.0,0,78,MEDICAL,Everyone
Airplane Pilot Car Transporter,4.1,12.113759968721606,16.118095750958314,62.0,0.0,0,13,FAMILY,Everyone
Ek Kauwa Pyasa Tha,4.1,3.58351893845611,10.819798284210286,3.1,0.0,0,410,FAMILY,Everyone
Train Racing Games 3D 2 Player,4.3,12.167201871141181,16.118095750958314,56.0,0.0,0,212,GAME,Everyone
Video Maker with Photo and Music,4.3,8.491259809389733,13.815511557963774,30.0,0.0,0,143,PHOTOGRAPHY,Everyone
SIM Card Info,4.1,8.351138607086154,13.815511557963774,1.9,0.0,0,76,TOOLS,Everyone
Toilet Ek Prem Katha Songs Lyrics in Hindi,4.7,1.3862943611198906,6.90875477931522,2.0,0.0,0,364,FAMILY,Everyone
Sanu Ek Pal Chain Song Videos - RAID Movie Songs,4.9,2.4849066497880004,8.517393171418904,4.3,0.0,0,154,FAMILY,Everyone
"Phogy, 3D Camera",4.0,10.48363399400883,13.815511557963774,9.9,0.0,0,1275,PHOTOGRAPHY,Everyone
Ek Qissa He Quran Se (Qurani Waqiyat),5.0,1.6094379124341003,4.61512051684126,2.0,0.0,0,283,FAMILY,Everyone
Lyrics of Ek Paheli Leela,5.0,1.6094379124341003,6.2166061010848646,2.3,0.0,0,838,FAMILY,Everyone
Exiled Kingdoms RPG,4.6,10.803872454726505,13.815511557963774,99.0,0.0,0,35,FAMILY,Everyone 10+
Sabka Malik Ek Sai,4.2,2.8903717578961645,6.90875477931522,5.1,0.0,0,1902,SOCIAL,Teen
Voice Lock Screen,3.7,8.805075243870684,13.815511557963774,2.7,0.0,0,129,LIFESTYLE,Everyone
Shabad Gurubani Punjabi mp3 free - Ek Onkar Satnam,5.0,1.791759469228055,4.61512051684126,64.0,0.0,0,202,FAMILY,Everyone
Bus Driver 3D: Hill Station,4.3,10.364261216403174,15.424948670398354,49.0,0.0,0,276,FAMILY,Everyone
Extreme Motorbike Jump 3D,4.0,11.45433190415227,16.118095750958314,79.0,0.0,0,592,FAMILY,Everyone
el,4.3,10.386098869820946,13.815511557963774,47.0,0.0,0,1330,FAMILY,Everyone
El Pollo Loco - Loco Rewards,4.0,6.744059186311348,11.51293546492023,25.0,0.0,0,167,FOOD_AND_DRINK,Everyone
El Chavo,4.0,6.62273632394984,9.210440366976517,49.0,0.99,1,1374,FAMILY,Everyone
EL AL Flights,3.1,7.355001921105257,11.51293546492023,36.0,0.0,0,77,TRAVEL_AND_LOCAL,Everyone
DreamStream By EL AL,3.4,6.39024066706535,11.51293546492023,22.0,0.0,0,934,TRAVEL_AND_LOCAL,Everyone
Learn English with El Chavo.,4.2,8.721602344674197,11.51293546492023,7.0,0.0,0,1043,FAMILY,Everyone
Learn Math with el Chavo,4.2,6.734591659972948,11.51293546492023,60.0,0.0,0,42,FAMILY,Everyone
El Nuevo Día,4.1,8.988695696785708,13.122365377402328,13.0,0.0,0,57,NEWS_AND_MAGAZINES,Everyone 10+
EL NORTE,3.4,7.798523053625206,11.51293546492023,,0.0,0,44,NEWS_AND_MAGAZINES,Everyone
El Laberinto del Demonio 3D,4.0,9.924368030115483,13.815511557963774,31.0,0.0,0,1085,FAMILY,Teen
Learn to code with el Chavo,3.9,8.688453800850768,13.815511557963774,60.0,0.0,0,135,FAMILY,Everyone
El Falı,4.8,10.517835002606233,13.815511557963774,16.0,0.0,0,279,FAMILY,Everyone
El Laberinto del Demonio 2,4.1,8.203851372183879,11.51293546492023,25.0,0.0,0,482,FAMILY,Teen
TV Local El Salvador,4.3,5.780743515792329,9.210440366976517,3.6,0.0,0,93,FAMILY,Everyone
Tigo Money El Salvador,4.3,8.443115988019922,11.51293546492023,3.5,0.0,0,17,FINANCE,Everyone
Hangman,4.4,10.056337386630338,15.424948670398354,12.0,0.0,0,138,FAMILY,Everyone
El Dorado App,4.4,5.402677381872279,9.210440366976517,33.0,0.0,0,125,TRAVEL_AND_LOCAL,Everyone
Adivina el cantante de Trap y Reggaeton,4.5,7.557472901614746,11.51293546492023,24.0,0.0,0,41,GAME,Everyone
The translator,4.5,10.077692928727824,13.815511557963774,4.1,0.0,0,361,TOOLS,Everyone
Fernanfloo,4.8,13.174188930117282,16.118095750958314,49.0,0.0,0,44,GAME,Everyone 10+
Weather 14 Days,4.4,12.542251982117502,16.118095750958314,,0.0,0,22,WEATHER,Everyone
The dollar in mexico,4.5,8.355850041007475,11.51293546492023,3.2,0.0,0,345,FINANCE,Everyone
Real Madrid App,4.6,11.99178972264816,15.424948670398354,73.0,0.0,0,8,SPORTS,Everyone
OWLIE BOO,4.6,6.727431724850855,11.51293546492023,22.0,0.0,0,147,FAMILY,Everyone
Trazado de tuberia El Tubero,4.5,5.749392985908253,9.210440366976517,4.4,1.97,1,1229,TOOLS,Everyone
Weather by eltiempo.es,4.2,11.125128354515471,15.424948670398354,,0.0,0,7,WEATHER,Everyone
The Game of Life,4.4,9.833762270044563,11.51293546492023,63.0,2.99,1,36,GAME,Everyone
Spanish English Translator,4.2,11.384182589077502,16.118095750958314,,0.0,0,73,BOOKS_AND_REFERENCE,Teen
The Holy Rosary,4.7,10.93663644805993,13.815511557963774,15.0,0.0,0,3,LIFESTYLE,Everyone
Western Union US - Send Money Transfers Quickly,4.5,11.301030905833908,15.424948670398354,16.0,0.0,0,35,FINANCE,Everyone
"Maps, GPS Navigation & Directions, Street View",4.2,12.242602240871964,16.118095750958314,6.4,0.0,0,17,MAPS_AND_NAVIGATION,Everyone
Human Anatomy Atlas 2018: Complete 3D Human Body,4.5,7.980707820869669,11.51293546492023,25.0,24.99,1,76,MEDICAL,Everyone
Red Hands – 2-Player Games,4.2,11.446881811689353,16.118095750958314,,0.0,0,181,GAME,Everyone
Narcos: Cartel Wars,4.7,12.408188659652293,15.424948670398354,52.0,0.0,0,10,FAMILY,Teen
Get 'Em,4.1,8.975250749643573,13.122365377402328,21.0,0.0,0,652,GAME,Everyone 10+
EM Launcher for EMUI,4.1,8.063377822367027,13.122365377402328,2.3,0.0,0,125,PERSONALIZATION,Everyone
Live Hold’em Pro Poker - Free Casino Games,4.6,13.931684299401068,16.118095750958314,,0.0,0,2,GAME,Teen
Beach Shoot Em Up: Head Hunter,4.4,7.105786129481271,13.122365377402328,15.0,0.0,0,156,GAME,Everyone 10+
Connect'Em,4.5,10.8073412643066,13.815511557963774,6.8,0.0,0,45,FAMILY,Everyone
Stick 'Em Up 2 Starter Edition,3.8,7.6511201757027,11.51293546492023,40.0,0.0,0,1063,GAME,Everyone 10+
Shoot`Em Down: Shooting game,3.9,8.983816112502495,13.122365377402328,88.0,0.0,0,362,GAME,Teen
Texas Hold’em Poker + | Social,3.5,8.393216011596527,13.122365377402328,59.0,0.0,0,568,GAME,Teen
PlayTexas Hold'em Poker Free,3.8,8.173011311724972,13.815511557963774,,0.0,0,152,GAME,Teen
EM Launcher Pro,4.2,3.58351893845611,6.90875477931522,0.0234375,3.99,1,859,PERSONALIZATION,Everyone
HAWK – Force of an Arcade Shooter. Shoot 'em up,4.6,12.156225673135593,15.424948670398354,46.0,0.0,0,31,GAME,Everyone
Shoot Em Down Free,3.7,7.955425088912672,13.122365377402328,39.0,0.0,0,181,FAMILY,Everyone
Game for KIDS: KIDS match'em,4.4,8.854664928370534,13.815511557963774,6.9,0.0,0,655,FAMILY,Everyone
Texas Hold'em Poker,3.6,9.46086560003161,13.815511557963774,14.0,0.0,0,223,GAME,Teen
Nuke Em All,3.4,7.906547232368036,13.122365377402328,52.0,0.0,0,263,FAMILY,Mature 17+
Poker Equity Calculator Pro for No Limit Hold'em,4.0,3.091042453358316,8.517393171418904,14.0,0.99,1,333,GAME,Everyone
Poker Live! 3D Texas Hold'em,4.3,8.723231274827508,11.51293546492023,37.0,0.0,0,15,GAME,Teen
"CBS Sports App - Scores, News, Stats & Watch Live",4.3,11.419010311663804,15.424948670398354,,0.0,0,5,SPORTS,Everyone
Fun Texas Hold'em Poker,4.5,10.399158928530442,13.122365377402328,24.0,0.0,0,454,GAME,Teen
Elevator Simulator Lift EM ALL,4.4,7.9868449011613825,11.51293546492023,28.0,0.0,0,9,FAMILY,Teen
Dragonplay™ Poker Texas Holdem,4.5,12.195921294473798,13.815511557963774,,0.0,0,2,GAME,Teen
Punch em,4.1,7.700295203420117,13.122365377402328,4.4,0.0,0,77,GAME,Everyone
Zynga Poker – Texas Holdem,4.4,14.501667866186141,17.72753358339242,52.0,0.0,0,15,GAME,Teen
Boyaa Poker (En) – Social Texas Hold’em,4.3,11.17701906823143,13.815511557963774,51.0,0.0,0,58,GAME,Teen
World Series of Poker – WSOP Free Texas Holdem,4.5,13.721257019717585,16.118095750958314,76.0,0.0,0,7,GAME,Teen
Connect'Em Halloween,4.5,8.80597465931132,13.122365377402328,4.4,0.0,0,685,FAMILY,Everyone
Yahoo Fantasy Sports - #1 Rated Fantasy App,4.2,12.535160542040574,15.424948670398354,,0.0,0,7,SPORTS,Mature 17+
Texas Holdem Poker Pro,4.5,11.648155414230333,15.424948670398354,26.0,0.0,0,232,GAME,Teen
Rage Fight of Streets - Beat Em Up Game,4.3,7.306531398939505,11.51293546492023,67.0,0.0,0,88,GAME,Teen
HANGAME Casino - Baccarat & Texas Hold'em,4.1,9.060563446657955,13.122365377402328,46.0,0.0,0,84,GAME,Teen
PokerStars Play: Free Texas Holdem Poker Game,4.6,9.615138591096644,13.122365377402328,78.0,0.0,0,34,GAME,Teen
Yoong: Kick 'Em Up!,4.3,8.868976189274543,11.51293546492023,33.0,0.0,0,967,SPORTS,Everyone
Texas Holdem Poker,4.0,11.758472180819224,16.118095750958314,26.0,0.0,0,232,GAME,Teen
Instabridge - Free WiFi Passwords and Hotspots,4.4,12.261076796166073,16.118095750958314,,0.0,0,7,TOOLS,Everyone
Big Fish Casino – Play Slots & Vegas Games,4.4,12.853440250547505,16.118095750958314,,0.0,0,29,GAME,Teen
LocaToWeb - Live GPS tracking,4.6,5.303304908059076,6.90875477931522,3.0,2.49,1,7,SPORTS,Everyone
TRANSFORMERS: Forged to Fight,4.6,12.584310431383853,16.118095750958314,90.0,0.0,0,13,GAME,Everyone 10+
Texas Holdem & Omaha Poker: Pokerist,4.3,12.139938184891703,16.118095750958314,28.0,0.0,0,9,GAME,Teen
Governor of Poker 2 - OFFLINE POKER GAME,4.3,12.41527547496035,15.424948670398354,60.0,0.0,0,156,GAME,Teen
Squadron - Bullet Hell Shooter,4.2,12.086968112080088,16.118095750958314,40.0,0.0,0,829,GAME,Everyone
Telemundo Deportes - En Vivo,4.5,10.498360163827734,13.815511557963774,25.0,0.0,0,8,SPORTS,Everyone
Holy Knight EN,4.0,10.17362918701092,13.815511557963774,41.0,0.0,0,96,FAMILY,Teen
Hello English: Learn English,4.6,13.528257726708642,16.118095750958314,,0.0,0,2,FAMILY,Everyone
Dictionary - Merriam-Webster,4.5,13.026761755134775,16.118095750958314,,0.0,0,83,BOOKS_AND_REFERENCE,Everyone
English in a Month Free,3.8,8.791486026749002,13.815511557963774,13.0,0.0,0,382,FAMILY,Everyone
Words With Friends – Play Free,4.3,13.475439854620772,16.118095750958314,,0.0,0,29,GAME,Everyone
FRANCE 24,4.3,10.759391134395187,15.424948670398354,,0.0,0,45,NEWS_AND_MAGAZINES,Everyone 10+
JW Library,4.9,13.73511687203841,16.118095750958314,,0.0,0,55,BOOKS_AND_REFERENCE,Everyone
Learn Body Parts in English,4.0,8.887928819003305,13.815511557963774,42.0,0.0,0,611,FAMILY,Everyone
ai.type keyboard Plus + Emoji,4.5,10.952156512395968,11.51293546492023,35.0,4.49,1,16,TOOLS,Everyone
Edmodo,4.1,12.20714706813144,16.118095750958314,18.0,0.0,0,3,FAMILY,Everyone
Learn English Daily,4.5,8.97233695775495,13.122365377402328,53.0,0.0,0,95,FAMILY,Everyone
Orfox: Tor Browser for Android,4.2,10.697249003128666,16.118095750958314,31.0,0.0,0,38,COMMUNICATION,Everyone
"NewsDog - Latest News, Breaking News, Local News",4.4,12.584173408480261,16.118095750958314,4.3,0.0,0,20,NEWS_AND_MAGAZINES,Mature 17+
Keyboard ManMan,4.4,11.706063314198031,16.118095750958314,,0.0,0,151,TOOLS,Everyone
RightNow English Conversation,4.0,8.540714386457584,13.815511557963774,11.0,0.0,0,160,FAMILY,Everyone
HTC Sense Input - EN,4.3,10.09311568451252,15.424948670398354,8.5,0.0,0,1014,TOOLS,Everyone
"busuu: Learn Languages - Spanish, English & More",4.3,12.241898178499607,16.118095750958314,21.0,0.0,0,8,FAMILY,Everyone 10+
Classic Words Solo,4.4,11.81849657025775,15.424948670398354,,0.0,0,2,GAME,Everyone
"Ginger Keyboard - Emoji, GIFs, Themes & Games",4.4,12.000474273431713,15.424948670398354,43.0,0.0,0,8,PRODUCTIVITY,Everyone
English Audio Books - Librivox,4.0,9.28489110324048,13.815511557963774,10.0,0.0,0,253,FAMILY,Everyone
Learn Top 300 English Words,4.7,11.028433383156079,13.815511557963774,3.4,0.0,0,166,FAMILY,Everyone
"Univision Deportes: Liga MX, MLS, Fútbol En Vivo",4.2,11.232774958933794,15.424948670398354,,0.0,0,17,SPORTS,Everyone
Chess Free,4.5,14.134683303257425,17.72753358339242,15.0,0.0,0,63,GAME,Everyone
Oxford Dictionary of English : Free,4.1,12.806152878358315,16.118095750958314,7.1,0.0,0,29,BOOKS_AND_REFERENCE,Everyone
English Hindi Dictionary,4.4,12.859358307664989,16.118095750958314,,0.0,0,5,BOOKS_AND_REFERENCE,Everyone
English to Hindi Dictionary,4.1,11.175058255827114,15.424948670398354,11.0,0.0,0,424,BOOKS_AND_REFERENCE,Everyone
EO.TRADE - Coin sale,4.3,4.564348191467836,9.210440366976517,1.5,0.0,0,65,FINANCE,Everyone
EO Network,3.5,2.6390573296152584,6.90875477931522,21.0,0.0,0,323,BUSINESS,Teen
The EO Bar,4.7,6.0330862217988015,9.210440366976517,34.0,6.99,1,38,HEALTH_AND_FITNESS,Everyone
EO Global,2.6,2.6390573296152584,6.90875477931522,8.9,0.0,0,658,BUSINESS,Everyone
EO SouthAsia,4.2,2.1972245773362196,4.61512051684126,19.0,0.0,0,106,BUSINESS,Teen
FAST EO,5.0,0.6931471805599453,2.3978952727983707,,0.0,0,86,EVENTS,Everyone
EO Bijbel Open,4.3,4.634728988229636,9.210440366976517,41.0,0.0,0,623,LIFESTYLE,Everyone
Masha and the Bear,4.4,9.622847294873393,13.815511557963774,36.0,0.0,0,59,FAMILY,Everyone
Free games: Masha and the Bear,4.3,10.449149291137577,15.424948670398354,60.0,0.0,0,20,FAMILY,Everyone
Masha and the Bear Child Games,4.1,12.572821180052014,16.118095750958314,92.0,0.0,0,93,FAMILY,Everyone
Masha and Bear: Cooking Dash,4.3,11.927515480855394,16.118095750958314,54.0,0.0,0,65,FAMILY,Everyone
Masha and the Bear: Evolution,4.5,7.631916513071252,13.122365377402328,42.0,0.0,0,56,FAMILY,Everyone
Masha and the Bear. Games for kids,4.6,8.737452587550584,13.815511557963774,31.0,0.0,0,27,FAMILY,Everyone
Masha and The Bear Jam Day Match 3 games for kids,4.6,10.820997540815013,13.815511557963774,98.0,0.0,0,2,FAMILY,Everyone
Where's My Water?,4.7,12.148130983855237,13.815511557963774,69.0,1.99,1,35,FAMILY,Everyone
Frozen Free Fall,4.3,14.26947816982396,17.72753358339242,37.0,0.0,0,13,FAMILY,Everyone
Urban Car Simulator,4.2,10.055908165231354,13.815511557963774,20.0,0.0,0,324,FAMILY,Everyone
Masha and the Bear: House Cleaning Games for Girls,4.5,10.688598410511437,16.118095750958314,77.0,0.0,0,21,FAMILY,Everyone
Masha and The Bear Puzzle Game,4.3,9.497847429113676,13.815511557963774,73.0,0.0,0,77,FAMILY,Everyone
Masha and the Bear. Educational Games,4.5,10.744407977385507,16.118095750958314,33.0,0.0,0,27,FAMILY,Everyone
Bluetooth Pair,3.5,7.581209826196346,13.815511557963774,2.7,0.0,0,5,TOOLS,Everyone
Sports Car Driving Simulator 2018,4.3,7.68662133494462,13.122365377402328,57.0,0.0,0,134,GAME,Everyone
Masha and the Bear: Good Night!,4.6,10.280416002502104,13.815511557963774,83.0,0.0,0,14,FAMILY,Everyone
Masha and the Bear: Climb Racing and Car Games,4.5,7.696667081526462,13.815511557963774,73.0,0.0,0,17,FAMILY,Everyone
Episode - Choose Your Story,4.3,14.426569857575494,17.72753358339242,,0.0,0,9,FAMILY,Teen
Out There Chronicles - Ep. 1,4.4,7.324489979348532,10.819798284210286,44.0,2.99,1,255,FAMILY,Everyone
EP Spotter,3.4,2.302585092994046,6.2166061010848646,28.0,0.0,0,680,FAMILY,Everyone
EP Mobile,4.3,5.5909869805108565,10.819798284210286,2.3,0.0,0,32,MEDICAL,Everyone
EP RSS Reader,3.8,1.6094379124341003,4.61512051684126,0.87109375,0.0,0,24,COMMUNICATION,Everyone
Out There Chronicles - Ep. 2,4.5,4.976733742420574,6.90875477931522,70.0,2.99,1,195,FAMILY,Teen
EP Church Annapolis,5.0,1.0986122886681098,4.61512051684126,8.8,0.0,0,572,LIFESTYLE,Everyone
EP Horlogerie,4.9,2.9444389791664403,6.90875477931522,24.0,0.0,0,134,LIFESTYLE,Everyone
EP Radio,5.0,1.3862943611198906,3.9318256327243257,0.150390625,0.0,0,136,FAMILY,Everyone
The Great Wobo Escape Ep. 1,4.2,8.60337088765729,13.122365377402328,20.0,0.0,0,695,GAME,Everyone 10+
The Visitor: Ep.2 - Sleepover Slaughter,4.3,8.653819788948063,13.815511557963774,31.0,0.0,0,219,GAME,Mature 17+
Superbrothers Sword & Sworcery,4.4,9.30782999325344,11.51293546492023,16.0,3.99,1,195,GAME,Teen
EP Lab Digest,2.3,2.4849066497880004,6.2166061010848646,12.0,0.0,0,28,MEDICAL,Everyone
EP Research Service,4.7,2.70805020110221,6.90875477931522,27.0,0.0,0,157,BOOKS_AND_REFERENCE,Everyone
EP Kalkulator el. energije,4.4,2.6390573296152584,4.61512051684126,1.5,0.0,0,1266,TOOLS,Everyone
The Great Wobo Escape Ep.1,4.3,2.4849066497880004,6.2166061010848646,20.0,1.99,1,828,FAMILY,Everyone 10+
The Visitor: Ep.1 - Kitty Cat Carnage,4.4,8.012349639327795,13.122365377402328,39.0,0.0,0,219,GAME,Mature 17+
Dr.Slender Ep 1 Guide (Eng),4.0,6.12029741895095,9.210440366976517,27.0,0.0,0,1346,GAME,Teen
Decay: The Mare - Ep.1 (Trial),3.6,8.573951525234847,11.51293546492023,7.2,0.0,0,1538,GAME,Teen
What's Your Story?™ ft Charmed,4.1,10.588148829445775,13.815511557963774,47.0,0.0,0,7,FAMILY,Teen
EP Gem Hunter,4.6,4.382026634673881,6.90875477931522,31.0,0.0,0,935,GAME,Everyone 10+
EP Chain Reaction,3.9,5.521460917862246,9.210440366976517,21.0,0.0,0,851,FAMILY,Everyone
Gate Of Death Ep: 1,4.4,2.0794415416798357,4.61512051684126,34.0,0.0,0,671,GAME,Everyone
Sonic 4™ Episode I,3.7,8.989070065043654,11.51293546492023,37.0,2.99,1,857,GAME,Everyone
Naruto Shippuden - Watch Free!,3.9,11.860168063877971,16.118095750958314,5.7,0.0,0,1569,VIDEO_PLAYERS,Teen
Operate Now: Hospital,4.3,12.448477501181136,16.118095750958314,52.0,0.0,0,8,FAMILY,Teen
Multi Surgery ER Emergency Hospital : Doctor Game,4.1,5.429345628954441,9.210440366976517,69.0,0.0,0,49,FAMILY,Teen
ER Surgery Simulator,3.6,9.883386880829125,13.815511557963774,56.0,0.0,0,64,FAMILY,Everyone 10+
Dentist Surgery ER Emergency Doctor Hospital Games,3.5,7.855932199718614,11.51293546492023,53.0,0.0,0,34,FAMILY,Everyone
Eye Transplant : ER Emergency Hospital,3.9,7.569927655242652,13.815511557963774,62.0,0.0,0,76,FAMILY,Teen
Lifeguard Beach Rescue ER Emergency Hospital Games,3.9,6.253828811575473,11.51293546492023,76.0,0.0,0,2,FAMILY,Everyone
Hospital ER Emergency Heart Surgery: Doctor Games,3.8,7.410347097821024,11.51293546492023,71.0,0.0,0,29,FAMILY,Everyone
Superhero Doctor 2 -ER Surgery,4.0,10.587795784428868,16.118095750958314,72.0,0.0,0,313,FAMILY,Everyone 10+
Noot-Noot-er!,4.5,4.31748811353631,8.517393171418904,2.8,0.0,0,260,FAMILY,Everyone
Doctor X - ER On Wheels,3.6,9.455793210210228,13.815511557963774,51.0,0.0,0,64,FAMILY,Everyone
Foot Surgery Hospital Simulator: ER Doctor Games,3.9,5.752572638825633,11.51293546492023,28.0,0.0,0,206,FAMILY,Everyone
ER Heart Surgery - Emergency Simulator Game,4.3,6.063785208687608,11.51293546492023,40.0,0.0,0,21,FAMILY,Everyone
Pregnant Mom ER Emergency Doctor Hospital Games,4.0,5.786897381366708,10.819798284210286,27.0,0.0,0,58,FAMILY,Everyone
Doctr – ER wait times in Canada,4.2,6.8885724595653635,10.819798284210286,,0.0,0,5,MEDICAL,Everyone
Plastic Surgery Surgeon Simulator Er Doctor Games,3.7,8.155649270366002,13.122365377402328,37.0,0.0,0,2,FAMILY,Everyone
Shoulder Surgery ER Emergency Doctor Game,3.9,4.02535169073515,9.210440366976517,46.0,0.0,0,275,FAMILY,Teen
Superhero Doctor 3 ER Surgery,4.2,7.938088726896952,13.122365377402328,50.0,0.0,0,505,FAMILY,Everyone
Mom Doctor ER Emergency Family Game,3.5,5.159055299214529,9.210440366976517,49.0,0.0,0,195,FAMILY,Everyone
ER Blood Draw Doctor & Surgeon,4.0,5.043425116919247,10.819798284210286,58.0,0.0,0,57,FAMILY,Teen
"ER Emergency Hospital - Brain, Knee, Eye Surgery",3.8,3.258096538021482,6.90875477931522,41.0,0.0,0,384,FAMILY,Teen
Super Doctor 1-Pregnant Mom ER Surgery Simulator,4.1,5.673323267171493,9.210440366976517,73.0,0.0,0,78,FAMILY,Teen
Multi Surgery Hospital Pro: Virtual Doctor ER Game,4.2,3.1780538303479458,6.90875477931522,33.0,0.0,0,128,FAMILY,Teen
Clumsy Santa ER Surgery,4.1,5.3706380281276624,11.51293546492023,46.0,0.0,0,595,FAMILY,Teen
Little Eye Surgery Simulator - ER Doctor Game,4.4,2.5649493574615367,6.90875477931522,19.0,0.0,0,111,FAMILY,Teen
Spinal Cord Surgery Doctor: Operation ER surgery,3.7,3.970291913552122,9.210440366976517,32.0,0.0,0,164,FAMILY,Everyone 10+
Super Doctor 2 - My Newborn Baby ER Injection,4.7,4.007333185232471,6.90875477931522,92.0,0.0,0,45,FAMILY,Teen
Virtual Brain Surgery Simulator : Kid ER Emergency,3.8,3.044522437723423,8.517393171418904,55.0,0.0,0,167,FAMILY,Teen
Crazy ER Open Heart Surgery Simulator,4.0,7.98514393119862,13.122365377402328,45.0,0.0,0,287,FAMILY,Everyone
ER Injection Simulator: Blood Test Doctor Hospital,4.2,8.090708716083997,13.815511557963774,47.0,0.0,0,72,FAMILY,Everyone 10+
Kids Doctor ER Emergency Rescue Kids Hospital Game,3.8,6.246106765481563,11.51293546492023,85.0,0.0,0,20,FAMILY,Everyone
Heart Surgery Doctor - ER Emergency Game,3.9,7.828436359157585,13.122365377402328,48.0,0.0,0,21,FAMILY,Everyone 10+
Virtual Mom Surgery Doctor : ER Emergency Hospital,4.0,7.030857476116121,11.51293546492023,77.0,0.0,0,86,FAMILY,Teen
ER Doctor Kids Emergency Room,3.1,8.476162841858246,13.122365377402328,30.0,0.0,0,57,FAMILY,Teen
ER Assist,5.0,1.3862943611198906,2.3978952727983707,28.0,0.0,0,611,PRODUCTIVITY,Everyone
Blood Injection : ER Emergency Doctor ER injection,3.5,5.5093883366279774,10.819798284210286,35.0,0.0,0,685,FAMILY,Teen
Lead'er,4.1,4.007333185232471,8.517393171418904,5.8,0.0,0,142,FINANCE,Everyone
Doctor Games For Girls - Hospital ER,4.5,3.9512437185814275,8.517393171418904,39.0,0.0,0,115,FAMILY,Everyone
Open Heart Surgery Hospital ER: Crazy Doctor Sim,4.7,2.0794415416798357,6.90875477931522,25.0,0.0,0,126,FAMILY,Teen
Hand Doctor Games ER Surgery Simulator,4.1,4.795790545596741,9.210440366976517,32.0,0.0,0,149,FAMILY,Everyone
ER Doctor City Emergency - Surgery City Doc FREE,3.9,7.554858521040676,11.51293546492023,84.0,0.0,0,57,FAMILY,Teen
ER Hospital Simulator,4.0,5.659482215759621,11.51293546492023,60.0,0.0,0,42,FAMILY,Everyone
DMC ER Now,4.3,1.9459101490553132,6.90875477931522,5.3,0.0,0,511,MEDICAL,Everyone
Nose Surgery ER Simulator Lite,3.1,5.598421958998375,10.819798284210286,39.0,0.0,0,432,FAMILY,Teen
Cardinal Glennon ER Reference,4.2,2.995732273553991,6.90875477931522,20.0,0.0,0,322,MEDICAL,Everyone 10+
The NBC App - Watch Live TV and Full Episodes,4.1,10.970006997656974,15.424948670398354,17.0,0.0,0,35,FAMILY,Teen
Scanner Radio - Fire and Police Scanner,4.4,12.075451300321737,16.118095750958314,,0.0,0,2,FAMILY,Everyone
Fill 'er Up,3.2,4.07753744390572,8.517393171418904,0.017578125,0.0,0,528,TRAVEL_AND_LOCAL,Everyone
Ankle Surgery ER Emergency,3.3,9.254357257392957,13.815511557963774,29.0,0.0,0,615,FAMILY,Teen
Voxer Walkie Talkie Messenger,4.3,12.348288097327142,16.118095750958314,,0.0,0,9,COMMUNICATION,Everyone
ES File Explorer/Manager PRO,4.7,11.309768347588136,13.122365377402328,6.6,2.99,1,29,PRODUCTIVITY,Everyone
ES Task Manager (Task Killer ),4.3,12.053923295040029,16.118095750958314,3.2,0.0,0,206,BUSINESS,Everyone
ES Audio Player ( Shortcut ),4.2,7.1204443723924875,11.51293546492023,0.0322265625,0.0,0,1849,VIDEO_PLAYERS,Everyone
ES Disk Analyzer - Storage Space,4.7,8.677269139262872,11.51293546492023,4.4,0.0,0,282,PRODUCTIVITY,Everyone
ES App Locker,4.3,10.379970147879572,13.815511557963774,3.4,0.0,0,358,TOOLS,Everyone
ES Chromecast plugin,4.2,10.079958695651907,13.815511557963774,0.83984375,0.0,0,1380,LIBRARIES_AND_DEMO,Everyone
ES Material Theme for Pro,4.2,9.576995349297256,13.815511557963774,1.2,0.0,0,980,PRODUCTIVITY,Everyone
ES Holo Theme for Pro,4.2,8.463370384718731,13.122365377402328,1.7,0.0,0,987,PRODUCTIVITY,Everyone
ES File Explorer,4.1,5.631211781821365,11.51293546492023,2.8,0.0,0,38,TOOLS,Everyone
ES Dark Theme for free,4.2,8.968523555396352,13.815511557963774,0.35546875,0.0,0,352,TOOLS,Everyone
ES Classic Theme,4.3,9.945876319027915,13.815511557963774,2.2,0.0,0,1014,TOOLS,Everyone
ES Themes -- Classic Theme,4.4,11.259451563848184,13.815511557963774,1.9,0.0,0,1203,PERSONALIZATION,Everyone
ES Holo Theme,4.3,9.345745008982385,13.122365377402328,1.7,0.0,0,919,TOOLS,Everyone
"ES File Explorer & Manager, Locker Xplorer 2018",3.5,2.4849066497880004,6.90875477931522,3.0,0.0,0,145,TOOLS,Everyone
ES Summer Chill Theme for Free,4.3,6.846943139585379,11.51293546492023,0.3779296875,0.0,0,350,TOOLS,Everyone
Furrion ES Control,1.8,3.295836866004329,8.517393171418904,2.7,0.0,0,679,VIDEO_PLAYERS,Everyone
OpenGL ES Extensions - The OpenGL Utility,4.2,6.2422232654551655,10.819798284210286,2.0,0.0,0,95,TOOLS,Everyone
File Ex - ES File Explorer,4.2,3.2188758248682006,6.90875477931522,5.0,0.0,0,225,TOOLS,Everyone
OpenGL ES CapsViewer,4.6,4.3694478524670215,9.210440366976517,0.3662109375,0.0,0,130,TOOLS,Everyone
ES-IPTV,4.0,6.851184927493743,10.819798284210286,11.0,0.0,0,298,VIDEO_PLAYERS,Everyone
OpenGL-ES Info,4.3,5.521460917862246,9.210440366976517,0.611328125,0.0,0,1827,TOOLS,Everyone
Dr. ES PV Calculator,5.0,2.995732273553991,6.2166061010848646,11.0,0.0,0,151,TOOLS,Everyone
ES File Explorer & File Manager 2018,3.8,3.2188758248682006,8.517393171418904,2.9,0.0,0,145,TOOLS,Everyone
HTC Sense Input - ES,4.3,8.163371316459912,13.815511557963774,6.5,0.0,0,1014,TOOLS,Everyone
2019 Tricks Es File Explores,3.0,1.6094379124341003,6.90875477931522,2.0,0.0,0,876,TOOLS,Everyone
ES Billing System (Offline App),5.0,0.6931471805599453,4.61512051684126,4.2,0.0,0,84,PRODUCTIVITY,Everyone
ES Anywhere,4.7,2.3978952727983707,4.61512051684126,,0.0,0,468,BUSINESS,Everyone
YEBIS OpenGL ES 3.0 Tech Demo,4.6,5.942799375126701,9.210440366976517,6.7,0.0,0,1612,FAMILY,Everyone
RAR,4.4,13.414886712012128,17.72753358339242,,0.0,0,2,TOOLS,Everyone
Advanced calculator fx 991 es plus & 991 ms plus,4.7,8.889170455363413,13.122365377402328,9.2,0.0,0,7,FAMILY,Everyone
ES Solar,5.0,1.3862943611198906,4.61512051684126,4.7,0.0,0,84,BUSINESS,Everyone
File Manager by Xiaomi: release file storage space,4.8,12.729418562292564,16.118095750958314,15.0,0.0,0,29,TOOLS,Everyone
ESLock File Recovery Lite,3.0,6.133398042996649,10.819798284210286,0.1572265625,0.0,0,947,PRODUCTIVITY,Everyone
Castle Clash: Epic Empire ES,4.6,13.277777829763147,15.424948670398354,24.0,0.0,0,22,FAMILY,Everyone 10+
¿Es Vegan?,4.6,6.0844994130751715,9.210440366976517,1.7,0.0,0,373,FOOD_AND_DRINK,Everyone
Moto File Manager,4.1,10.56307794956723,16.118095750958314,5.9,0.0,0,189,TOOLS,Everyone
School scientific calculator fx 500 es plus 500 ms,4.6,7.348587530927593,11.51293546492023,9.2,0.0,0,7,FAMILY,Everyone
Esto Es Guerra TVN,4.5,7.1731917424865985,11.51293546492023,13.0,0.0,0,16,FAMILY,Everyone
Economic Times : Market News,4.3,11.447949514841211,15.424948670398354,,0.0,0,31,NEWS_AND_MAGAZINES,Everyone
ET Markets : NSE & BSE India,4.2,10.125870814903928,13.815511557963774,9.2,0.0,0,24,FINANCE,Everyone
HBO NOW: Stream TV & Movies,3.9,11.022408876202102,16.118095750958314,,0.0,0,21,FAMILY,Teen
ET Telecom from Economic Times,4.7,5.6131281063880705,9.210440366976517,6.3,0.0,0,2,NEWS_AND_MAGAZINES,Everyone
Égalité et Réconciliation,4.9,4.07753744390572,6.2166061010848646,3.8,2.99,1,75,NEWS_AND_MAGAZINES,Everyone
Economic Times : Market News Go Edition,4.3,3.6888794541139363,8.517393171418904,4.2,0.0,0,113,NEWS_AND_MAGAZINES,Everyone
Hymnes et Louanges,4.4,7.537962659768208,11.51293546492023,5.7,0.0,0,506,BOOKS_AND_REFERENCE,Everyone
Lire avec Sami et Julie,3.6,6.345636360828596,11.51293546492023,18.0,0.0,0,1518,FAMILY,Everyone
Lettre et demande d'emploi,4.6,5.713732805509369,11.51293546492023,9.9,0.0,0,219,FAMILY,Everyone
MAPS.ME – Offline Map and Travel Navigation,4.5,13.746022206604584,17.72753358339242,,0.0,0,13,TRAVEL_AND_LOCAL,Everyone
Blagues et Histoires Drôles,3.9,6.756932389247553,11.51293546492023,5.3,0.0,0,537,FAMILY,Teen
Lettre de motivation et CV,4.3,6.887552571664617,11.51293546492023,9.9,0.0,0,10,FAMILY,Everyone
Anime et Manga Amino en Français,4.8,8.23827262463303,10.819798284210286,63.0,0.0,0,27,SOCIAL,Teen
Google Arts & Culture,3.7,10.091542641177844,15.424948670398354,,0.0,0,45,FAMILY,Everyone
"Moneycontrol – Stocks, Sensex, Mutual Funds, IPO",4.4,12.548370736004163,15.424948670398354,,0.0,0,3,FINANCE,Everyone
CNBC: Breaking Business News & Live Market Data,4.2,10.113221596940404,13.815511557963774,,0.0,0,27,FINANCE,Everyone
Google Earth,4.3,14.665276370450853,18.420680753952364,,0.0,0,52,TRAVEL_AND_LOCAL,Everyone
"Groupon - Shop Deals, Discounts & Coupons",4.6,14.131111496464001,17.72753358339242,,0.0,0,6,SHOPPING,Teen
"Photo Lab Picture Editor: face effects, art frames",4.5,14.245026121304388,17.72753358339242,,0.0,0,23,PHOTOGRAPHY,Everyone
Google News,3.9,13.685477040634892,20.72326583794641,13.0,0.0,0,8,NEWS_AND_MAGAZINES,Teen
Empires and Allies,4.3,12.896082409541918,16.118095750958314,,0.0,0,3,FAMILY,Everyone 10+
Beauty and the Beast,4.4,11.168800017095236,13.815511557963774,31.0,0.0,0,2,FAMILY,Everyone
Hornet - Gay Social Network,4.0,12.005668581185454,15.424948670398354,,0.0,0,8,SOCIAL,Mature 17+
Learn Italian with MosaLingua,4.7,7.450079569807499,10.819798284210286,,4.99,1,70,FAMILY,Teen
iTranslate Translator & Dictionary,4.3,12.214630918811727,16.118095750958314,35.0,0.0,0,29,PRODUCTIVITY,Everyone
Oggy,4.5,10.81921812755172,15.424948670398354,61.0,0.0,0,345,GAME,Everyone
MomentCam Cartoons & Stickers,4.2,14.046736558111832,17.72753358339242,,0.0,0,28,PHOTOGRAPHY,Everyone
News by The Times of India Newspaper - Latest News,4.2,13.16581742503179,16.118095750958314,,0.0,0,2,NEWS_AND_MAGAZINES,Everyone
Amino: Communities and Chats,4.8,14.049859098263417,16.118095750958314,62.0,0.0,0,2,SOCIAL,Teen
Nike Training Club - Workouts & Fitness Plans,4.6,12.435671317650344,16.118095750958314,93.0,0.0,0,22,HEALTH_AND_FITNESS,Everyone
Pocket Mortys,4.5,12.068051187632786,16.118095750958314,93.0,0.0,0,6,FAMILY,Everyone
Hangouts Dialer - Call Phones,4.0,11.71597242578531,16.118095750958314,0.0771484375,0.0,0,1072,COMMUNICATION,Everyone
"Ideal Weight, BMI Calculator",4.2,11.629685755578928,15.424948670398354,5.0,0.0,0,167,HEALTH_AND_FITNESS,Everyone
Epson iPrint,4.1,11.591459342624335,16.118095750958314,,0.0,0,45,TOOLS,Everyone
Offline Maps & Navigation,4.7,12.172334873545315,15.424948670398354,33.0,0.0,0,63,TRAVEL_AND_LOCAL,Everyone
Voice changer with effects,4.2,14.047339481993506,17.72753358339242,8.7,0.0,0,7,FAMILY,Everyone
Fitness & Bodybuilding,4.6,11.463756228962145,15.424948670398354,61.0,0.0,0,31,HEALTH_AND_FITNESS,Everyone
A+ Gallery - Photos & Videos,4.5,12.319142368737959,16.118095750958314,,0.0,0,3,PHOTOGRAPHY,Everyone
EU Mobile Money,3.9,6.133398042996649,11.51293546492023,6.1,0.0,0,24,FINANCE,Everyone
European Union Simulator,3.6,6.535241271013659,10.819798284210286,26.0,0.0,0,688,FAMILY,Everyone
EU Charter,4.6,3.5263605246161616,6.90875477931522,37.0,0.0,0,570,BOOKS_AND_REFERENCE,Everyone
EU Flags Free Live Wallpaper,3.4,6.594413459749778,11.51293546492023,2.3,0.0,0,1725,PERSONALIZATION,Everyone
myLPG.eu,4.2,6.322565239927284,10.819798284210286,4.4,0.0,0,15,TRAVEL_AND_LOCAL,Everyone
YouCamp EU,3.4,3.6888794541139363,6.90875477931522,32.0,2.56,1,1846,TRAVEL_AND_LOCAL,Everyone
EU Economy,3.6,3.871201010907891,8.517393171418904,0.8583984375,0.0,0,233,PRODUCTIVITY,Everyone
Flag of European Union,4.2,3.6109179126442243,6.90875477931522,5.3,0.0,0,607,PERSONALIZATION,Everyone
EU Data Protection,3.5,3.4011973816621555,6.90875477931522,17.0,0.0,0,755,BOOKS_AND_REFERENCE,Everyone
Flag Of European Union LWP,4.3,4.48863636973214,6.90875477931522,4.2,0.0,0,197,PERSONALIZATION,Everyone
Council Voting Calculator,3.9,3.5263605246161616,8.517393171418904,3.4,0.0,0,580,COMMUNICATION,Everyone
EU Flags Live Wallpaper,4.3,6.09807428216624,9.210440366976517,12.0,0.99,1,1725,PERSONALIZATION,Everyone
EU FTL Calculator,3.6,4.110873864173311,9.210440366976517,1.8,0.0,0,69,BUSINESS,Everyone
Passenger rights,3.9,6.093569770045136,10.819798284210286,2.5,0.0,0,205,TRAVEL_AND_LOCAL,Everyone
EU Mobile Money Partenaire Commercial,4.3,4.2626798770413155,9.210440366976517,3.9,0.0,0,87,FINANCE,Everyone
Eurostat Country Profiles,3.7,4.477336814478207,9.210440366976517,2.0,0.0,0,119,PRODUCTIVITY,Everyone
My EU,3.8,1.6094379124341003,4.61512051684126,13.0,0.0,0,451,FAMILY,Everyone
R-EU-READY,4.1,2.6390573296152584,6.2166061010848646,16.0,0.0,0,890,GAME,Everyone
taxi.eu,4.1,7.531552381407289,11.51293546492023,22.0,0.0,0,42,TRAVEL_AND_LOCAL,Everyone
CVRIA,4.7,4.23410650459726,9.210440366976517,3.5,0.0,0,455,BUSINESS,Everyone
Speed Racing Ultimate 2,4.1,11.11087950490772,13.815511557963774,,0.0,0,19,GAME,Everyone 10+
TAXLANDIA,1.9,4.955827057601261,6.90875477931522,65.0,0.0,0,156,FAMILY,Everyone
European Solidarity Corps,3.6,2.302585092994046,6.90875477931522,21.0,0.0,0,35,SOCIAL,Teen
Have your say on Europe,3.8,2.995732273553991,6.2166061010848646,21.0,0.0,0,112,COMMUNICATION,Everyone
Doorstep EU,4.5,4.219507705176107,6.90875477931522,12.0,0.0,0,44,NEWS_AND_MAGAZINES,Everyone
EURES - Your Job in Europe,2.7,5.883322388488279,10.819798284210286,2.0,0.0,0,325,BUSINESS,Everyone
Invasive Alien Species Europe,4.5,2.6390573296152584,6.90875477931522,13.0,0.0,0,262,FAMILY,Everyone
EU Exit poll,5.0,2.3978952727983707,4.61512051684126,9.4,0.0,0,755,LIFESTYLE,Everyone
Schengen/EU App,4.0,3.2188758248682006,6.90875477931522,11.0,0.0,0,163,TOOLS,Everyone
I Know Stuff,4.2,12.278039756245965,15.424948670398354,,0.0,0,9,GAME,Everyone
Brexit EU,4.4,2.0794415416798357,6.2166061010848646,7.5,0.0,0,882,FAMILY,Everyone
EU Life Explorer,4.0,1.0986122886681098,3.9318256327243257,12.0,0.0,0,458,NEWS_AND_MAGAZINES,Everyone
EU VAT Checker,3.1,2.0794415416798357,6.90875477931522,0.0380859375,0.0,0,2493,BUSINESS,Everyone
daskal.eu,5.0,1.791759469228055,3.9318256327243257,15.0,0.0,0,307,FAMILY,Everyone
VAT Checker for EU company,4.7,4.3694478524670215,6.90875477931522,,0.0,0,562,BUSINESS,Everyone
Inbox.eu,3.7,4.59511985013459,9.210440366976517,9.7,0.0,0,29,COMMUNICATION,Everyone
CALIOPE EU: Air Quality,3.9,3.091042453358316,6.90875477931522,2.2,0.0,0,1014,HEALTH_AND_FITNESS,Everyone
Going Abroad,3.0,6.408528791059498,10.819798284210286,42.0,0.0,0,723,FAMILY,Everyone 10+
Campervan.Guide Pro,4.2,5.476463551931511,9.210440366976517,67.0,5.99,1,48,TRAVEL_AND_LOCAL,Everyone
Qserve EU MDR First Aid,3.0,1.0986122886681098,4.61512051684126,17.0,0.0,0,455,BUSINESS,Everyone
Strawberry Shortcake Ice Cream Island,4.2,10.379752786950895,15.424948670398354,15.0,0.0,0,276,FAMILY,Everyone
Rail Planner Eurail/Interrail,4.2,8.187855443695623,13.815511557963774,31.0,0.0,0,55,MAPS_AND_NAVIGATION,Everyone
eu sou franky,3.7,5.278114659230517,9.210440366976517,4.0,0.0,0,626,BUSINESS,Everyone
Tasker,4.6,10.670024590324125,13.815511557963774,,2.99,1,45,TOOLS,Everyone
efootwear.eu - online store,4.5,6.834108738813838,11.51293546492023,8.6,0.0,0,7,SHOPPING,Everyone
ChargeHub - Find EV & Tesla Charging Stations,4.6,6.680854678790215,10.819798284210286,25.0,0.0,0,83,MAPS_AND_NAVIGATION,Everyone
PlugShare,4.7,8.412277021466677,11.51293546492023,26.0,0.0,0,15,MAPS_AND_NAVIGATION,Teen
NEXTCHARGE - Charging Stations,4.3,6.79346613258001,10.819798284210286,6.4,0.0,0,14,MAPS_AND_NAVIGATION,Everyone
NissanConnect® EV & Services,2.3,6.74993119378857,10.819798284210286,88.0,0.0,0,20,LIFESTYLE,Everyone
EV Connect,2.8,3.258096538021482,6.90875477931522,5.8,0.0,0,3,MAPS_AND_NAVIGATION,Everyone
HondaLink EV,2.8,3.8066624897703196,9.210440366976517,41.0,0.0,0,50,TOOLS,Everyone
EV Stations Hawaii,3.6,2.0794415416798357,6.90875477931522,2.5,0.0,0,436,MAPS_AND_NAVIGATION,Everyone
Emerge EV App (eBike App),3.0,3.295836866004329,6.90875477931522,,0.0,0,86,LIFESTYLE,Everyone
EV Trip Optimizer for Tesla,3.2,3.8501476017100584,6.90875477931522,6.6,0.0,0,44,AUTO_AND_VEHICLES,Everyone
JuiceNet - Smart EV Charging,3.5,4.672828834461906,8.517393171418904,24.0,0.0,0,31,MAPS_AND_NAVIGATION,Everyone
Zap-Map: EV charging points UK,3.8,5.204006687076795,9.210440366976517,9.8,0.0,0,34,MAPS_AND_NAVIGATION,Everyone
EV Charging,3.5,2.1972245773362196,6.90875477931522,32.0,0.0,0,373,MAPS_AND_NAVIGATION,Everyone
Simple EV Calc,4.2,4.663439094112067,6.90875477931522,72.0,0.0,0,297,PRODUCTIVITY,Everyone
Electric Car Charging Points: Ev charger Stations,4.5,2.1972245773362196,4.61512051684126,8.1,0.0,0,6,MAPS_AND_NAVIGATION,Everyone
ELMO EV Charging,3.4,2.70805020110221,6.90875477931522,6.2,0.0,0,196,MAPS_AND_NAVIGATION,Everyone
Bolt - EV Charging Service,3.0,2.302585092994046,4.61512051684126,8.4,0.0,0,139,AUTO_AND_VEHICLES,Everyone
To-U - free EV public charging,4.4,4.330733340286331,6.90875477931522,19.0,0.0,0,78,TRAVEL_AND_LOCAL,Everyone
Light Meter - EV,4.0,3.295836866004329,6.90875477931522,8.5,0.0,0,7,PHOTOGRAPHY,Everyone
EV Finder,4.3,3.4011973816621555,6.90875477931522,23.0,0.0,0,548,TOOLS,Everyone
EV Real Estate Search,4.1,4.48863636973214,8.517393171418904,20.0,0.0,0,27,LIFESTYLE,Everyone
Ev Dizayn,3.6,3.4339872044851463,8.517393171418904,5.2,0.0,0,1254,LIFESTYLE,Everyone
Power Plug EV charger,3.7,2.6390573296152584,6.90875477931522,3.9,0.0,0,1326,MAPS_AND_NAVIGATION,Everyone
Builder Craft: House Building & Exploration,4.2,9.943092807128487,13.815511557963774,52.0,0.0,0,372,FAMILY,Everyone 10+
Texas Hold'em EV Calculator,3.7,1.9459101490553132,6.90875477931522,1.3,0.0,0,1005,TOOLS,Everyone
Bird - Enjoy The Ride,4.3,7.882314918980268,13.122365377402328,25.0,0.0,0,6,TRAVEL_AND_LOCAL,Everyone
German Vocabulary Trainer,3.3,7.105786129481271,11.51293546492023,1.0,0.0,0,2176,FAMILY,Everyone
REV Robotic Enhance Vehicles,4.4,7.847371836159788,11.51293546492023,61.0,0.0,0,205,FAMILY,Everyone
Home Workout - No Equipment,4.8,12.976553482981558,16.118095750958314,15.0,0.0,0,42,HEALTH_AND_FITNESS,Everyone
myChevrolet,3.5,8.817001443665859,13.815511557963774,,0.0,0,59,LIFESTYLE,Everyone
Electric Car Taxi Driver: NY City Cab Taxi Games,4.0,8.68050180902826,13.815511557963774,54.0,0.0,0,73,FAMILY,Everyone
EV Calculator,4.9,4.454347296253507,6.90875477931522,19.0,0.0,0,35,TOOLS,Everyone
Home Decoration Game,4.0,9.772467290097724,15.424948670398354,19.0,0.0,0,196,FAMILY,Everyone
PokeType - Dex,4.6,10.513633486592667,13.122365377402328,33.0,0.0,0,100,FAMILY,Everyone
Home Security Camera WardenCam - reuse old phones,4.3,10.688484386725952,13.815511557963774,,0.0,0,34,HOUSE_AND_HOME,Everyone
Survival Forest : Survivor Home Builder,3.6,9.147400572202308,13.815511557963774,64.0,0.0,0,70,FAMILY,Teen
Room Creator Interior Design,3.9,10.99643381957761,13.815511557963774,72.0,0.0,0,513,HOUSE_AND_HOME,Everyone
Doll House Design & Decoration 2: Girls House Game,3.9,7.757478766584179,11.51293546492023,45.0,0.0,0,72,FAMILY,Everyone
Lux Home Decorating Room Games,4.0,7.325807502595773,11.51293546492023,,0.0,0,293,FAMILY,Everyone
eCooltra: scooter sharing. Share electric scooters,4.2,7.945555428253489,11.51293546492023,27.0,0.0,0,13,TRAVEL_AND_LOCAL,Everyone
Design Home,4.4,13.199198484685196,16.118095750958314,69.0,0.0,0,3,FAMILY,Everyone
PeopleTV - Watch Celebrity News,4.3,7.707062655370473,11.51293546492023,8.6,0.0,0,134,FAMILY,Teen
News 5 Cleveland,3.7,6.940222469119639,11.51293546492023,,0.0,0,35,NEWS_AND_MAGAZINES,Everyone
Water Surfer Racing In Moto,4.3,7.711548979629146,13.815511557963774,36.0,0.0,0,162,GAME,Everyone
EW Widgets for Zooper,3.4,1.791759469228055,4.61512051684126,1.9,0.0,0,614,TOOLS,Everyone
The List,3.5,4.204692619390966,9.210440366976517,12.0,0.0,0,434,NEWS_AND_MAGAZINES,Everyone
European War 6: 1804,4.2,7.193685818395112,9.210440366976517,96.0,0.99,1,22,FAMILY,Teen
XCOM®: Enemy Within,4.2,9.529012261114708,11.51293546492023,21.0,9.99,1,289,FAMILY,Mature 17+
ABC15 Arizona,3.6,7.507141079727608,11.51293546492023,,0.0,0,35,NEWS_AND_MAGAZINES,Everyone
Mobile Strike,3.9,13.713912953666975,17.72753358339242,,0.0,0,56,FAMILY,Everyone 10+
European War 5:Empire,3.8,9.160519676992227,11.51293546492023,82.0,0.0,0,62,FAMILY,Everyone 10+
KMTV 3 News Now,3.8,5.583496308781699,9.210440366976517,,0.0,0,35,NEWS_AND_MAGAZINES,Everyone 10+
Rescue Robots Survival Games,4.0,10.224048153553849,15.424948670398354,69.0,0.0,0,34,GAME,Teen
Raytheon F-16 EW 360 VR,4.5,1.9459101490553132,6.2166061010848646,22.0,0.0,0,426,FAMILY,Everyone
Pregnant Emergency Surgery,3.8,11.753751751136747,16.118095750958314,34.0,0.0,0,336,FAMILY,Everyone
Eddsworld Amino,4.9,8.030084094267563,9.210440366976517,63.0,0.0,0,27,SOCIAL,Teen
TMJ4.com - WTMJ-TV Milwaukee,3.8,6.591673732008658,10.819798284210286,,0.0,0,35,NEWS_AND_MAGAZINES,Everyone 10+
Food Network,4.1,8.964951211714654,13.122365377402328,,0.0,0,13,FAMILY,Teen
Storm Shield,3.5,7.601402334583733,11.51293546492023,14.0,0.0,0,9,WEATHER,Everyone
EdiRange,3.0,6.602587892189336,11.51293546492023,1.8,0.0,0,400,TOOLS,Everyone
TRANSFORMERS: Earth Wars,4.5,12.453791729410424,16.118095750958314,95.0,0.0,0,9,FAMILY,Everyone
Beard Live Camera Photo Editor,4.7,6.803505257608338,8.517393171418904,30.0,0.0,0,137,BEAUTY,Everyone
WPTV 5 West Palm Beach,3.8,6.9975959829819265,11.51293546492023,,0.0,0,35,NEWS_AND_MAGAZINES,Everyone 10+
No Pimple - Fun games,3.3,10.089635114163611,15.424948670398354,16.0,0.0,0,735,FAMILY,Teen
WKBW 7 Eyewitness News,4.0,6.234410725718371,10.819798284210286,,0.0,0,35,NEWS_AND_MAGAZINES,Everyone
Web Browser for Android,4.1,10.91710461223978,13.815511557963774,4.3,0.0,0,50,COMMUNICATION,Everyone
OMG Gross Zit - Date Nightmare,3.7,11.157763661371307,16.118095750958314,67.0,0.0,0,64,FAMILY,Everyone
Garden Fever - Free!,3.9,9.492054672648171,13.815511557963774,12.0,0.0,0,730,FAMILY,Everyone
GO SMS PRO EMOJI PLUGIN,3.5,11.347814944906629,15.424948670398354,8.5,0.0,0,66,PERSONALIZATION,Everyone
Bike Race - Bike Blast Rush,4.4,11.337285536299985,16.118095750958314,48.0,0.0,0,21,GAME,Everyone
Subway Simulator 3D,4.0,10.146041497370161,13.815511557963774,62.0,0.0,0,3,FAMILY,Everyone
XCOM: TBG,4.0,7.738488122494646,11.51293546492023,95.0,0.0,0,577,FAMILY,Everyone
ETERNITY WARRIORS 2,4.6,13.250566600510679,15.424948670398354,5.2,0.0,0,1500,GAME,Teen
XE Currency,4.4,11.259142277523907,16.118095750958314,,0.0,0,9,TRAVEL_AND_LOCAL,Everyone
Deus Ex GO,4.5,9.179881164491475,11.51293546492023,23.0,0.99,1,17,FAMILY,Teen
ADWLauncher 1 EX,4.3,10.265662344545426,13.122365377402328,2.8,2.49,1,1839,PERSONALIZATION,Everyone
XE Currency Pro,4.4,6.994849985833071,9.210440366976517,,1.99,1,72,TRAVEL_AND_LOCAL,Everyone
GO Launcher EX UI5.0 theme,4.3,11.622989899832538,15.424948670398354,13.0,0.0,0,1536,PERSONALIZATION,Everyone
Device Info Ex Live Wallpaper,4.1,7.880804344674901,10.819798284210286,1.1,0.99,1,963,PERSONALIZATION,Everyone
GO Weather EX Theme White,4.2,9.07383312732152,13.122365377402328,4.6,0.0,0,1443,WEATHER,Everyone
Advanced EX for HYUNDAI,2.7,5.1298987149230735,8.517393171418904,0.166015625,4.99,1,1244,TOOLS,Everyone
MIUI Style GO Weather EX,4.2,7.65728279297819,13.122365377402328,1.1,0.0,0,1497,WEATHER,Everyone
Remote EX for NISSAN,2.3,5.4116460518550396,8.517393171418904,1.0,1.49,1,1475,COMMUNICATION,Everyone
Ex Explorer : Dual view exproler / file manager,3.9,5.8916442118257715,10.819798284210286,,0.0,0,28,TOOLS,Everyone
Get Over Your Ex,4.1,2.3978952727983707,8.517393171418904,11.0,0.0,0,484,DATING,Everyone
Advanced EX for MITSUBISHI,2.9,3.5263605246161616,6.90875477931522,0.1376953125,4.99,1,1084,TOOLS,Everyone
Advanced EX for KIA,3.3,5.552959584921617,8.517393171418904,0.15625,4.99,1,1244,TOOLS,Everyone
Money Manager Ex for Android,4.2,7.899524472032198,11.51293546492023,,0.0,0,164,FINANCE,Everyone
Advanced EX for NISSAN,2.9,5.10594547390058,8.517393171418904,0.140625,4.99,1,1244,TOOLS,Everyone
Advanced EX for FIAT,3.5,4.9344739331306915,8.517393171418904,0.1376953125,4.99,1,1253,TOOLS,Everyone
Advanced EX for RENAULT,2.8,4.875197323201151,8.517393171418904,0.1396484375,4.99,1,1244,TOOLS,Everyone
Aurum Blade EX,4.3,10.245373679001421,13.815511557963774,17.0,0.0,0,1162,FAMILY,Everyone 10+
SCI-Ex,3.5,2.1972245773362196,6.90875477931522,7.9,0.0,0,42,HEALTH_AND_FITNESS,Everyone
Papyrus Ex,4.6,6.996681488176539,11.51293546492023,0.185546875,0.0,0,2234,TOOLS,Everyone
GLASS GO Launcher EX Theme,4.2,9.813617548107086,13.815511557963774,6.0,0.0,0,1309,PERSONALIZATION,Everyone
Moonlight GO Weather EX,4.2,9.351058378915061,13.815511557963774,3.5,0.0,0,1442,WEATHER,Everyone
My Ex Girlfriend Comes Back,3.7,8.089175678837561,13.122365377402328,26.0,0.0,0,888,FAMILY,Everyone
An Elite Warrior Ex,4.7,2.772588722239781,4.61512051684126,93.0,0.99,1,626,GAME,Everyone
Gods Wars Ex : Vampire,3.9,7.346655163176539,11.51293546492023,21.0,0.0,0,285,FAMILY,Teen
BakaReader EX,4.3,9.093244600099936,11.51293546492023,2.3,0.0,0,17,BOOKS_AND_REFERENCE,Everyone
Snes9x EX+,4.4,11.16126649142059,15.424948670398354,,0.0,0,159,GAME,Everyone
X your Ex - Break Up Treatment,4.0,3.4965075614664802,8.517393171418904,64.0,0.0,0,446,HEALTH_AND_FITNESS,Everyone
Ex Quotes,4.4,4.867534450455582,10.819798284210286,8.1,0.0,0,54,LIFESTYLE,Everyone 10+
GO Contacts EX Black & Grey,3.7,3.091042453358316,6.2166061010848646,0.3671875,0.99,1,1780,PERSONALIZATION,Everyone
CYANOGEN GO Launcher EX Theme,4.3,11.007070798829838,15.424948670398354,13.0,0.0,0,1309,PERSONALIZATION,Everyone
Ex Service Taxis,3.5,2.772588722239781,6.90875477931522,8.0,0.0,0,1023,BUSINESS,Everyone
S.O.L : Stone of Life EX,4.3,12.050710398718623,15.424948670398354,42.0,0.0,0,1108,FAMILY,Everyone 10+
How To Get Your Ex Back Fast,4.0,3.1354942159291497,8.517393171418904,19.0,0.0,0,183,LIFESTYLE,Everyone
ExDialer PRO Key,4.5,8.607947554684701,11.51293546492023,0.0166015625,3.99,1,1667,COMMUNICATION,Everyone
Volume Control Ex,4.2,1.791759469228055,4.61512051684126,2.5,1.49,1,10,TOOLS,Everyone
Virtual Dice EX,4.3,3.713572066704308,8.517393171418904,3.6,0.0,0,877,GAME,Everyone
Black Theme Go Launcher EX,4.1,5.655991810819852,10.819798284210286,3.9,0.0,0,310,PERSONALIZATION,Teen
EY Events,2.5,3.4657359027997265,9.210440366976517,54.0,0.0,0,127,BUSINESS,Everyone
EY GlobalOne,2.7,2.4849066497880004,6.90875477931522,6.8,0.0,0,255,BUSINESS,Everyone
EY TaxChat,1.2,3.8066624897703196,6.90875477931522,27.0,0.0,0,122,FINANCE,Everyone
EY India Tax Insights,4.7,4.477336814478207,9.210440366976517,5.1,0.0,0,390,BUSINESS,Everyone
EY Forensics,4.9,2.0794415416798357,6.90875477931522,3.4,0.0,0,783,FINANCE,Everyone
EY India CFO Insights,4.7,3.6375861597263857,8.517393171418904,10.0,0.0,0,41,BUSINESS,Everyone
EY ATL Fuel Calculator,4.4,2.772588722239781,6.2166061010848646,3.1,0.0,0,19,PRODUCTIVITY,Everyone
Fuel Calculator for EY,4.7,3.4965075614664802,6.90875477931522,2.7,0.0,0,55,TOOLS,Everyone
EY Digi India Personal Tax,4.0,1.0986122886681098,4.61512051684126,1.7,0.0,0,77,BUSINESS,Everyone
Pink Guy - Ey B0ss,4.7,2.6390573296152584,6.2166061010848646,1.2,0.0,0,827,FAMILY,Everyone
EY Staff ENTERTAINER,4.3,5.389071729816501,9.210440366976517,19.0,0.0,0,570,LIFESTYLE,Everyone
Ey Sey Storytime រឿងនិទានតាឥសី,4.7,7.191429330036379,9.210440366976517,44.0,0.0,0,448,FAMILY,Everyone
Eyes - The Scary Horror Game Adventure,4.4,13.121330844525676,16.118095750958314,99.0,0.0,0,7,GAME,Teen
EY Oil & Gas,4.6,3.044522437723423,6.90875477931522,15.0,0.0,0,301,BUSINESS,Everyone
Third Eye,4.4,9.89736887152795,13.815511557963774,4.5,0.0,0,214,TOOLS,Everyone
Sudoku Master,4.4,10.97486566825047,13.815511557963774,3.3,0.0,0,1700,GAME,Everyone
Jungle Monkey Run,4.4,10.898275182551036,16.118095750958314,21.0,0.0,0,29,GAME,Everyone
Hey That's Pretty Good!,4.6,5.407171771460119,9.210440366976517,10.0,0.0,0,741,TOOLS,Everyone
Everbridge,3.1,6.210600077024653,11.51293546492023,36.0,0.0,0,23,COMMUNICATION,Everyone
I am Dentist - Save my Teeth,4.3,8.915163617762142,11.51293546492023,33.0,0.0,0,679,FAMILY,Everyone
Best Auto Call Recorder Free,3.7,2.0794415416798357,6.2166061010848646,4.3,0.0,0,311,COMMUNICATION,Everyone
FilterGrid - Cam&Photo Editor,4.6,11.74672404927177,13.815511557963774,9.6,0.0,0,512,PHOTOGRAPHY,Everyone
Etihad Airways,4.1,8.209308411646937,13.122365377402328,61.0,0.0,0,31,TRAVEL_AND_LOCAL,Everyone
Beach Volleyball 3D,4.2,10.673410571898122,15.424948670398354,14.0,0.0,0,211,SPORTS,Everyone
Organizer,4.4,6.842683282238422,10.819798284210286,5.4,2.99,1,53,PRODUCTIVITY,Everyone
EZ Video Download for Facebook,4.1,10.436465980943252,13.815511557963774,1.3,0.0,0,513,SOCIAL,Teen
EZCast – Cast Media to TV,3.6,10.377016211557725,13.815511557963774,,0.0,0,36,VIDEO_PLAYERS,Everyone
EZ Cleaner - Booster Optimizer,4.4,8.82497196556714,13.122365377402328,2.8,0.0,0,213,TOOLS,Everyone
EZ PZ RPG,3.8,11.169082128418234,13.815511557963774,47.0,0.0,0,651,FAMILY,Everyone 10+
EZ Receipts,4.0,7.690743163541872,11.51293546492023,,0.0,0,8,FINANCE,Everyone
EZ Thanks,3.2,4.762173934797756,9.210440366976517,,0.0,0,57,BUSINESS,Everyone
EZ Inspections,2.8,5.081404364984463,9.210440366976517,7.6,0.0,0,13,PRODUCTIVITY,Everyone
EZ-ELD Update,3.1,2.70805020110221,6.90875477931522,4.6,0.0,0,181,AUTO_AND_VEHICLES,Everyone
EZ Display,2.9,5.638354669333745,10.819798284210286,10.0,0.0,0,1364,PRODUCTIVITY,Everyone
EZ Web Video Cast | Chromecast,4.1,7.152268856032539,11.51293546492023,4.6,0.0,0,238,VIDEO_PLAYERS,Everyone
ez Share Android app,3.3,7.2875606403097235,11.51293546492023,13.0,0.0,0,343,PHOTOGRAPHY,Everyone
EZ File Manager(Root Explorer),3.5,6.440946540632921,11.51293546492023,1.2,0.0,0,1143,PRODUCTIVITY,Everyone
EZ Launcher,4.2,9.84834475303892,13.815511557963774,2.9,0.0,0,1776,PERSONALIZATION,Everyone
EZ-SEE,2.8,4.276666119016055,9.210440366976517,10.0,0.0,0,22,VIDEO_PLAYERS,Everyone
EZ-ELD Driver App (Free),2.1,4.430816798843313,8.517393171418904,4.8,0.0,0,11,AUTO_AND_VEHICLES,Everyone
Ez Mirror Match,4.4,8.11522197256233,13.122365377402328,36.0,0.0,0,218,GAME,Everyone
EZ Notes Lite,4.4,4.248495242049359,6.90875477931522,3.5,0.0,0,762,PRODUCTIVITY,Everyone
EZ Bluetooth,4.2,6.672032945461067,10.819798284210286,,0.0,0,1465,TOOLS,Everyone
Dream EZ,4.1,4.68213122712422,9.210440366976517,50.0,0.0,0,868,HEALTH_AND_FITNESS,Everyone
Ez Texting,3.3,3.912023005428146,9.210440366976517,0.0498046875,0.0,0,2395,BUSINESS,Everyone
EZ TV Player,3.5,3.9512437185814275,9.210440366976517,11.0,0.0,0,44,VIDEO_PLAYERS,Everyone
EZ-GUI Ground Station,4.7,8.215276958936633,10.819798284210286,29.0,0.0,0,364,TOOLS,Everyone
Ez iCam,3.1,8.895766604056085,13.815511557963774,46.0,0.0,0,209,PHOTOGRAPHY,Teen
E-Z App™ Train Control,4.3,3.5263605246161616,6.90875477931522,46.0,0.0,0,611,TOOLS,Everyone
EZ App Installer,4.1,6.280395838960195,11.51293546492023,1.4,0.0,0,383,TOOLS,Everyone
EZ Clock & Weather Widget,4.2,8.83200393125627,13.815511557963774,1.2,0.0,0,1618,WEATHER,Everyone
EZ Pass,2.5,2.772588722239781,8.517393171418904,0.22265625,0.0,0,698,TOOLS,Everyone
EZ Usenet for Easynews®,3.9,5.501258210544727,9.210440366976517,,0.0,0,777,VIDEO_PLAYERS,Everyone
EZ View,3.0,5.662960480135946,10.819798284210286,9.8,0.0,0,1018,BUSINESS,Everyone
EZ TAG Express,3.2,4.465908118654584,9.210440366976517,39.0,0.0,0,84,TRAVEL_AND_LOCAL,Everyone
EZ Wifi Notification,4.3,5.564520407322694,9.210440366976517,0.1884765625,0.0,0,1459,COMMUNICATION,Everyone
EZ-VPNGate,4.3,3.6109179126442243,8.517393171418904,12.0,0.0,0,353,TOOLS,Everyone
EZ Switch Widget,4.2,7.7886260656250315,11.51293546492023,0.1875,0.0,0,2142,PRODUCTIVITY,Everyone
EZ-Builder Mobile,4.3,3.9512437185814275,8.517393171418904,57.0,0.0,0,129,FAMILY,Everyone
EZ LED,2.2,2.995732273553991,6.90875477931522,2.1,0.0,0,338,TOOLS,Everyone
F&M Bank - EZ Banking,3.9,3.912023005428146,9.210440366976517,3.9,0.0,0,531,FINANCE,Everyone
My EZ-Link Mobile,2.8,8.067149039910106,11.51293546492023,11.0,0.0,0,559,LIFESTYLE,Everyone
EZ Financial Calculator,4.4,3.4965075614664802,6.90875477931522,2.3,0.0,0,208,FINANCE,Everyone
EZ Quran,4.6,6.39024066706535,10.819798284210286,8.5,0.0,0,772,BOOKS_AND_REFERENCE,Everyone
EZ Screenshot,4.4,4.02535169073515,8.517393171418904,1.4,0.0,0,331,TOOLS,Everyone
EZ Utilities Extension,3.9,3.5263605246161616,8.517393171418904,0.4619140625,0.0,0,826,TOOLS,Everyone
EZ-Placard - Free Placard Calculator,2.9,2.0794415416798357,6.90875477931522,2.4,0.0,0,287,TOOLS,Everyone
EZ game screen recorder with audio 1080P,4.1,3.713572066704308,6.90875477931522,3.9,0.0,0,392,VIDEO_PLAYERS,Everyone
FA Player Essentials,5.0,2.0794415416798357,4.61512051684126,68.0,0.0,0,17,SPORTS,Everyone
HTC Sense Input - FA,4.6,7.259116128097101,11.51293546492023,1.6,0.0,0,1004,TOOLS,Everyone
"FEABIE: Feedees, BBW, BHM & FA",3.7,7.10085190894405,11.51293546492023,,0.0,0,174,DATING,Mature 17+
"Messages, Text and Video Chat for Messenger",4.4,10.811362974808937,16.118095750958314,4.0,0.0,0,66,SOCIAL,Everyone
All Social Networks,4.2,10.027959280046968,13.815511557963774,1.5,0.0,0,80,SOCIAL,Everyone
Facebook Face to Face Events,4.4,8.41604600941128,13.815511557963774,26.0,0.0,0,161,BUSINESS,Everyone
FA Part 1 & 2 Past Papers Solved Free – Offline,3.9,3.8501476017100584,8.517393171418904,3.0,0.0,0,101,BOOKS_AND_REFERENCE,Everyone
CNY Slots : Gong Xi Fa Cai 发财机,3.6,3.5263605246161616,8.517393171418904,71.0,0.0,0,429,GAME,Teen
Il Coccodrillo Come Fa,3.4,2.8903717578961645,6.90875477931522,0.240234375,0.0,0,1357,FAMILY,Everyone
Farsi Keyboard,4.3,9.181632207839439,13.815511557963774,1.3,0.0,0,121,TOOLS,Everyone
Premier League - Official App,4.3,11.063241976146475,15.424948670398354,24.0,0.0,0,2,SPORTS,Everyone
Golden HoYeah Slots - Real Casino Slots,4.4,12.213733228196785,15.424948670398354,68.0,0.0,0,8,GAME,Teen
FaFaFa™ Gold Casino: Free slot machines,4.3,9.310366686043308,13.815511557963774,44.0,0.0,0,45,GAME,Teen
Messenger Messenger,4.3,10.566871159890386,16.118095750958314,7.0,0.0,0,2,SOCIAL,Everyone
Farm Heroes Saga,4.4,15.845715504589238,18.420680753952364,71.0,0.0,0,2,FAMILY,Everyone
ESPN Fantasy Sports,4.0,12.081008164375598,15.424948670398354,10.0,0.0,0,261,SPORTS,Everyone
Heart of Vegas™ Slots – Free Slot Casino Games,4.5,12.484775777676184,16.118095750958314,48.0,0.0,0,28,GAME,Teen
Fallout Shelter,4.6,14.816849541157177,16.118095750958314,25.0,0.0,0,59,FAMILY,Teen
Authy 2-Factor Authentication,4.3,9.620527646419676,13.815511557963774,6.3,0.0,0,10,TOOLS,Everyone
Facejjang,4.1,11.514723846911608,16.118095750958314,96.0,0.0,0,84,PHOTOGRAPHY,Everyone
Block Puzzle - Wood Legend,4.4,12.672532503027542,16.118095750958314,10.0,0.0,0,34,FAMILY,Everyone
Soccer 2018,3.5,12.057421813773482,16.118095750958314,47.0,0.0,0,28,SPORTS,Everyone
Flash Light on Call & SMS,4.1,10.144038708505372,13.815511557963774,3.2,0.0,0,107,TOOLS,Everyone
Fart sound pranks,3.8,12.556109606728722,17.72753358339242,,0.0,0,624,FAMILY,Everyone 10+
Facebook Creator,4.2,8.267705664762426,13.815511557963774,,0.0,0,43,SOCIAL,Teen
Swift for Facebook Lite,4.3,9.165656764349542,13.122365377402328,5.8,0.0,0,70,SOCIAL,Teen
Friendly for Facebook,4.5,10.660125830877272,13.815511557963774,23.0,0.0,0,2,SOCIAL,Teen
Facebook Pages Manager,4.0,14.062215155059281,17.72753358339242,,0.0,0,3,BUSINESS,Everyone
Mini for fb lite,4.0,6.566672429803241,11.51293546492023,1.1,0.0,0,77,TOOLS,Everyone
Faster for Facebook Lite,4.3,10.10467175249591,13.815511557963774,4.6,0.0,0,72,SOCIAL,Teen
Facebook Ads Manager,4.1,9.854927361920751,13.815511557963774,,0.0,0,8,BUSINESS,Everyone
Who Viewed My FB Profile,3.4,4.804021044733257,9.210440366976517,6.3,0.0,0,226,FAMILY,Everyone
Puffin for Facebook,4.0,9.282102738203074,13.122365377402328,,0.0,0,224,SOCIAL,Teen
Lite for Facebook Messenger,4.3,11.245032947833764,13.815511557963774,4.3,0.0,0,50,COMMUNICATION,Teen
Profile Tracker - Who Viewed My Facebook Profile,4.7,10.521129631565318,13.122365377402328,4.8,0.0,0,8,SOCIAL,Teen
Who viewed my fb profile pro★★,4.5,8.763584409450138,11.51293546492023,4.2,0.0,0,357,FAMILY,Everyone
Video Downloader For FB: Save FB Videos 2018,4.3,6.075346031088684,10.819798284210286,3.6,0.0,0,1,TOOLS,Everyone
Pink Color for Facebook,4.1,8.572817095164234,13.122365377402328,4.0,0.0,0,39,SOCIAL,Everyone
Messenger,4.1,11.127645264021162,16.118095750958314,3.9,0.0,0,115,SOCIAL,Everyone
"Stickers for Imo, fb, whatsapp",4.4,5.3706380281276624,9.210440366976517,8.7,0.0,0,655,SOCIAL,Teen
Who Viewed My Facebook Profile - Stalkers Visitors,4.6,12.518124107609705,15.424948670398354,9.9,0.0,0,46,SOCIAL,Everyone
Cover Camera for FB,3.8,6.610696044717759,11.51293546492023,1.8,0.0,0,1614,PHOTOGRAPHY,Everyone
MB Notifications for FB (Free),3.9,8.022240916806537,11.51293546492023,1.5,0.0,0,1198,SOCIAL,Teen
MultiMessage for FB Messenger,4.2,5.209486152841421,10.819798284210286,7.0,0.0,0,103,PRODUCTIVITY,Everyone
Messenger Kids – Safer Messaging and Video Chat,4.2,8.154500175151941,13.122365377402328,,0.0,0,3,FAMILY,Everyone
FB Live,3.7,3.332204510175204,8.517393171418904,18.0,0.0,0,84,BUSINESS,Everyone
Phoenix - Facebook & Messenger,4.3,9.170247278409738,11.51293546492023,3.4,0.0,0,22,SOCIAL,Teen
Faster Social for Facebook,4.2,7.1204443723924875,11.51293546492023,3.3,0.0,0,7,SOCIAL,Teen
Check Your Visitors on FB ?,3.6,3.713572066704308,8.517393171418904,1.5,0.0,0,538,SOCIAL,Everyone
Videos downloader for Facebook:fast fb video saver,4.3,3.044522437723423,8.517393171418904,5.1,0.0,0,104,VIDEO_PLAYERS,Everyone
Stickers for Facebook,4.3,9.311722986264785,13.815511557963774,10.0,0.0,0,149,SOCIAL,Everyone
Video Download For FB,4.3,6.09807428216624,11.51293546492023,1.6,0.0,0,391,TOOLS,Everyone
Video Downloader for FB : Video Download with Link,4.5,6.966967138613983,11.51293546492023,3.2,0.0,0,232,VIDEO_PLAYERS,Everyone
Video Downloader for FB,4.3,3.9889840465642745,8.517393171418904,3.0,0.0,0,8,TOOLS,Everyone
FB Photographie,4.7,3.6375861597263857,6.90875477931522,10.0,0.0,0,809,PHOTOGRAPHY,Everyone
Lite Messenger for Facebook Lite,3.8,4.6913478822291435,9.210440366976517,2.8,0.0,0,73,SOCIAL,Teen
Download Facebook Photo Albums,4.0,8.253488028345904,11.51293546492023,2.5,0.0,0,433,TOOLS,Everyone
Mini for Facebook lite,4.1,5.564520407322694,9.210440366976517,1.3,0.0,0,49,SOCIAL,Teen
funny Image Comments for FB,3.9,2.995732273553991,8.517393171418904,15.0,0.0,0,177,SOCIAL,Teen
IDM for Facebook ★ Downloader,4.3,7.552762084214147,11.51293546492023,3.1,0.0,0,1027,PRODUCTIVITY,Everyone
"Unlimited Group Links - Whatsapp, FB, Telegram",3.4,3.8066624897703196,9.210440366976517,2.8,0.0,0,37,SOCIAL,Mature 17+
HD VideoDownlaoder For Fb : XXVideo Downloader,4.2,4.127134385045092,9.210440366976517,6.1,0.0,0,10,VIDEO_PLAYERS,Everyone
Barca News - app for Barcelona FC Fans,4.5,5.337538079701318,9.210440366976517,4.5,0.0,0,269,SPORTS,Everyone
FC Barcelona Fantasy Manager: Real football mobile,4.4,9.630497028827337,13.815511557963774,30.0,0.0,0,311,SPORTS,Everyone
Classic FC 64 IN 1,4.2,7.4673710669175595,11.51293546492023,6.2,0.0,0,223,FAMILY,Everyone
FC Barcelona Official Keyboard,4.7,8.56216655705897,13.122365377402328,20.0,0.0,0,84,SPORTS,Everyone
Barcelona Live 2018—Goals & News for Barca FC Fans,4.6,5.8377304471659395,9.210440366976517,38.0,0.0,0,3,SPORTS,Everyone
Barcelona News - Sportfusion,4.4,5.948034989180646,9.210440366976517,20.0,0.0,0,156,SPORTS,Everyone
Barcelona Calendar,4.4,6.508769136971682,9.210440366976517,3.1,0.0,0,265,SPORTS,Everyone
"Barca News - FC Barcelona, World Foot & Transfers",4.8,5.081404364984463,9.210440366976517,6.4,0.0,0,5,SPORTS,Everyone
FC Bayern Munich,4.6,10.52247675969231,13.815511557963774,71.0,0.0,0,8,SPORTS,Everyone
FC BARCELONA EVENTS,4.3,1.9459101490553132,4.61512051684126,11.0,0.0,0,109,SPORTS,Everyone
Cambridge English FC,4.4,6.635946555686647,10.819798284210286,11.0,0.0,0,672,FAMILY,Everyone
Barcelona Live - Goal Score & News for Barca Fans,4.4,3.6635616461296463,9.210440366976517,2.6,0.0,0,357,SPORTS,Everyone
Seattle Sounders FC,3.3,6.882437470997847,9.210440366976517,33.0,0.0,0,8,SPORTS,Everyone
FCB Connect - FC Barcelona,4.5,6.679599185844383,10.819798284210286,21.0,0.0,0,63,SOCIAL,Teen
1. FC Köln App,4.6,7.61085279039525,11.51293546492023,41.0,0.0,0,20,SPORTS,Everyone
File Commander - File Manager/Explorer,4.3,13.539218044206631,18.420680753952364,12.0,0.0,0,7,BUSINESS,Everyone
FC Porto,4.9,9.673067592251142,11.51293546492023,21.0,0.0,0,51,SPORTS,Everyone
Fulham FC,4.3,5.996452088619021,9.210440366976517,2.8,0.0,0,365,SPORTS,Everyone
Chelsea FC Official Keyboard,4.5,11.422978875364755,13.815511557963774,14.0,0.0,0,37,PRODUCTIVITY,Everyone
Burnley FC,4.9,5.278114659230517,8.517393171418904,29.0,0.0,0,8,SPORTS,Everyone
Atlanta United FC,3.7,5.375278407684165,9.210440366976517,76.0,0.0,0,42,SPORTS,Everyone
Barcelona Wallpaper HD,4.5,4.543294782270004,9.210440366976517,5.7,0.0,0,162,PERSONALIZATION,Everyone
Sydney FC Official App,4.6,4.060443010546419,8.517393171418904,17.0,0.0,0,44,SPORTS,Everyone
Birmingham City FC,4.5,5.2574953720277815,9.210440366976517,28.0,0.0,0,8,SPORTS,Everyone
FC Browser - Focus Privacy Browser,4.1,3.295836866004329,6.90875477931522,4.6,0.0,0,258,COMMUNICATION,Everyone
My AEK - Official ΑΕΚ FC app,4.8,8.115819701211327,10.819798284210286,,0.0,0,203,SPORTS,Everyone
Noticias FC Barcelona,5.0,1.6094379124341003,4.61512051684126,3.1,0.0,0,55,NEWS_AND_MAGAZINES,Everyone
Toronto FC,3.4,4.976733742420574,9.210440366976517,79.0,0.0,0,90,SPORTS,Teen
Middlesbrough FC Official,4.5,5.030437921392435,9.210440366976517,36.0,0.0,0,72,SPORTS,Everyone
The 5th Stand,4.8,7.437206366871292,11.51293546492023,17.0,0.0,0,9,SPORTS,Everyone
Galaxian(FC),4.5,1.0986122886681098,4.61512051684126,7.8,1.99,1,1000,GAME,Everyone
FC Red Bull Salzburg App,4.5,7.3310603052186325,10.819798284210286,89.0,0.0,0,2,SPORTS,Everyone
FC Zenit official Android app,4.5,8.644002038279933,11.51293546492023,49.0,0.0,0,113,SPORTS,Everyone
Fan App for Portsmouth FC,4.5,3.9889840465642745,6.90875477931522,12.0,0.0,0,733,SPORTS,Teen
Latest Barcelona News 24h,4.5,4.653960350157523,9.210440366976517,3.0,0.0,0,215,NEWS_AND_MAGAZINES,Everyone
Mobile FC,4.1,8.520388082312756,11.51293546492023,57.0,0.0,0,76,SPORTS,Everyone
"FirstCry Baby & Kids Shopping, Fashion & Parenting",4.1,10.623154942905469,15.424948670398354,16.0,0.0,0,43,SHOPPING,Everyone
Fan App for Reading FC,3.6,2.302585092994046,6.2166061010848646,13.0,0.0,0,733,SPORTS,Teen
Deportivo Toluca FC,4.7,7.748460023899697,10.819798284210286,5.9,0.0,0,14,SPORTS,Everyone
Underdog FC,4.6,5.37989735354046,9.210440366976517,40.0,0.0,0,7,SPORTS,Everyone
Las Vegas Lights FC,4.9,2.3978952727983707,6.2166061010848646,14.0,0.0,0,153,SPORTS,Everyone
APOEL FC,4.6,6.535241271013659,9.210440366976517,,0.0,0,1310,SPORTS,Everyone
FD Shift Calendar Widget,4.1,6.889591308354466,11.51293546492023,0.0712890625,0.0,0,2703,TOOLS,Everyone
Bank FD Interest Calculator,4.5,5.117993812416755,9.210440366976517,3.5,0.0,0,214,FINANCE,Everyone
FD VR Video Player - (Stored),3.9,6.62273632394984,11.51293546492023,17.0,0.0,0,617,FAMILY,Everyone
FD Mobile,3.9,3.9889840465642745,8.517393171418904,7.9,0.0,0,323,FAMILY,Everyone
Formula DRIFT,4.6,5.135798437050262,9.210440366976517,19.0,0.0,0,13,SPORTS,Everyone
FD VR - Virtual 3D Web Browser,3.8,6.593044534142437,11.51293546492023,30.0,0.0,0,153,FAMILY,Everyone
FD Community FCU Mobile,4.7,5.170483995038151,6.90875477931522,12.0,0.0,0,58,FINANCE,Everyone
Female Daily,3.9,8.379079889286603,11.51293546492023,42.0,0.0,0,3,BEAUTY,Teen
FD VR - Virtual App Launcher,4.1,7.288927694521257,11.51293546492023,7.4,0.0,0,617,LIBRARIES_AND_DEMO,Everyone
FD VR Player - for 360 Youtube,3.9,4.61512051684126,9.210440366976517,9.1,0.0,0,617,FAMILY,Everyone
FD VR Store -VR Games and Apps,4.0,4.663439094112067,9.210440366976517,7.5,0.0,0,617,FAMILY,Everyone
Policy And FD Manager,4.3,3.044522437723423,6.2166061010848646,4.8,0.0,0,61,FINANCE,Everyone
FD VR - Virtual Reality Camera,4.0,6.915723448631314,11.51293546492023,7.4,0.0,0,617,FAMILY,Everyone
Sports Lite,4.4,2.833213344056216,6.90875477931522,4.9,0.0,0,9,SPORTS,Everyone
FD VR Theater - for Youtube VR,4.1,8.43076346341785,13.815511557963774,9.1,0.0,0,617,FAMILY,Everyone
Story Time FD,5.0,1.0986122886681098,2.3978952727983707,4.2,0.0,0,867,FAMILY,Everyone 10+
FD Calculator | Term Deposit | Fixed Deposit,4.8,2.5649493574615367,6.90875477931522,2.7,0.0,0,57,FINANCE,Everyone
Financial Calculator India,4.6,9.53387209732166,13.815511557963774,3.9,0.0,0,36,FINANCE,Everyone
"FD Calculator (EMI, SIP, RD & Loan Eligilibility)",5.0,4.653960350157523,6.90875477931522,2.3,0.0,0,2,FINANCE,Everyone
FD VR Cardboard Featured 360 Videos,4.2,4.343805421853684,9.210440366976517,35.0,0.0,0,233,FAMILY,Everyone
"EMI, FD, RD - Bank Calculator",4.7,3.7612001156935624,8.517393171418904,3.5,0.0,0,494,FINANCE,Everyone
FD VR Player - for Youtube 3D,4.0,7.774435510302958,13.122365377402328,9.1,0.0,0,617,FAMILY,Everyone
RD/FD Calculator,4.4,4.532599493153256,9.210440366976517,1.5,0.0,0,555,FINANCE,Everyone
FD VR Music Videos - MTV Pop and Rap in 360,4.9,2.772588722239781,6.90875477931522,26.0,0.0,0,233,FAMILY,Everyone
FD VR - Virtual Photo Gallery,3.5,5.19295685089021,9.210440366976517,7.4,0.0,0,617,FAMILY,Everyone
Fix Deposit Calculator (FD),4.1,2.0794415416798357,6.90875477931522,2.1,0.0,0,184,FINANCE,Everyone
FD Interest Calculator,4.2,2.8903717578961645,8.517393171418904,4.7,0.0,0,1299,FINANCE,Everyone
Deposit Calculator FD & RD,4.4,2.9444389791664403,9.210440366976517,3.4,0.0,0,565,FINANCE,Everyone
Banking Calculator,4.5,8.217438537730187,11.51293546492023,4.6,0.0,0,142,FINANCE,Everyone
FD e-paper,3.1,5.214935757608986,9.210440366976517,7.1,0.0,0,36,NEWS_AND_MAGAZINES,Everyone
EMI/FD/RD/PV/IRR/BEP/EOQ Calc,4.5,4.07753744390572,9.210440366976517,2.7,0.0,0,974,FINANCE,Everyone
EMI Calculator | FD Calculator | RD calculator,4.6,4.672828834461906,9.210440366976517,4.4,0.0,0,143,FINANCE,Everyone
LineStar for FanDuel,4.3,7.3395376954076745,10.819798284210286,14.0,0.0,0,64,SPORTS,Teen
HD Video Download for Facebook,4.4,9.94059064048763,13.815511557963774,17.0,0.0,0,146,VIDEO_PLAYERS,Everyone
Fire Emblem Heroes,4.6,12.918274624812593,15.424948670398354,,0.0,0,21,FAMILY,Teen
Santa Fe FCU Mobile Banking,4.3,2.5649493574615367,6.90875477931522,9.0,0.0,0,199,FINANCE,Everyone
FE Connect,4.8,3.2188758248682006,8.517393171418904,4.5,0.0,0,329,TOOLS,Everyone
FE Civil Engineering Exam Prep,2.8,2.302585092994046,6.90875477931522,21.0,0.0,0,13,FAMILY,Everyone
FE CREDIT - TET VUI,4.1,4.836281906951478,10.819798284210286,15.0,0.0,0,156,FINANCE,Everyone
FE Mechanical Engineering Prep,1.0,1.0986122886681098,6.90875477931522,21.0,0.0,0,13,FAMILY,Everyone
FE Mobile,3.0,1.0986122886681098,2.3978952727983707,8.0,0.0,0,30,BUSINESS,Everyone
Comunidad De Fe Minitries,5.0,2.995732273553991,6.2166061010848646,11.0,0.0,0,161,LIFESTYLE,Everyone
Garena Free Fire,4.5,15.526442219741934,18.420680753952364,53.0,0.0,0,6,GAME,Teen
Safe Santa Fe,5.0,1.0986122886681098,6.90875477931522,12.0,0.0,0,766,FAMILY,Everyone
Santa Fe New Mexican e-Edition,4.1,3.258096538021482,6.90875477931522,17.0,0.0,0,49,NEWS_AND_MAGAZINES,Everyone
Note FE Theme And Launcher For Samsung Galaxy,4.4,2.0794415416798357,6.90875477931522,9.8,0.0,0,346,PERSONALIZATION,Everyone
FE CPS,3.0,4.143134726391533,9.210440366976517,17.0,0.0,0,409,FINANCE,Everyone
Santa Fe Indian Market,3.8,1.6094379124341003,6.2166061010848646,30.0,0.0,0,17,FAMILY,Everyone
Repair Hyundai Santa Fe,3.9,3.1354942159291497,6.90875477931522,97.0,0.0,0,190,AUTO_AND_VEHICLES,Everyone
Santa Fe Thrive,5.0,1.0986122886681098,3.9318256327243257,8.3,0.0,0,31,HEALTH_AND_FITNESS,Everyone
Theme for Samsung Galaxy Note FE,4.5,3.970291913552122,9.210440366976517,7.9,0.0,0,401,PERSONALIZATION,Everyone
Ríos de Fe,5.0,4.955827057601261,6.90875477931522,15.0,0.0,0,138,LIFESTYLE,Everyone
FG Mobile,3.3,4.875197323201151,8.517393171418904,13.0,0.0,0,231,FAMILY,Everyone
Burn Your Fat With Me! FG,4.5,10.55810178337929,13.815511557963774,60.0,0.0,0,37,HEALTH_AND_FITNESS,Teen
FG On-The-Go,4.9,4.02535169073515,6.90875477931522,25.0,0.0,0,41,TOOLS,Everyone
BROTHER IN WARS: GUNNER CITY WARLORDS,4.3,9.065314599925925,13.815511557963774,39.0,0.0,0,14,GAME,Teen
Angry Birds Space HD,4.5,10.683866919038945,15.424948670398354,46.0,0.0,0,76,GAME,Everyone
Survival Prison Escape v2: Free Action Game,4.1,10.692581074143282,15.424948670398354,52.0,0.0,0,169,FAMILY,Mature 17+
FG VOC,4.8,1.9459101490553132,6.90875477931522,7.7,0.0,0,2,BUSINESS,Everyone
Police Car Driver,3.8,11.334659672434103,16.118095750958314,30.0,0.0,0,97,GAME,Everyone 10+
Modern Sniper Strike: Best Commando Action 2k18,4.1,5.10594547390058,9.210440366976517,17.0,0.0,0,351,GAME,Everyone
Moto Fighter 3D,3.9,11.355230177102538,16.118095750958314,39.0,0.0,0,323,GAME,Everyone 10+
BMX Boy,4.2,13.640212677306844,17.72753358339242,12.0,0.0,0,323,GAME,Everyone
Crazy Bike attack Racing New: motorcycle racing,4.2,9.921573020082512,15.424948670398354,45.0,0.0,0,28,GAME,Everyone
POLARIS 2MFG,4.8,7.113956109566034,9.210440366976517,29.0,0.0,0,134,FAMILY,Everyone
Gun Disassembly 2,4.1,10.179147649760584,13.815511557963774,48.0,0.0,0,328,FAMILY,Everyone 10+
Fields of Battle,4.1,11.177130998610851,13.815511557963774,50.0,0.0,0,110,GAME,Everyone 10+
Family Guy The Quest for Stuff,4.0,13.810501031211562,16.118095750958314,,0.0,0,15,GAME,Mature 17+
Ambulance Simulator 3D,3.9,10.289294022981109,13.815511557963774,66.0,0.0,0,606,FAMILY,Mature 17+
Leghe Fantagazzetta,4.1,11.28307195213092,13.815511557963774,27.0,0.0,0,3,SPORTS,Everyone
Police Car Driving Sim,4.1,11.19165903191167,16.118095750958314,51.0,0.0,0,121,FAMILY,Everyone
Toy Attack,4.2,8.263332667439967,13.122365377402328,69.0,0.0,0,127,GAME,Everyone
Field Goal Tournament,3.7,8.000014093678072,11.51293546492023,21.0,0.0,0,1073,SPORTS,Everyone
Ghost In Photo,3.9,10.255200204645046,15.424948670398354,14.0,0.0,0,146,PHOTOGRAPHY,Teen
Disney Princess Palace Pets,3.9,11.003731842099363,13.815511557963774,19.0,0.0,0,180,FAMILY,Everyone
Police VAZ LADA Simulator,3.6,8.161375023197486,13.122365377402328,61.0,0.0,0,697,FAMILY,Teen
Scary Video Maker,3.7,9.137447046455858,13.122365377402328,28.0,0.0,0,16,FAMILY,Teen
SnowMobile Parking Adventure,3.6,9.413934064045677,13.815511557963774,49.0,0.0,0,699,GAME,Everyone
PBS KIDS Games,4.3,9.466531777336593,13.815511557963774,94.0,0.0,0,64,FAMILY,Everyone
Zombie Sniper 3D III,3.9,9.002454823050954,13.122365377402328,23.0,0.0,0,527,GAME,Mature 17+
Family Guy- Another Freakin' Mobile Game,4.5,12.309044310154052,15.424948670398354,94.0,0.0,0,3,FAMILY,Teen
FH WiFiCam,2.6,5.308267697401205,9.210440366976517,2.5,0.0,0,464,PHOTOGRAPHY,Everyone
HD Themes Volvo FH Trucks,4.4,3.713572066704308,8.517393171418904,13.0,0.0,0,779,PERSONALIZATION,Teen
Familial Hypercholesterolaemia Handbook,1.0,1.0986122886681098,4.61512051684126,33.0,0.0,0,38,MEDICAL,Everyone
Wallpapers Volvo FH 16 Trucks,4.2,2.6390573296152584,6.90875477931522,15.0,0.0,0,782,PERSONALIZATION,Teen
Puzzles Volvo FH 16 Trucks,4.8,2.3978952727983707,6.90875477931522,8.2,0.0,0,615,FAMILY,Teen
Jigsaw Volvo FH 16 Trucks,5.0,1.791759469228055,6.90875477931522,8.1,0.0,0,616,FAMILY,Teen
Shoot Hunter-Gun Killer,4.3,12.677122602184417,17.72753358339242,27.0,0.0,0,1,GAME,Teen
studentsLife by FH Kärnten,4.4,4.6913478822291435,8.517393171418904,,0.0,0,132,FAMILY,Everyone
FH® Cost Lookup / FH® CCSalud,4.5,3.4339872044851463,6.90875477931522,4.1,0.0,0,414,MEDICAL,Everyone
FH App,4.9,3.332204510175204,4.61512051684126,6.0,0.0,0,14,BUSINESS,Everyone
FH School,5.0,1.6094379124341003,4.61512051684126,5.8,0.0,0,120,FAMILY,Everyone
Fast Motorcycle Driver 2016,4.2,10.245373679001421,13.815511557963774,49.0,0.0,0,592,GAME,Everyone 10+
Wallpapers Volvo FH Truck,4.2,1.6094379124341003,4.61512051684126,14.0,0.0,0,739,PERSONALIZATION,Teen
Angry Shark 2016,4.0,11.200759424826883,15.424948670398354,46.0,0.0,0,281,FAMILY,Teen
First Hawaiian Bank Mobile,2.1,5.4510384535657,9.210440366976517,29.0,0.0,0,92,FINANCE,Everyone
Strike! Ten Pin Bowling,4.2,9.830110082731352,15.424948670398354,49.0,0.0,0,43,SPORTS,Everyone
My Truck,2.5,5.5134287461649825,9.210440366976517,8.2,0.0,0,512,TOOLS,Everyone
Talking Tom Bubble Shooter,4.4,13.440288969081777,17.72753358339242,54.0,0.0,0,76,FAMILY,Everyone
Forgotten Hill: Fall,4.4,6.96979066990159,10.819798284210286,18.0,0.0,0,283,GAME,Teen
Forgotten Hill Mementoes,4.6,7.614805364711073,11.51293546492023,56.0,0.0,0,143,GAME,Teen
Talking Husky Dog,4.4,10.186634356186147,13.815511557963774,40.0,0.0,0,20,FAMILY,Everyone
Bubble Bird Rescue,4.2,11.166964351009796,15.424948670398354,14.0,0.0,0,2,FAMILY,Everyone
Forgotten Hill: Surgery,4.5,7.796469243086058,11.51293546492023,24.0,0.0,0,279,GAME,Teen
Real Airplane Flight Simulator: Pilot Games,3.3,9.986725151106183,13.815511557963774,37.0,0.0,0,29,FAMILY,Everyone
Dolphin and fish coloring book,3.9,7.718685495198466,13.122365377402328,,0.0,0,86,FAMILY,Everyone
Forgotten Hill: Puppeteer,4.5,7.978653729082731,11.51293546492023,22.0,0.0,0,283,GAME,Teen
Airplane Fly Hawaii,4.1,11.331739263416525,13.815511557963774,16.0,0.0,0,1287,FAMILY,Everyone
FiSwitch,4.8,6.423246963533519,9.210440366976517,2.0,1.99,1,16,TOOLS,Everyone
Signal Info,4.6,6.052089168924417,9.210440366976517,3.5,0.0,0,233,TOOLS,Everyone
Signal Spy - Monitor Signal Strength & Data Usage,4.4,6.775366090936392,11.51293546492023,8.5,0.0,0,221,TOOLS,Everyone
Wi-Fi Auto-connect,3.8,9.61826910952232,13.815511557963774,0.2470703125,0.0,0,1104,COMMUNICATION,Everyone
Smart Wi-Fi Hotspot PRO,3.7,5.288267030694535,9.210440366976517,0.9345703125,2.99,1,911,COMMUNICATION,Everyone
"Talkie - Wi-Fi Calling, Chats, File Sharing",4.2,8.48446336679332,13.122365377402328,,0.0,0,215,COMMUNICATION,Everyone
Portable Wi-Fi hotspot Premium,3.7,6.1779441140506,9.210440366976517,0.41015625,0.99,1,967,COMMUNICATION,Everyone
Avast Wi-Fi Finder,4.3,10.52615861929175,13.815511557963774,13.0,0.0,0,164,PRODUCTIVITY,Everyone
Police Field Interview FI Card,4.5,4.727387818712341,6.90875477931522,2.4,7.99,1,511,PRODUCTIVITY,Everyone
LG Hi-Fi Plus Manager,3.5,5.043425116919247,9.210440366976517,3.4,0.0,0,702,TOOLS,Everyone
WeFi - Free Fast WiFi Connect & Find Wi-Fi Map,4.0,9.50822026940441,13.815511557963774,5.1,0.0,0,65,COMMUNICATION,Everyone
"Talkie Pro - Wi-Fi Calling, Chats, File Sharing",4.5,5.308267697401205,6.90875477931522,,2.99,1,215,COMMUNICATION,Everyone
Safe Wi-Fi,2.9,3.4965075614664802,6.90875477931522,9.7,0.0,0,6,PRODUCTIVITY,Everyone
[root] Pry-Fi,3.9,8.81537000096066,13.122365377402328,0.0703125,0.0,0,1649,TOOLS,Everyone
Sat-Fi,3.6,4.584967478670572,8.517393171418904,,0.0,0,343,COMMUNICATION,Everyone
WiFi Monitor Pro - analyzer of Wi-Fi networks,4.6,4.454347296253507,6.90875477931522,2.4,2.99,1,35,TOOLS,Everyone
Candy simply-Fi,2.1,7.779466967458324,11.51293546492023,35.0,0.0,0,23,LIFESTYLE,Everyone
SCI-FI UI,4.7,2.772588722239781,4.61512051684126,3.9,1.99,1,115,FAMILY,Everyone
Wi-Fi Rabbit Unlock Key,4.5,4.962844630259907,8.517393171418904,0.025390625,1.0,1,2601,TOOLS,Everyone
Wi-Fi settings shortcut,4.1,6.173786103901937,10.819798284210286,0.0283203125,0.0,0,1700,TOOLS,Everyone
Wi-Fi Master,4.5,8.20903626577507,13.122365377402328,5.8,0.0,0,16,TOOLS,Everyone
Micro Fi,3.7,3.6888794541139363,8.517393171418904,2.8,0.0,0,1639,FAMILY,Everyone
fi,2.9,6.539585955617669,11.51293546492023,5.8,0.0,0,792,FAMILY,Everyone
Portable Wi-Fi hotspot Free,4.0,7.445417556701687,11.51293546492023,2.1,0.0,0,210,COMMUNICATION,Everyone
Wi-Fi Networks,4.2,4.7535901911063645,9.210440366976517,1.4,0.0,0,1039,PRODUCTIVITY,Everyone
FI CFL,3.7,4.727387818712341,9.210440366976517,3.9,0.0,0,35,FINANCE,Everyone
Tassa.fi Finland,3.6,5.849324779946859,10.819798284210286,7.5,0.0,0,79,LIFESTYLE,Everyone
TownWiFi | Wi-Fi Everywhere,3.9,7.771910256435763,13.122365377402328,58.0,0.0,0,7,COMMUNICATION,Everyone
Jazz Wi-Fi,3.4,3.912023005428146,9.210440366976517,4.0,0.0,0,545,COMMUNICATION,Everyone
Xposed Wi-Fi-Pwd,3.5,6.949856455000773,11.51293546492023,0.39453125,0.0,0,1465,PERSONALIZATION,Everyone
osmino Wi-Fi: free WiFi,4.2,11.807116309334836,16.118095750958314,4.1,0.0,0,2,TOOLS,Everyone
Sat-Fi Voice,3.4,3.6375861597263857,6.90875477931522,14.0,0.0,0,1357,COMMUNICATION,Everyone
Wi-Fi Visualizer,3.9,4.890349128221754,10.819798284210286,2.6,0.0,0,449,TOOLS,Everyone
Lennox iComfort Wi-Fi,3.0,6.315358001522335,10.819798284210286,7.6,0.0,0,505,LIFESTYLE,Everyone
Sci-Fi Sounds and Ringtones,3.6,4.859812404361672,9.210440366976517,11.0,0.0,0,316,PERSONALIZATION,Everyone
Sci Fi Sounds,3.2,1.6094379124341003,6.90875477931522,8.0,0.0,0,280,FAMILY,Everyone
Free Wi-fi HotspoT,4.1,5.948034989180646,10.819798284210286,2.3,0.0,0,20,COMMUNICATION,Everyone
FJ 4x4 Cruiser Offroad Driving,4.1,8.173011311724972,13.122365377402328,49.0,0.0,0,582,FAMILY,Everyone
FJ 4x4 Cruiser Snow Driving,4.2,7.3901814282264295,13.122365377402328,43.0,0.0,0,66,FAMILY,Everyone
Wallpapers Toyota FJ Cruiser,4.2,4.3694478524670215,9.210440366976517,10.0,0.0,0,780,PERSONALIZATION,Everyone
"FJ Final Join , Circles Game",4.7,3.4965075614664802,6.90875477931522,24.0,0.0,0,29,GAME,Teen
FJ Drive: Mercedes-Benz Lease,4.6,4.68213122712422,9.210440366976517,27.0,0.0,0,276,AUTO_AND_VEHICLES,Everyone
Driving n Parking School 2017,4.5,2.772588722239781,6.90875477931522,46.0,0.0,0,435,FAMILY,Everyone
Offroad Cruiser,4.3,10.65568164038699,13.815511557963774,36.0,0.0,0,757,FAMILY,Everyone
HD Themes Toyota Cruiser 70,4.5,4.465908118654584,9.210440366976517,17.0,0.0,0,676,PERSONALIZATION,Teen
Toyota Cruisers & Trucks Mag,4.5,2.3978952727983707,6.2166061010848646,8.0,0.0,0,148,TRAVEL_AND_LOCAL,Everyone
4 x4 Offroad SUV 3D Truck Simulator Driving 2017,4.4,3.4965075614664802,6.90875477931522,37.0,0.0,0,246,FAMILY,Everyone
Cake Shop - Kids Cooking,4.3,10.331007651425123,15.424948670398354,33.0,0.0,0,24,FAMILY,Everyone
OFF-ROAD SIMULATOR 4x4 : REAL,4.2,4.700480365792417,9.210440366976517,25.0,0.0,0,481,FAMILY,Everyone
HD Themes Toyota Cruiser 200,3.7,1.3862943611198906,4.61512051684126,15.0,0.0,0,677,PERSONALIZATION,Teen
Fun Kid Racing - Motocross,4.1,10.998242410876934,16.118095750958314,,0.0,0,2,FAMILY,Everyone
Offroad 4x4 Car Driving,4.3,10.174468433264497,13.815511557963774,43.0,0.0,0,467,FAMILY,Everyone
Motocross Beach Jumping 3D,4.0,11.570769754654666,16.118095750958314,43.0,0.0,0,65,FAMILY,Teen
Offroad drive : 4x4 driving game,3.5,7.6362696033793735,11.51293546492023,36.0,0.0,0,41,GAME,Everyone
Hair saloon - Spa salon,4.2,10.557737967466126,16.118095750958314,23.0,0.0,0,120,FAMILY,Everyone
Rope Hero: Vice Town,4.4,13.022741917372748,16.118095750958314,99.0,0.0,0,39,GAME,Mature 17+
Drive 4x4 Luxury SUV Jeep,4.2,7.688913336864796,13.122365377402328,46.0,0.0,0,30,GAME,Everyone
PIP Selfie Camera Photo Editor,4.4,11.959679658494709,16.118095750958314,,0.0,0,189,PHOTOGRAPHY,Everyone
Motocross Mayhem,3.8,10.468005590498892,13.815511557963774,45.0,0.0,0,1640,GAME,Everyone
Funny Jokes,3.9,7.826443135456014,11.51293546492023,2.9,0.0,0,52,FAMILY,Mature 17+
Flight Simulator: Fly Plane 3D,4.0,13.400924984569242,17.72753358339242,21.0,0.0,0,526,FAMILY,Everyone
Motocross Fun Simulator,3.8,10.024421175431756,13.815511557963774,35.0,0.0,0,577,FAMILY,Everyone
Dino Defends king 3 – Dinosaur T rex Hunter Games,3.6,5.209486152841421,10.819798284210286,41.0,0.0,0,161,GAME,Teen
Fast Notes FJ,4.2,2.5649493574615367,6.2166061010848646,2.2,0.0,0,1458,PRODUCTIVITY,Everyone
Block Gun 3D: Haunted Hollow,3.8,9.697876897764221,13.815511557963774,35.0,0.0,0,304,GAME,Teen
Driving Suv Toyota Car Simulator,3.7,5.236441962829949,9.210440366976517,54.0,0.0,0,270,FAMILY,Everyone
Navy Gunner Shoot War 3D,4.0,11.544424132029599,16.118095750958314,44.0,0.0,0,7,GAME,Teen
Drift Legends,4.2,10.427890584715806,13.815511557963774,27.0,0.0,0,133,GAME,Everyone
FK,4.4,7.325148957955575,11.51293546492023,8.5,0.0,0,27,MEDICAL,Everyone
Fairy Kingdom: World of Magic and Farming,4.4,11.771768151338593,13.815511557963774,63.0,0.0,0,17,FAMILY,Everyone
FK Željezničar,4.9,7.259116128097101,9.210440366976517,20.0,0.0,0,28,SPORTS,Everyone
FK CLASSIC FOR YOU,5.0,0.6931471805599453,2.3978952727983707,3.5,0.0,0,170,BUSINESS,Everyone
Kernel Manager for Franco Kernel ✨,4.8,9.44943600950432,11.51293546492023,10.0,3.49,1,6,TOOLS,Everyone
Ray Financial Calculator Pro,4.0,4.219507705176107,9.210440366976517,2.4,2.99,1,402,FINANCE,Everyone
Toy Truck Rally 3D,4.0,12.617837866186818,17.72753358339242,25.0,0.0,0,78,GAME,Everyone
FK Crvena zvezda,4.9,7.10002716662926,9.210440366976517,15.0,0.0,0,199,SPORTS,Everyone
PRO MX MOTOCROSS 2,3.8,10.137610607893345,15.424948670398354,21.0,0.0,0,363,GAME,Everyone
FK Željezničar Izzy,4.9,4.787491742782046,6.90875477931522,17.0,0.0,0,629,FAMILY,Everyone
FK Atlantas,1.5,1.0986122886681098,1.791759469228055,26.0,0.0,0,169,SPORTS,Everyone
FK Dedinje BGD,5.0,3.6109179126442243,4.61512051684126,2.6,0.0,0,544,SPORTS,Everyone
FK Crvena Zvezda Izzy,4.8,7.284134806195205,10.819798284210286,15.0,0.0,0,633,TOOLS,Everyone
Crazy Freekick,3.9,10.77245604231587,15.424948670398354,17.0,0.0,0,813,SPORTS,Everyone
FL State Parks Guide,3.7,6.77078942390898,11.51293546492023,45.0,0.0,0,286,TRAVEL_AND_LOCAL,Everyone
FL SW Fishing Regulations,4.6,4.110873864173311,6.90875477931522,24.0,1.99,1,1616,SPORTS,Everyone
Permit Test FL Florida DHSMV,4.7,5.5093883366279774,9.210440366976517,11.0,0.0,0,301,FAMILY,Everyone
FL Lottery Results,4.6,7.301147805856032,10.819798284210286,3.1,0.0,0,131,FAMILY,Teen
Florida DMV Permit Test -Fl,4.3,4.477336814478207,9.210440366976517,30.0,0.0,0,175,FAMILY,Everyone
Lottery Results: Florida,4.2,6.368187186350492,11.51293546492023,3.2,0.0,0,199,FAMILY,Teen
Scratch-Off Guide for FL Lotto,4.6,3.258096538021482,8.517393171418904,5.6,0.0,0,36,FAMILY,Everyone
"Charlotte County, FL",4.7,2.3978952727983707,6.90875477931522,7.1,0.0,0,532,PRODUCTIVITY,Everyone
Results for FL Lottery,4.6,4.990432586778736,9.210440366976517,7.1,0.0,0,527,NEWS_AND_MAGAZINES,Everyone
Check Lottery Tickets - Florida,2.0,3.332204510175204,8.517393171418904,31.0,0.0,0,296,FAMILY,Teen
Fish|Hunt FL,3.6,6.74993119378857,11.51293546492023,34.0,0.0,0,140,LIFESTYLE,Everyone
Florida 511,3.2,5.003946305945459,10.819798284210286,9.2,0.0,0,360,TOOLS,Everyone
Florida Storms,3.8,4.762173934797756,9.210440366976517,36.0,0.0,0,226,WEATHER,Everyone
FL Racing Manager 2018 Lite,4.0,7.199678345691172,11.51293546492023,15.0,0.0,0,145,SPORTS,Everyone
Florida Tides & Weather,3.8,3.4339872044851463,6.90875477931522,2.0,6.99,1,1191,WEATHER,Everyone
FL Tax-Verify,3.8,2.8903717578961645,8.517393171418904,6.1,0.0,0,638,BUSINESS,Everyone
FL House,4.4,3.4011973816621555,6.90875477931522,,0.0,0,625,PRODUCTIVITY,Everyone
FL Racing Manager 2015 Pro,4.4,6.48768401848461,8.517393171418904,22.0,0.99,1,880,SPORTS,Everyone
Lottery Driver- Florida Result,4.4,4.2626798770413155,8.517393171418904,4.4,0.0,0,480,FAMILY,Teen
Florida Travel Guide,3.8,2.4849066497880004,6.90875477931522,86.0,0.0,0,29,TRAVEL_AND_LOCAL,Everyone
The Florida Trail Guide,4.3,4.61512051684126,8.517393171418904,13.0,0.0,0,495,TRAVEL_AND_LOCAL,Everyone
Florida - Pocket Brainbook,4.6,2.0794415416798357,6.90875477931522,12.0,0.0,0,143,BOOKS_AND_REFERENCE,Everyone
Lottery Ticket Checker - Florida Results & Lotto,1.0,1.3862943611198906,6.2166061010848646,41.0,0.0,0,240,TOOLS,Everyone
Florida Statutes (FL Code),3.2,1.791759469228055,6.90875477931522,8.2,0.0,0,292,BOOKS_AND_REFERENCE,Everyone
Discovery Church Florida,4.7,3.713572066704308,6.90875477931522,8.0,0.0,0,45,LIFESTYLE,Teen
FL Racing Manager 2018 Pro,4.3,5.831882477283517,8.517393171418904,15.0,1.99,1,145,SPORTS,Everyone
Florida Driver License Test,4.5,4.189654742026425,8.517393171418904,0.458984375,0.0,0,922,FAMILY,Everyone
Free Florida DMV Test 2018,4.1,6.501289670540389,10.819798284210286,5.3,0.0,0,77,FAMILY,Everyone
Canvas FL,4.9,3.6109179126442243,6.90875477931522,9.4,0.0,0,45,FAMILY,Teen
Florida Lottery Results,4.1,6.638567789166521,11.51293546492023,2.2,0.0,0,965,NEWS_AND_MAGAZINES,Everyone
Florida Cooling Supply HVAC,4.2,1.9459101490553132,6.2166061010848646,43.0,0.0,0,13,PRODUCTIVITY,Everyone
Restaurant Inspections - FL,3.5,4.969813299576001,9.210440366976517,0.220703125,0.0,0,1884,HEALTH_AND_FITNESS,Everyone
Florida Keys,4.2,4.532599493153256,9.210440366976517,20.0,0.0,0,490,TRAVEL_AND_LOCAL,Everyone
South Florida AA Meetings,5.0,2.3978952727983707,6.90875477931522,21.0,0.0,0,77,LIFESTYLE,Everyone
Florida Travel Guide - TOURIAS,3.8,4.394449154672439,9.210440366976517,37.0,0.0,0,10,TRAVEL_AND_LOCAL,Everyone
Florida State Gameday,4.7,7.356918242356021,10.819798284210286,26.0,0.0,0,27,SPORTS,Everyone
"News-Journal-Daytona Beach, FL",4.5,4.343805421853684,8.517393171418904,7.8,0.0,0,37,NEWS_AND_MAGAZINES,Everyone
"Trinity Church Deltona, FL",5.0,3.5263605246161616,6.2166061010848646,28.0,0.0,0,94,LIFESTYLE,Everyone
FL Drone 2,3.3,3.7376696182833684,8.517393171418904,7.8,0.0,0,357,PHOTOGRAPHY,Everyone
"Beacon Baptist Jupiter, FL",5.0,2.70805020110221,4.61512051684126,2.6,0.0,0,300,LIFESTYLE,Everyone
University of Florida,4.0,5.1298987149230735,9.210440366976517,7.6,0.0,0,311,FAMILY,Everyone
"Ocala Star Banner, FL",4.5,4.330733340286331,8.517393171418904,8.1,0.0,0,15,NEWS_AND_MAGAZINES,Everyone
Alachua County Sheriff FL,3.2,1.791759469228055,4.61512051684126,9.5,0.0,0,1184,LIFESTYLE,Everyone
Lotto Results - Mega Millions Powerball Lottery US,4.5,9.562545340443464,13.815511557963774,1.8,0.0,0,972,NEWS_AND_MAGAZINES,Teen
Jax Sheriff (FL),4.2,3.9889840465642745,8.517393171418904,16.0,0.0,0,45,LIFESTYLE,Everyone
Hidden Object Florida Vacation Adventure Fun Game,3.7,4.844187086458591,9.210440366976517,45.0,0.0,0,52,FAMILY,Everyone
WFLA News Channel 8 - Tampa FL,3.8,4.897839799950911,9.210440366976517,14.0,0.0,0,22,NEWS_AND_MAGAZINES,Everyone
Florida Beach Wallpapers HD,5.0,1.3862943611198906,4.61512051684126,12.0,0.0,0,953,TRAVEL_AND_LOCAL,Everyone
My MLS App,4.1,7.101675971619444,11.51293546492023,13.0,0.0,0,66,LIFESTYLE,Everyone
Employ Florida Mobile,2.9,4.584967478670572,9.210440366976517,9.9,0.0,0,57,BUSINESS,Everyone
PriorityONE Credit Union of Fl,4.7,5.187385805840755,6.90875477931522,12.0,0.0,0,58,FINANCE,Everyone
Florida Wildflowers,5.0,1.791759469228055,6.90875477931522,69.0,0.0,0,395,FAMILY,Everyone
Florida Blue,3.2,6.214608098422191,11.51293546492023,34.0,0.0,0,30,HEALTH_AND_FITNESS,Everyone
Florida Tech Mobile,3.8,4.477336814478207,8.517393171418904,5.4,0.0,0,695,FAMILY,Everyone
Florida Offline Road Map,3.8,4.976733742420574,9.210440366976517,8.7,0.0,0,1407,TRAVEL_AND_LOCAL,Everyone
Florida Map offline,4.6,2.1972245773362196,6.90875477931522,18.0,0.0,0,48,TRAVEL_AND_LOCAL,Everyone
"The Ledger - Lakeland, Florida",4.6,4.499809670330265,8.517393171418904,5.7,0.0,0,173,NEWS_AND_MAGAZINES,Everyone
FRONTLINE COMMANDO,4.4,14.116972746981746,16.118095750958314,12.0,0.0,0,1746,GAME,Teen
Gainesville Florida Police Department,4.8,1.6094379124341003,6.2166061010848646,15.0,0.0,0,260,LIFESTYLE,Everyone
Gainesville Bus Tracker,4.2,4.1588830833596715,9.210440366976517,1.6,0.0,0,1080,MAPS_AND_NAVIGATION,Everyone
Florida Today,3.3,5.313205979041787,9.210440366976517,38.0,0.0,0,50,NEWS_AND_MAGAZINES,Everyone 10+
Florida HSMV Driver License,3.9,2.70805020110221,6.90875477931522,11.0,0.0,0,1304,FAMILY,Everyone
WSVN - 7 News Miami,4.5,8.108021221376747,11.51293546492023,14.0,0.0,0,6,NEWS_AND_MAGAZINES,Everyone
WICShopper,3.9,8.014335737299424,13.122365377402328,,0.0,0,14,SHOPPING,Everyone
First Federal Bank of Florida,4.3,4.897839799950911,9.210440366976517,30.0,0.0,0,78,FINANCE,Everyone
South Florida MLS,4.4,4.897839799950911,9.210440366976517,13.0,0.0,0,68,LIFESTYLE,Everyone
Football Manager Mobile 2018,3.9,9.346705246496699,11.51293546492023,,8.99,1,43,SPORTS,Everyone
Podcast App: Free & Offline Podcasts by Player FM,4.6,11.103572810134871,13.815511557963774,19.0,0.0,0,15,NEWS_AND_MAGAZINES,Teen
Motorola FM Radio,3.9,10.911737401123846,18.420680753952364,,0.0,0,99,VIDEO_PLAYERS,Everyone
FN Cam,3.4,5.204006687076795,9.210440366976517,10.0,0.0,0,939,PHOTOGRAPHY,Everyone
How it Works: FN SCAR assault rifle,4.6,3.8066624897703196,9.210440366976517,45.0,0.0,0,212,FAMILY,Everyone
FutureNet your social app,4.2,7.646831391430482,11.51293546492023,7.0,0.0,0,154,SOCIAL,Teen
Ninja FN Button,4.8,2.5649493574615367,6.90875477931522,12.0,0.0,0,36,FAMILY,Teen
Wallpapers FN SCAR H,5.0,1.6094379124341003,4.61512051684126,9.2,0.0,0,119,PERSONALIZATION,Teen
FN,5.0,2.70805020110221,3.9318256327243257,3.3,0.0,0,189,BUSINESS,Everyone
F N Bail Bonds,3.8,1.6094379124341003,6.2166061010848646,14.0,0.0,0,580,LIFESTYLE,Everyone
SB · FN 1870 Mobile Banking,2.9,4.941642422609304,9.210440366976517,3.3,0.0,0,416,FINANCE,Everyone
PIP-Camera FN Photo Effect,4.6,2.1972245773362196,6.90875477931522,9.0,0.0,0,613,PHOTOGRAPHY,Everyone
Bullet - FN Theme,3.8,4.969813299576001,8.517393171418904,0.234375,0.0,0,1835,PERSONALIZATION,Everyone
Gun Builder ELITE,4.1,11.395739750881791,13.815511557963774,34.0,0.0,0,744,GAME,Teen
Magnum 3.0 Gun Custom SImulator,4.5,9.730086093116732,13.815511557963774,59.0,0.0,0,5,GAME,Teen
Circle Colors Pack-FN Theme,4.2,1.9459101490553132,3.9318256327243257,0.0869140625,0.99,1,1826,PERSONALIZATION,Everyone
Pint - FN Theme,2.5,1.9459101490553132,4.61512051684126,0.228515625,0.0,0,1825,PERSONALIZATION,Everyone
HAL-9000 - FN Theme,3.5,5.075173815233827,9.210440366976517,0.2509765625,0.0,0,1819,PERSONALIZATION,Everyone
Solitaire+,4.6,9.326878188224134,11.51293546492023,,2.99,1,10,GAME,Everyone
Fresh News,4.4,7.699842407396986,11.51293546492023,9.8,0.0,0,14,NEWS_AND_MAGAZINES,Everyone
Future Cloud,4.6,6.98100574072173,11.51293546492023,,0.0,0,199,PRODUCTIVITY,Everyone
Fruit Ninja Classic,4.3,11.355909016079918,13.815511557963774,36.0,0.99,1,62,GAME,Everyone
Hunting Safari 3D,4.2,10.496372311157678,15.424948670398354,20.0,0.0,0,201,SPORTS,Teen
Gun Club Armory,4.2,10.915361154304014,13.815511557963774,28.0,0.0,0,248,GAME,Teen
Ethical Hacking,4.1,4.859812404361672,9.210440366976517,3.2,0.0,0,31,FAMILY,Everyone
Armed Cam Gun Pack,4.2,6.920671504248683,9.210440366976517,50.0,0.0,0,1299,GAME,Teen
Zombie Defense,4.3,12.524704542594396,16.118095750958314,41.0,0.0,0,48,FAMILY,Teen
Fo File Manager,4.5,7.558516743045645,11.51293546492023,0.35546875,0.0,0,952,TOOLS,Everyone
Alarm.fo – choose your info,4.4,2.995732273553991,6.90875477931522,3.1,0.0,0,72,SOCIAL,Everyone
FO Bixby,5.0,1.791759469228055,4.61512051684126,0.8408203125,0.99,1,106,PERSONALIZATION,Everyone
Pin-fo,4.6,2.995732273553991,6.2166061010848646,1.6,0.0,0,724,FAMILY,Everyone
Mu.F.O.,5.0,1.0986122886681098,0.6931471805599453,16.0,0.99,1,524,GAME,Everyone
Fo Fo Fish,3.4,1.791759469228055,3.9318256327243257,21.0,0.0,0,1080,GAME,Everyone
Neon Blue Gaming Wallpaper&Theme fo Lenovo K8 Note,4.6,2.0794415416798357,6.2166061010848646,2.0,0.0,0,350,BUSINESS,Everyone
Photo Editor Collage Maker Pro,4.5,14.234005080062877,18.420680753952364,,0.0,0,189,PHOTOGRAPHY,Everyone
Stylish Fonts,3.8,11.939349394469605,16.118095750958314,4.3,0.0,0,2,PERSONALIZATION,Everyone
4x4 Jeep Racer,4.1,8.892886141190731,13.815511557963774,54.0,0.0,0,153,GAME,Everyone
Lalafo Pulsuz Elanlar,4.4,11.025051101121338,13.815511557963774,,0.0,0,1,SHOPPING,Everyone
My Earthquake Alerts - US & Worldwide Earthquakes,4.4,8.15248607578024,11.51293546492023,,0.0,0,16,WEATHER,Everyone
FunForMobile Ringtones & Chat,4.4,11.132528508684848,15.424948670398354,7.2,0.0,0,824,SOCIAL,Mature 17+
Free Slideshow Maker & Video Editor,4.2,11.998833200773257,16.118095750958314,11.0,0.0,0,4,PHOTOGRAPHY,Everyone
Frontline Terrorist Battle Shoot: Free FPS Shooter,4.2,9.125218118559348,13.815511557963774,49.0,0.0,0,48,GAME,Mature 17+
BankNordik,3.9,3.367295829986474,8.517393171418904,15.0,0.0,0,1,FINANCE,Everyone
Sona - Nær við allastaðni,4.2,3.4657359027997265,6.90875477931522,25.0,0.0,0,7,LIFESTYLE,Everyone
Firefox Focus: The privacy browser,4.4,10.518186586766932,13.815511557963774,4.0,0.0,0,34,COMMUNICATION,Everyone
Mad Dash Fo' Cash,5.0,2.70805020110221,4.61512051684126,16.0,0.0,0,416,GAME,Everyone
Launcher Theme for LG K10 2018,4.0,6.476972362889683,11.51293546492023,11.0,0.0,0,497,PERSONALIZATION,Everyone
Mobile Kick,4.3,11.624556281141414,16.118095750958314,40.0,0.0,0,183,SPORTS,Everyone
English To Shona Dictionary,4.6,4.110873864173311,9.210440366976517,3.7,0.0,0,760,BOOKS_AND_REFERENCE,Everyone
Posta App,3.6,2.1972245773362196,6.90875477931522,,0.0,0,316,MAPS_AND_NAVIGATION,Everyone
Thumbnail Maker,4.4,10.17553554720394,13.815511557963774,24.0,0.0,0,75,PHOTOGRAPHY,Everyone
Fon WiFi App – WiFi Connect,4.1,5.407171771460119,10.819798284210286,16.0,0.0,0,14,TOOLS,Everyone
MOD-MASTER for Minecraft PE (Pocket Edition) Free,4.2,12.513222730477317,16.118095750958314,8.1,0.0,0,7,TOOLS,Everyone
MX Player Codec (ARMv7),4.3,12.713143227944668,16.118095750958314,6.3,0.0,0,108,LIBRARIES_AND_DEMO,Everyone
FP Notebook,4.5,6.018593214496234,10.819798284210286,60.0,0.0,0,138,MEDICAL,Everyone
FeaturePoints: Free Gift Cards,3.9,11.706203446994694,15.424948670398354,46.0,0.0,0,656,FAMILY,Everyone
Draw with FP sDraw,4.3,8.092239406724211,11.51293546492023,0.4560546875,0.0,0,236,TOOLS,Everyone
FP Click sound changer,3.5,5.187385805840755,9.210440366976517,1.4,0.0,0,957,PERSONALIZATION,Everyone
FP Legacy,4.0,1.3862943611198906,6.90875477931522,44.0,0.0,0,38,MAPS_AND_NAVIGATION,Everyone
Race Manager FP,3.8,5.2832037287379885,8.517393171418904,11.0,0.0,0,1375,GAME,Everyone
FreedomPop Messaging Phone/SIM,3.6,9.199784858036667,13.122365377402328,39.0,0.0,0,14,COMMUNICATION,Everyone
PhotoFunia,4.3,12.664696140991522,16.118095750958314,4.4,0.0,0,432,PHOTOGRAPHY,Everyone
Fingerprint Quick Action,4.2,9.046055177668327,13.815511557963774,1.7,0.0,0,18,TOOLS,Everyone
GKPB FP Online Church,5.0,3.4965075614664802,6.90875477931522,7.9,0.0,0,221,LIFESTYLE,Everyone
FP BW LCD View,3.4,2.833213344056216,6.2166061010848646,1.2,0.0,0,861,FAMILY,Everyone
FP Charging Daydream,3.5,4.574710978503383,8.517393171418904,3.8,0.0,0,990,PERSONALIZATION,Everyone
FP Runner,3.7,3.6635616461296463,6.90875477931522,29.0,0.0,0,771,GAME,Everyone
Finger Scanner Gestures,4.2,7.836764783264067,11.51293546492023,3.3,0.0,0,375,TOOLS,Everyone
FP FCU,3.6,3.8918202981106265,8.517393171418904,26.0,0.0,0,126,FINANCE,Everyone
Slickdeals: Coupons & Shopping,4.5,10.422281345951296,13.815511557963774,12.0,0.0,0,10,SHOPPING,Everyone
SCM FPS Status,4.2,4.820281565605037,9.210440366976517,3.3,0.0,0,103,BUSINESS,Everyone
Hondata Mobile,4.3,5.814130531825066,9.210440366976517,0.66015625,0.0,0,716,MAPS_AND_NAVIGATION,Everyone
FreedomPop Friends for Free Data,4.4,4.07753744390572,8.517393171418904,2.5,0.0,0,16,TOOLS,Everyone
Fisher-Price® Smart Connect™,2.7,6.0473721790462776,10.819798284210286,72.0,0.0,0,167,TOOLS,Everyone
Fingerprint Lock Screen Prank,4.1,9.28609698437543,13.815511557963774,4.3,0.0,0,243,TOOLS,Everyone
Fast Tract Diet,4.4,3.58351893845611,6.90875477931522,2.4,7.99,1,1,HEALTH_AND_FITNESS,Everyone
FP Разбитый дисплей,4.5,6.827629234502852,10.819798284210286,0.5390625,0.0,0,1419,FAMILY,Everyone
Chat For Strangers - Video Chat,3.4,6.434546518787453,11.51293546492023,,0.0,0,78,SOCIAL,Mature 17+
FreedomPop Diagnostics,2.9,6.115892125483034,11.51293546492023,7.0,0.0,0,388,TOOLS,Everyone
NFP 2018,4.8,2.1972245773362196,6.2166061010848646,16.0,0.0,0,212,EVENTS,Everyone
Modern Counter Terrorist FPS Shoot,4.0,6.679599185844383,11.51293546492023,41.0,0.0,0,345,GAME,Teen
FQ METER,3.9,2.8903717578961645,6.90875477931522,2.4,0.0,0,473,PRODUCTIVITY,Everyone
Monster Ride Pro,5.0,0.6931471805599453,2.3978952727983707,24.0,0.0,0,157,GAME,Everyone
BEBONCOOL GAMEPAD V1.0,3.9,6.003887067106539,11.51293546492023,2.2,0.0,0,344,GAME,Everyone
Union League,4.0,6.84587987526405,9.210440366976517,38.0,0.0,0,62,FAMILY,Everyone
Fortune Quest: Savior,3.6,4.912654885736052,9.210440366976517,75.0,0.0,0,69,FAMILY,Everyone 10+
Modern Counter 3: FPS Multiplayers battlegro 3,4.1,2.8903717578961645,6.90875477931522,50.0,0.0,0,146,FAMILY,Everyone
Modern Strike Online,4.3,13.63413015814312,16.118095750958314,44.0,0.0,0,10,GAME,Teen
Trine 2: Complete Story,3.8,5.53338948872752,9.210440366976517,11.0,16.99,1,1259,GAME,Teen
Modern Counter Terror Attack – Shooting Game,4.2,5.831882477283517,10.819798284210286,72.0,0.0,0,286,GAME,Mature 17+
Big Hunter,4.3,12.410872984084556,16.118095750958314,84.0,0.0,0,70,GAME,Everyone 10+
"sugar, sugar",4.2,7.2485040723706105,9.210440366976517,9.5,1.2,1,65,FAMILY,Everyone
ChopAssistant,4.2,6.1224928095143865,10.819798284210286,2.8,0.0,0,527,TOOLS,Everyone
Modern Counter Global Strike 3D,4.1,5.697093486505405,10.819798284210286,48.0,0.0,0,134,GAME,Teen
Modern Counter Global Strike 3D V2,4.0,5.910796644040527,10.819798284210286,48.0,0.0,0,134,GAME,Everyone 10+
HipChat - beta version,4.1,6.943122422819428,10.819798284210286,20.0,0.0,0,2,COMMUNICATION,Everyone
Winter Wonderland,4.0,7.160845906664299,10.819798284210286,38.0,0.0,0,1695,GAME,Everyone
Soccer Clubs Logo Quiz,4.2,9.983314852395683,13.815511557963774,16.0,0.0,0,77,GAME,Everyone
Sid Story,4.4,10.258045256703726,13.122365377402328,78.0,0.0,0,8,GAME,Teen
Reindeer VPN - Proxy VPN,4.2,8.901094121608562,11.51293546492023,4.0,0.0,0,91,TOOLS,Everyone
Inf VPN - Global Proxy & Unlimited Free WIFI VPN,4.7,11.025914019303492,13.815511557963774,7.8,0.0,0,14,TOOLS,Everyone
Fuel Rewards® program,4.6,10.38696253427932,13.815511557963774,46.0,0.0,0,44,LIFESTYLE,Everyone
Fr Daoud Lamei,4.7,7.619233416226805,11.51293546492023,6.8,0.0,0,81,SOCIAL,Everyone
FR Roster,4.1,5.1647859739235145,8.517393171418904,12.0,0.0,0,10,TOOLS,Everyone
Fr Ignacio Outreach,4.9,3.970291913552122,6.90875477931522,19.0,0.0,0,202,FAMILY,Everyone
FR: My Famous Lover,4.0,5.225746673713202,9.210440366976517,28.0,0.0,0,1099,FAMILY,Teen
Fatal Raid - No.1 Mobile FPS,4.3,10.941942818379685,13.815511557963774,81.0,0.0,0,2,GAME,Teen
Poker Pro.Fr,4.2,8.6020856584342,11.51293546492023,17.0,0.0,0,79,GAME,Teen
Scoreboard FR,4.3,1.3862943611198906,4.61512051684126,15.0,0.0,0,2,LIFESTYLE,Everyone
Castle Clash: RPG War and Strategy FR,4.7,12.837939989667468,13.815511557963774,24.0,0.0,0,22,FAMILY,Everyone
Fr Lupupa Sermons,4.8,2.995732273553991,4.61512051684126,21.0,0.0,0,58,BUSINESS,Everyone
Fr Agnel Pune,4.1,4.394449154672439,6.90875477931522,13.0,0.0,0,57,FAMILY,Everyone
FR: My Secret Pets! ,4.0,6.666956792429207,10.819798284210286,31.0,0.0,0,1163,FAMILY,Teen
Golden Dictionary (FR-AR),4.2,8.661466680572662,13.122365377402328,4.9,0.0,0,21,BOOKS_AND_REFERENCE,Everyone
HTC Sense Input - FR,4.0,6.786716950605081,11.51293546492023,8.0,0.0,0,1014,TOOLS,Everyone
Fanfic-FR,3.3,3.970291913552122,8.517393171418904,3.6,0.0,0,369,BOOKS_AND_REFERENCE,Teen
Fr. Daoud Lamei,5.0,3.1354942159291497,6.90875477931522,8.6,0.0,0,43,FAMILY,Teen
Frim: get new friends on local chat rooms,4.0,11.39061092755087,15.424948670398354,,0.0,0,139,SOCIAL,Mature 17+
Fr Agnel Ambarnath,4.2,4.770684624465665,8.517393171418904,13.0,0.0,0,57,FAMILY,Everyone
Manga-FR - Anime Vostfr,3.4,5.676753802268282,9.210440366976517,13.0,0.0,0,451,COMICS,Everyone
Bulgarian French Dictionary Fr,4.6,6.403574197934815,9.210440366976517,7.4,0.0,0,781,BOOKS_AND_REFERENCE,Everyone
News Minecraft.fr,3.8,6.782192056006791,11.51293546492023,2.3,0.0,0,1662,NEWS_AND_MAGAZINES,Everyone
FR Tides,3.8,7.086737934510577,11.51293546492023,0.568359375,0.0,0,1635,WEATHER,Everyone
Chemin (fr),4.8,3.8066624897703196,6.90875477931522,0.6044921875,0.0,0,1600,BOOKS_AND_REFERENCE,Everyone
FR Calculator,4.0,2.0794415416798357,6.2166061010848646,2.6,0.0,0,417,FAMILY,Everyone
Sya9a Maroc - FR,4.5,3.6635616461296463,8.517393171418904,53.0,0.0,0,380,FAMILY,Everyone
Fr. Mike Schmitz Audio Teachings,5.0,1.6094379124341003,4.61512051684126,3.6,0.0,0,34,FAMILY,Everyone
The SCP Foundation DB fr nn5n,4.5,4.74493212836325,6.90875477931522,,0.0,0,1298,BOOKS_AND_REFERENCE,Mature 17+
iHoroscope - 2018 Daily Horoscope & Astrology,4.5,12.89498085433082,16.118095750958314,19.0,0.0,0,15,LIFESTYLE,Everyone
